4.175690702865878734e+00
9.195256046657219073e+00
5.584744157704927936e+00
2.458763239241605003e+00
1.152232265130447963e+00
3.564059358341999051e+00
6.350509678549673964e-01
1.714948609472274121e+00
5.583668241576554614e+00
3.274034483417969543e+00
4.507024650364091833e+00
2.177497952727558417e+00
5.945769927147749989e+00
3.642235657725002085e+01
5.255542155009298000e+00
3.109499611059237445e+00
5.576989613943928781e+00
7.846487592797305233e+00
5.756996082816426830e-01
3.902319588943256035e-01
1.521981537702669529e+00
1.454666863792087428e+00
3.402903715470235735e+00
9.496809337530986994e+00
9.706449008165874970e-01
2.053639879684848513e+00
6.906209251740132338e+00
7.287962971381572785e+00
4.396414534471531965e+00
2.860481405006800149e+00
2.863199385590506463e+00
1.801119576359615726e+00
2.382841941770156957e+00
7.577178646998010692e-01
7.476092567716410286e+00
6.383576805126970344e-01
4.043687771658110108e+01
3.618432102811536932e+00
2.422052462716781562e+01
3.236698436940633972e+00
1.353770884617069570e-01
6.089682686748102647e+00
4.092546220985523675e+00
2.185612593761220079e+00
7.638270589369285268e+00
4.693961688262034748e+00
4.085314407844228946e+00
2.164813938968759732e+00
1.718390768022752013e+01
6.343649871262268647e+01
1.560349386297100338e+01
1.254479352686765026e+01
4.149494415174125095e+00
3.209203846244434111e+00
2.635264175008135812e+00
7.939080845409876908e+00
1.041046679425222621e+01
2.835406681965372044e+00
5.213079029147481336e+00
3.640191168036501779e+00
2.515564623760523588e+00
1.047797856958039375e+01
2.748586305761163029e+00
3.477947138355834245e+00
1.029579331047138835e+00
1.462457980666004520e+00
3.820396234492404375e+01
3.683592638389880047e+00
1.304895736312354337e+00
5.581022419515575539e-01
1.348046886443719505e-01
2.119657341565807585e+01
6.907434256907379222e+00
3.018187551832232973e+00
1.319565843195984689e+00
2.005315146968707829e+00
3.189582131061958314e+00
1.319509741376936551e+00
3.215865741419177581e+00
2.055569772045640509e+00
4.249562520467767968e+01
5.621781972764502200e+00
1.789073012421647846e+00
1.678916389840322987e+00
5.433870805028316653e+00
1.358206610861926400e+01
6.109336292989961059e+00
5.346957000026869800e+00
4.378730661275712421e+00
1.275064251887652311e+01
1.776094885357449860e+00
2.139744906755888465e+00
1.573392667829545566e+00
6.478249940668419082e-01
6.027258726465331229e+00
2.264460097292256613e+00
2.023280985030448509e+00
6.665237142783031921e+00
1.299611301936257624e+00
1.445987386435386046e+00
6.137539005984028684e+00
4.793665387321409455e+00
7.191086192334512184e+00
3.987906389810474739e+00
3.358134155996642001e+00
1.544992191883900245e+00
5.701200568390373924e+00
1.774354214378063510e+00
1.718191320577579262e+01
1.810451838167350047e+01
5.182234081823064997e+00
2.123604352154876196e+00
1.459836514514915917e+00
9.807473819394385561e-01
2.069750352399795545e+00
7.476452734562072600e+00
3.689945425573035287e+00
1.799888873818760393e+00
3.099869288511578169e+00
3.097487511470879973e+00
1.869749654692845597e+00
3.711737781786776935e+00
2.365794371445470556e+00
5.612175095394769997e+00
3.936584912928353108e-01
1.608792655985494946e+01
5.307764179996648402e+00
2.846247888105017054e+00
3.879284207271329055e-01
3.768688630048448829e+01
2.304833363487946762e+00
2.517473657121921171e+00
1.534048789487077791e+01
2.144287253342680000e+00
6.018336451523786934e-01
4.837232426229888915e+00
3.160042331640517510e+00
8.027994103623921518e+00
7.727098553222182531e+00
3.183205124930919894e+00
5.862847315540968829e+00
1.435960295588409963e+01
5.295628965532425347e+00
9.002262924397092192e+00
3.369338271539630281e+00
2.953221843022654891e+00
1.222013390240682895e+00
3.551190572304780080e+00
1.480857836587811782e+00
1.912529138892841152e+00
2.436431637499111069e+00
1.068486410636540818e+01
1.331569215618240154e+00
2.473760770429985989e+00
3.844837750680843325e+00
1.993083112515924515e+00
2.382495443334991947e+01
2.663424998203018479e+00
4.214588994733711402e+00
2.747438657860722611e+00
1.864444409899483901e+00
1.154885536893032771e+01
2.771338049866277409e+00
1.233938649118611686e+01
4.312220176406111882e+00
5.799686739307670535e+00
6.120706537857307783e-01
5.149284037938014258e+00
9.454052881253932616e-01
3.075974882885988748e+00
1.398651387600565599e+01
3.453500042713548268e+00
4.117902496614617824e+00
2.463482909782041819e-01
4.506215406084311148e+00
1.763785913734347233e+00
1.504748173737653127e+00
3.156209771874792569e+00
1.844718581749451136e+00
2.145670621388197308e+00
5.258027725179021061e+00
3.451116614702967045e+00
6.486545935812195296e+00
5.038569600591334741e+00
4.376904665289962360e+00
7.628365927456202122e-01
5.713107511698099827e+00
2.941011680960690544e+00
4.554413251587959621e+00
5.206601488615124396e+01
1.751102713486240603e+01
1.012694898878568450e+00
4.376386037217249836e+00
2.100666802270238609e+00
3.723448087130096340e+00
2.025635019381472279e+00
9.948843101571259950e+00
2.106564580921965746e+00
8.458224352346038089e+00
1.137513544157380263e+00
3.467442114206877868e-01
1.862430425607690676e+00
4.294959536329114513e+01
5.753654117057045880e+00
5.038418404451806509e+01
3.118079914646898931e+00
2.198811815136279435e+00
1.249800781289217255e+01
6.174711225996227881e+01
2.797586940196999716e+00
1.883722601455569468e+00
6.487133915282555785e-01
4.401404948387660276e+00
3.227319228129905682e+00
6.271771563428415242e+00
6.942308664499310389e+00
4.731805631791895728e+00
7.385918791751711510e+00
7.577899599470162562e-01
2.517772892220950243e-01
2.893277449074178165e+00
3.854644215548304498e+00
5.153478460354303792e+00
2.366339122974765452e+00
9.165968521183742723e+00
2.566517470101160825e+00
5.773735237703615297e+00
2.416604161937712547e+00
3.751923087702139781e-01
3.027430833169557189e+00
5.636696100053218750e+00
1.937622986714408579e+00
1.670427255225092367e+01
3.759036252165006697e-01
8.169437267019000970e+00
1.176764955455761541e+00
1.618941865422081960e+00
4.773269354253322772e-01
2.122935981846889142e+00
2.639474518074028442e+00
6.788516455279695272e+00
5.300083160678248362e+00
3.404524238351583243e+00
1.656280515565759837e+00
6.514541644629949779e+00
2.801057752490921704e+00
3.162497842335432630e+00
2.566309694096124971e+00
1.192805090517440769e+00
4.493118051540646030e-01
8.216719549166050740e+00
3.103825139357298646e+00
2.854278213383775409e+00
7.084949022846658728e+00
1.449728171830463541e+00
2.224902915450305496e+00
1.464619881396974499e+01
4.299647660801728222e+00
4.403511036077902396e+00
1.742137451647536039e+01
3.341951062219497004e-01
3.494507473943389897e+00
5.977427992682298452e+01
2.551086736159287049e+00
4.336382532783150112e-01
3.429429093847445209e+00
7.825413241028174482e+00
1.673577590901910828e+00
3.342970566520528930e+00
1.437392849340298540e+01
1.072936834108275228e+00
2.158195023333030704e+01
2.319601284845068889e+00
6.802275241294044861e+01
2.987560581860098985e+00
5.013811587266908454e+00
1.838987010984264359e+01
1.581701097396333111e+01
1.973509577679504190e+00
2.743204825224924548e+01
4.853564928500075926e-01
2.116533375049537646e+00
6.566029920469990344e+00
1.763739035605968564e+00
2.776835235659392609e+01
1.494827133481916537e+00
5.500997999484270373e+00
1.827172805087795560e-01
3.903354654829499726e+00
1.385030487274249156e+00
1.784339993782122713e+00
1.679741403401981970e+00
4.526488992586315541e-01
9.539363418518814086e+00
6.138946935799052262e-01
1.877372847030396585e-01
4.593386727118351498e-01
9.198474245297132867e+00
4.659560663377978251e+00
2.602507749098995404e+01
1.409561936396653259e+01
1.190835292758826824e+00
3.286457726653879252e+00
9.389456055131038426e+00
1.369928509806965122e+00
1.466202718761739909e+00
4.345243315667267403e+00
2.538940929802807389e+00
5.455627838905873439e+00
6.750586305954267452e+00
9.312774676299055976e-01
5.918599580916855452e+00
6.969005768913475229e+00
2.455487355195539845e+00
1.350351766608723914e+00
3.326750164642794161e+00
5.796866772433764581e+00
1.664986051857169747e+00
2.393239637276971621e+01
4.683658763739340536e+00
1.152850387098767859e+00
1.990856314323527387e+00
7.206946767603983339e+00
7.951871261116858491e-01
3.790041112945109258e+00
4.521656518847379402e+00
1.261294339947411025e+00
3.657856153830658208e+00
3.634334243417581156e+00
6.087089466283421846e-01
2.048551273627674085e+00
3.463617030842183642e+00
6.093185666919798127e-01
2.037554428601483725e+00
2.529632500469084277e+00
1.063009231622387141e+00
8.499202588878315145e-01
3.349187865522400998e+00
4.414053700203404595e+00
2.048868660543903264e+00
6.554207587911991872e+00
3.730157523146010234e+00
4.451132697014518413e+00
8.877797014795232311e-01
1.415811485842042305e-01
1.950534713035604550e+00
1.334296258822913650e+01
1.015773259422452224e+00
1.634652559177636988e+01
7.069635344222324314e+00
7.649509124143526684e+00
3.113864125378825509e+00
2.304128103058712185e+00
5.440781771622941854e+00
4.507655870802937947e-01
8.269525326407783927e-01
2.335339262946859673e+00
1.250292866424485005e-01
5.267969993813294005e-01
1.452717152175955428e+00
1.173492855536993007e+00
7.311236971990742184e+00
2.778218959495847518e+00
3.433084901788444387e+00
6.294942091022255326e+00
2.761982630004396810e+00
4.011950682092467524e+00
4.876564927657680570e+00
2.192723455505029229e+00
6.151923209729527331e-01
4.500390219632976141e+00
1.177884886828887545e+01
8.982166746342798547e+01
2.153250154492524437e+00
1.474738471873144219e+00
5.533358268104355382e+00
2.392543681887859375e+00
3.903450202017979098e+00
2.813987049269166096e+00
6.248004122633400215e+00
9.039461754822518680e-01
6.312070679165604936e+00
8.610997657474332101e+00
6.361486674699631472e+00
2.603658371622044498e+00
2.324132767412034450e+00
9.548737690294081260e-01
2.692251571372392149e+01
6.165410001950508700e-01
3.376079558549452742e+00
8.268505703021354236e+00
2.730772506783311071e-01
6.275419923516751819e-01
2.474689196505680755e+00
3.988543436875799930e+00
2.039375299898279437e+01
2.858140707113845380e+00
3.753540062187543658e-01
2.564493383482948641e-01
6.235934313175403254e+00
3.911295165499960813e+00
1.459835188496693137e+00
4.378669067420311478e+00
4.157733040002837832e+00
4.480134279553666943e+00
2.420066424283399353e+00
1.917097474846865213e+00
7.166375406903012113e+00
2.785169506876877588e+00
2.662790190100510213e+00
1.887685327755583131e+01
1.721675033575949532e-01
1.730328967236836490e+00
4.002824779874185168e+00
3.461629813268693567e+00
3.418735689734152317e+00
1.044382830810517193e+00
8.248131356506242184e+00
2.381932057175059292e+00
3.082566175380438089e+00
2.055850571457094933e+00
1.940116435648336468e+00
4.035809552671324241e+00
2.336259088920749516e+00
3.279696704019666509e+00
1.771118367092154200e+00
1.914896694761339668e-01
1.489171249489968707e+00
4.666287957651369389e+00
8.470083731113192016e+00
3.036685075802109335e+00
4.536146854862904476e+00
3.907526703567201665e+00
2.627130063789112402e+00
5.375403324295634500e-01
2.107792086757204864e+00
4.341095347629403634e+00
4.937212345043066719e+00
2.841858833740446233e+00
6.464320552499308592e-01
3.438032685103619812e+00
2.239808993403756610e+00
2.307572836793478466e+00
3.957162829250354452e+00
8.752911499534514306e+00
4.960888476218739385e+01
1.774462036320319669e+01
3.989257218909833647e+00
1.206913902312933118e+01
3.970212065775066801e+00
2.986896278839981544e+00
6.205696343355264766e+00
1.788494353862693176e+00
4.830354482229419766e+00
4.749389291445091033e+01
5.076612691629102336e+00
5.126985763320382361e+00
5.059741879902589723e+00
1.380999432895397838e+00
1.544064115306359675e+00
1.016668685042942943e+00
2.567928631482682134e-01
3.122881108651249793e+00
2.214166362446053693e+00
2.716759998950606381e+00
8.155217519057046616e+00
8.773935687073430856e+00
1.342482297861594454e+00
1.091432570493209830e+01
8.269825828708722781e+01
3.007428500882709077e+00
1.691108971043158604e+01
2.489701664071355403e+00
3.297970553799681070e+00
2.511007840072656094e+00
7.238759144529578471e+00
5.475374076906616594e+00
1.874633270653635719e+00
4.362744647374967144e+00
1.683882873400731617e+00
1.200954330273467541e+01
3.505439297522275344e-01
5.099732757577284836e+00
2.417492456815673485e+00
2.019861741248394349e+00
1.254950324316849608e+00
6.125821900994334435e+00
6.484963644258775695e+00
1.682685477075174907e+00
1.374552781511957100e+01
9.247368200402785732e+00
5.386478591139087779e-01
1.660453534370979867e+01
2.551545507941871183e+00
3.352982861846314222e+01
1.211044159822799671e+01
3.525512863353525983e+00
6.204622977092252967e+00
4.988283532183049318e-01
2.159408960394137988e+00
1.289854039578201307e-02
2.052756039067659355e+00
1.685870084071886765e+01
2.261219642336604885e+00
2.803657083877009626e+00
7.708976106031135700e-01
1.327044120520631365e+00
1.432151348402035396e+00
6.455940103273101727e+01
5.302894339423341874e-01
8.043826095734022630e+00
3.564613903383077265e+00
1.694642456537468256e+00
1.289674500384350164e+00
1.961677632217956324e+00
1.311447273262467839e+01
1.793370298386102180e+00
2.387242150370863847e+00
3.914850713370323643e+00
2.553352183491157223e+00
7.562298613133693337e+00
2.576875579541410222e+00
3.395297429522669663e+00
1.024511537821888973e+00
1.124264824161497867e+00
1.682189800042809580e+01
3.527904314607288594e+00
1.064454221048402083e+01
8.428982925989175756e-01
1.907317939581130384e+00
5.297727952932967277e+00
2.710467907890381944e+00
1.696101025185685884e+01
1.119015089064484059e+01
1.524579812304780901e+00
6.317012543912320588e+00
9.468487617902837883e+00
3.623113544440142775e+00
1.429316943128302375e+00
4.641848778357548611e+00
7.973232041505281531e-01
2.075554035862912095e+00
4.660696668459912928e+00
1.133282560154825536e+00
8.302954561040509773e+00
5.611911806439896289e+00
8.208564601896193302e-01
6.428698404190297033e+00
4.616505917284331240e+00
2.607091679065237422e+00
1.895316507832236042e+00
3.665989497356094251e+00
1.190682446867738520e+01
5.851656822211286801e+00
3.702703973056316045e+00
9.369535899612666086e+00
8.099247294330119473e+00
6.471913879209564513e+00
2.071023259069038147e+01
1.773751240170100774e+00
2.470123299079807211e+00
2.999077413594177788e+00
7.267018762231045592e+00
9.376763121881004359e-01
2.700655523439844607e+00
5.701830302255858740e+00
4.600458646151740716e+00
7.583583020367186123e-01
1.223919644344883118e+01
4.268209188075018368e+00
2.216160336513022244e+00
1.186144458800072021e+00
1.951794605167469721e+00
4.715012998014774581e+00
5.267356890040003847e+00
1.594898063895897611e+00
6.925395380345936935e+00
2.272410048201537691e+00
1.723383842230419916e+01
6.255865658210372438e+00
5.194172835972409530e+00
4.171529164281171376e+00
1.013251985805894684e+01
1.002879899057527585e-01
4.839608416793971912e+00
3.383713916861895488e+00
3.235417541545147824e+00
2.665578134781832809e+00
2.330647057089283880e+00
4.637779919799983830e+00
3.551510294016576363e+00
1.129317058789353623e-01
1.606846626712296722e+00
1.345651108464127166e+00
2.745013105868296943e+00
3.738814174903798460e+01
7.538545582069940965e-01
4.751007207908564567e+00
1.585387970559607673e+01
5.273465830965121448e+00
8.998775608676486959e-01
6.413993870857671586e-01
8.245443042388393984e-01
3.331456901995590414e+00
1.798850772246523233e+00
2.627089204823534807e+00
2.212583370940981009e+00
3.014855853540061581e+00
2.758801341221555958e+00
1.357849545114585332e+00
3.343958558393376190e+00
5.770464180959284484e+00
1.483640522986756238e+01
2.521117758746101334e+00
2.138736457319754702e+00
3.560022238229631153e+00
2.184563363825092974e+00
3.267792531372428311e+00
1.883146377333605459e+00
5.580915023158478760e+00
3.879806214640817874e+00
3.914526902319007018e+00
1.213459572120327401e+00
3.197946867003666149e+00
1.753136064189962795e+01
5.869299928069162675e+00
4.542265849619605333e+00
5.422244912973146924e+00
2.009595709549315767e+00
1.589391900728655038e+01
8.104006840322956151e+00
1.000685217374483926e+01
1.464818550518294016e+00
1.481357906233289334e+01
2.148244879175642108e+00
2.962754489043431860e+01
2.666296358851298010e+00
2.726452981611587667e+00
1.738564999473584338e+00
1.352645698764857185e+00
2.475167194583225871e+00
2.202113697775940793e+00
2.310140579020153240e+01
2.977231343697831711e+00
1.255523113409696734e+01
6.101744936727231838e+00
3.413623127881240560e+00
4.678990688671029297e+00
4.314871014597422061e+00
3.436668295016933161e+00
3.271140477996076878e+00
1.210928798021622121e+00
5.144466794202694260e+00
3.421318475891444777e+00
3.849447883307678953e-01
2.874408628767396934e+01
4.821354241805098972e+00
1.536622630893059727e+00
1.165088219097849764e+00
5.353618784335619551e+00
1.307051859012658301e+00
5.440664278415693333e-01
6.277769268369100431e+00
1.027190955299356467e+01
1.513036827722658240e+00
1.862043373974483274e+00
2.611086046398646943e+00
4.390204912993517894e+00
4.664505218171622225e+00
2.527651903050798676e+00
7.708027179385587013e-01
4.151145528753428793e-01
6.600916033191141175e+00
1.732814737814627248e+00
2.024787086537446434e+00
3.320035722479317553e+00
1.316634561486100807e+00
2.720128521799272558e+00
1.123528086850319241e+00
9.153785479933382874e-01
1.224133871194660994e+00
5.465886488141751265e+00
2.324959754384784194e+00
2.411226859342190387e-01
2.163598414925993474e+00
1.132823354105180336e+01
2.415294367949400112e+00
2.092463214068430943e+00
1.090776426868748761e+00
9.340900824266169522e-01
1.546144020281124654e+01
1.213865086645690150e+00
1.459834808421455854e+00
1.487182644099486239e+01
1.386037284521735247e+00
5.534505791274518138e+00
5.039095923966911972e-01
1.024493928025497214e+00
4.355596454111109850e+00
8.864759921782061625e+00
5.466802018287945764e+00
2.724327355225011793e+00
2.949566876122382553e+00
1.656256815590454901e+00
7.207694550889190310e+00
2.442098871991062570e+00
3.427190517796371072e+00
1.461223015913720946e+00
2.932635727930602343e+00
2.360451181358193651e+00
6.469690063710940464e+00
2.808317154167485619e-01
4.683321729503904685e+00
1.214136956425067915e+00
3.463276848896407412e+00
1.268677231613845358e+01
9.205322730084686267e-01
1.845833986794408910e+00
5.400643740615040045e+00
2.668423362510263352e+00
1.101362349913362015e+00
7.887686620465754572e+01
1.416945080728275563e+01
1.605806689620394412e+00
3.632483594791147574e+00
1.706401284637008686e+01
3.832349510229730694e+00
6.217925463896015970e+00
1.009141944977902128e+01
6.521088235582376491e+00
1.435630409595786716e+01
3.129644477206666497e+00
9.391079421532871896e-01
4.144123615338682343e-01
6.208433381873998513e+00
5.016665813818709019e+00
5.397462827515400186e-01
2.959789761772131378e+00
2.993182894570753039e+00
6.070001838718844134e+00
1.049161252174179992e+00
6.566162146345667416e+00
5.157003527993087033e+00
2.880460830694481444e+00
3.478104066723826993e+00
1.348049626026853520e+00
4.213661815122346499e-01
2.450452155244960739e+00
2.016602870845397355e+00
1.261708362423813012e+00
8.862174313083773569e+00
1.173899482914864834e+01
2.978746159894726908e+00
2.619906901012268818e+01
1.988652297892992582e+00
2.286668022175201376e+00
3.943119957277637422e+00
1.916866254097961964e-01
4.418584991280648522e-01
7.967423948675940615e+00
6.549042549881647801e+00
4.511714157705144501e-01
2.837731165732157557e+00
8.393707113683165133e+00
3.712637567382599002e+01
3.649668054315282628e+00
1.261011449801708872e+00
3.872935898584293657e+00
7.528202913703014865e-01
4.640648913894926508e+00
3.062950850618389786e+00
6.269272946857123996e-01
5.567732484203202858e+01
2.576478027657364667e+00
5.243471054685181265e+00
2.549221098427643994e+00
2.184046286947114002e+00
4.275549349213257244e+00
3.625907399513037976e+00
1.697568181496627693e+00
4.168012150549188499e-01
3.090350364869986599e+00
1.204778625148870752e+01
1.723861636639718808e+00
2.709180007646901367e-01
2.822672493938471749e+00
2.463417868655667586e+00
5.446261056964742941e-01
7.874342266345152552e+00
6.101199124991367739e+00
4.204683869616510639e-01
2.984442951896662422e+01
4.889643065411850564e+00
6.740180041890655893e+00
2.293537880837537291e+00
1.614270277595749148e+00
1.751796927313979957e+00
7.892747068242563557e+01
4.348932812333228703e+00
3.007244262746463548e+01
1.426803339590707598e+00
4.235389408123600319e+00
1.364733957911606010e+00
7.194519619582529835e+00
6.054809107015323155e-01
5.603512623005241444e+00
5.252939803235219252e+00
4.629629394123224984e+01
2.854252989027453680e+01
2.661066667715797696e+00
2.311391036016408496e+00
5.547967717694356260e+00
7.638905499173239688e-01
4.880184770140010286e+00
4.412693672465449524e+00
3.858149937015993736e+00
8.850703546796580667e+01
2.199623363520435138e-01
4.205541226314457148e+00
3.230229627645953006e+00
1.660228709489218080e+00
2.286632102585283377e+00
2.348889952422137828e+00
3.012750280211732967e+00
4.288974442226439976e+00
3.077895844889036447e-01
2.314653867340059890e+01
2.256108354463460142e+00
1.649526150308682437e+00
2.002062620352803890e+01
2.328730150820008227e+00
3.851817117847425465e+01
8.448744471818121937e+00
6.536478775623749016e+00
1.557592255287364935e+01
2.033796191405823350e+00
1.338319947871024818e+00
6.280892530922823624e+00
4.360215439205858523e+00
1.717621051205327154e+00
7.693035280109141638e+01
1.571659281588540624e+00
3.894870792790249059e+00
1.785835460563407251e+00
1.428613288363491218e+00
6.801039927711092226e-01
1.213033941648113956e+00
4.251210494828842279e+00
6.973944707026650258e-01
2.343778901670089621e+00
3.247528086984798446e+00
3.062784580098631082e+00
1.796856274757538952e+00
1.864370722063499186e-01
1.413164229766660451e+00
2.323624539653447396e+00
6.437954551533480618e+00
3.108248392377961622e+01
2.069027870995766794e+00
3.910249047318878346e-01
7.354279080523915546e+00
7.913552283380301589e+00
9.100629335591995384e-01
9.296041347678112743e+00
3.859730739414472644e+00
4.101038033357278678e+00
1.282640008247470265e+00
7.969164310596272838e-01
2.623399761204874991e+01
7.710724578207721436e+01
7.667397273947387237e-01
4.260458872219347271e+00
1.411109464797694102e+01
3.274934400939554457e+00
7.089287284562159641e+01
8.388853374538802754e+00
4.658692144000583291e+00
5.437910219654562560e+00
3.502490185788377453e+00
5.266079465259386971e+00
2.598855593090252825e+00
2.649752975495586416e+00
5.638524457572144044e+00
1.073058262087406289e+00
5.660267030156098222e+00
6.192495843010249468e-01
2.510386858364405338e+00
5.063041477652875599e+00
5.307283480160623901e-01
2.884282478798835259e-01
5.293947335616420169e+00
8.994797533881376816e-01
3.914067827955456380e+00
1.906062637820526318e+00
1.805492732058974203e+00
1.359566028322541476e+00
2.871277129104147363e+01
4.285217486365958450e+00
1.585821847335409318e+00
8.762932662963686115e-01
2.386956167972173748e-01
3.159263989750609625e+00
5.752714020036870046e+00
5.631391007272266158e+00
9.777414461066596729e+00
7.585206834434457868e+00
1.594474786476656858e+00
1.976880444011788640e+01
3.975902154762591678e+00
4.552032446686045120e+00
2.433933841261396669e+00
1.036444724536596773e+01
3.095915439185159546e+00
1.689913488837167188e+00
6.464720493837207371e+00
1.635020217562917377e+00
1.263823260108962820e+01
5.310228655939656095e-01
7.824910661522342537e+01
1.328360798074546434e+00
2.513734795331884708e+00
1.352924595292052778e+00
1.392929264148614177e+00
8.685647809528092012e+00
1.254937217940977678e+00
1.655909512657881333e+00
1.214468609101513108e+00
1.206168176926071212e+01
2.852238583771492308e+00
1.880278706481974815e+00
1.552914634676929584e+00
5.693640739330502187e-01
4.988291935249897335e+00
6.230899906853388792e+00
4.368283526034339559e+00
3.843586730558409936e+00
3.723500983023653177e-01
2.315656382110851397e-01
3.035016152382647991e-01
2.077575008958408187e+00
2.218773178626372911e+00
8.913101920247926557e+01
5.150244575160507488e+00
6.678130126536482969e+00
7.471473842332910786e-01
1.791223622195737875e+01
5.053152176405634854e+00
1.131843312472768703e+00
1.601388945992908708e+00
5.651807261258027237e-01
7.847986138929806677e-01
3.143427384598905139e+00
4.760669312808808229e+00
8.646102434654567404e+00
9.291917799634422437e+00
5.468735364360053808e+00
1.509548693429755239e+01
2.018469286095942561e+00
9.915010781811002261e+00
4.691319742333917575e-01
1.788077151736195525e+00
3.340305606888769763e+00
4.203294930926152473e-01
8.199815271330925803e-01
2.184952289039274742e+00
4.552024275880193649e+00
2.654749551219343306e+00
2.587868711177232495e+00
7.959426032560239506e+00
3.382485991143012516e+00
2.650868405650783188e+01
1.133271322575724049e+00
4.032879692526432969e+00
7.127653596375607137e-01
3.153015464076359908e+00
2.456801045929965177e+00
1.416157527764745128e+00
7.145360487905992875e-01
1.019745980060586277e+01
4.701283868955902001e+00
9.936763680128313236e-01
3.414576201342785833e+00
4.056091568228755939e+00
2.178216261248257624e+00
7.610206754222679226e-01
8.164051097328026696e-01
1.201690922643899917e+01
1.485289510732645812e+00
1.039337378703721004e+00
4.577642355838876576e+00
3.169546149169583060e+01
1.780465353358593905e+00
1.237080215490163226e+00
1.234032312530046083e+00
1.281704233406869120e+00
7.028970579687566778e-01
5.729879797150202458e-01
1.310841980446089794e+00
4.776676705529769862e+00
1.131097372968685200e+01
7.396988476573969074e-01
6.373092456676973327e+00
8.691271561961947612e+00
8.871642787855029688e-01
1.170812249574216368e+00
1.453125379334565981e+00
2.018545834330564226e+00
3.059755951579654631e+00
3.347974778311106903e+00
1.621593416426834722e+01
9.593698876289279420e-01
5.428949247948906098e+00
5.673391638988604768e+00
4.027603308195688570e+00
1.209820575993780123e+00
4.373021544393441928e+00
3.909519931101385737e+00
3.917684246045403995e+00
6.575468333302016077e+00
1.757607739576511063e+00
1.744970178681426276e+01
3.218206131855601893e+00
8.536425969130437608e+00
2.539317169301003041e+00
2.270569444588769770e+01
6.516699786650718140e-01
2.825250153895986660e+00
5.170756636587755750e+00
6.697574979355298552e+00
3.227686252132213163e+00
4.816546746923287436e+00
5.477488609800447605e+00
5.602210431015194558e+00
9.741764942170538788e+00
3.020091645552245740e+00
9.645622136960714244e-01
1.277341107939785614e+00
3.241658809176522382e+00
7.074692868768447385e-01
2.225481441265759475e-01
5.927519868183852125e+00
1.939557923142096740e+00
7.307642152762061194e+00
2.340811624850319461e+01
7.896969134746956342e+01
4.896002621063730231e+01
1.870173321527547827e+01
4.282755260487363991e+00
8.135238251859605585e-02
2.413962765347025030e+00
6.854159486322851436e+00
4.000426043473955140e+00
1.250361788563320697e+00
1.700456602565339592e+00
4.196964703579242340e+00
8.325350334765152516e-01
7.317617996940066760e+00
1.628414533182172974e+01
2.979878195169718968e-01
9.358963612822377431e-01
6.858748725351957454e-01
1.872067692682268802e+00
1.031107169926406497e+00
4.445634653573211637e+00
6.532248961704348744e+01
2.661942674019264654e+00
5.541475195849041135e+00
5.699768834334840051e+01
2.796073074768551159e+00
2.175612781326141842e+01
1.303485230148981211e+00
3.138993581793994458e+00
1.517688762891835630e+00
1.478391390358777313e+00
3.737119140793222716e+00
1.640186937151597801e+00
6.154508165979613921e+00
1.600619346993813474e+00
4.085758655228346470e+00
1.614298418991328887e+01
6.314819715017830903e-01
1.700507052691964915e+01
1.790290988153681084e+01
2.058801425149960895e+00
4.688549417795760954e-01
2.120336370627349254e+00
2.218588484032520292e+00
3.444291831388355707e+00
4.027990352838357602e+00
1.622163327460508242e+01
3.351498656409375165e+00
5.701170186697309461e+00
6.920773083758393618e+00
3.866035796611193565e+00
1.280728538984122311e+00
2.002866307948270475e+00
5.217299573481412267e+01
7.888888335504047333e+00
1.188291170018485277e+00
8.680208815716312643e+00
5.144549871655668127e+00
3.025572596705349948e+00
3.509471565121093484e+00
5.379952115870434426e+00
6.955987832215257960e-01
9.495658301372968069e+00
4.547826958913657736e-01
5.702253810687380131e+00
5.559881605114632031e+00
3.109794614770767573e+00
7.840719832944310852e+00
6.409372615453311495e-01
3.392035524867066165e+00
7.346828560555057841e+00
9.305590369805674555e+00
3.771300116751909570e+01
5.511414899564996972e+00
6.081740462768523869e+00
8.519824506697858402e-01
3.596026490287584476e+00
1.340967529412251302e+01
1.237184292829577092e+00
1.993904624749402554e+00
4.635396865432436231e-01
4.681810902188536794e+00
1.440326875179171351e+00
2.616813382711275615e+00
4.303137206094645784e+00
7.649625949107885958e+01
1.732890992817083387e+01
1.562453802658579693e+00
4.199784120161483614e+00
1.672577104496799860e+00
6.127905020637931521e+00
8.962461351220479600e+00
5.159284056098266014e+00
1.465520290923828206e+01
6.098835418562091881e+00
4.224972135122428796e+01
8.092747205333814975e+01
7.978166135165192685e+00
1.159931172977158909e+01
2.244706652946239611e+00
2.163300379933605466e+00
1.123305358942183307e+00
8.422587242835464227e-01
3.289848939519610216e+00
2.906075665897063676e+00
3.977793602966755326e+00
3.894406985616265970e+00
4.625183718172111824e+00
2.025313980815972315e+01
4.913265661252564698e+00
3.182442540884834248e+00
2.788896206210000006e+00
8.936336445819913266e+00
3.022773238383987149e+00
5.262247361459667871e+00
6.148227815923981154e+00
4.036090392826540807e+00
3.589395977954284778e+00
3.699428207828867698e+01
6.179391594640967433e+00
9.576580013835622740e-01
7.654071224144548546e-01
1.347082684920228424e+00
3.572930304200052198e+00
9.262384528947331663e-01
6.526186876528073277e+00
1.011451215538185622e+01
2.952551432763911521e+00
5.966624299501657624e+00
6.200829790981837730e-01
1.973025565885540011e+00
5.994094561769927054e+00
2.733753609636093707e+00
2.219701866531544709e+01
6.336391049580362811e+00
1.082091835692123860e+00
1.831561930912976477e+00
1.726977149044099846e+01
1.629875527414055281e+00
8.792193578384588193e+01
9.829977770335429632e-01
7.693701707550473223e-01
2.062111242928342580e+00
3.865243728717908667e+00
1.180496951117659288e+00
1.292674266870691646e+00
1.807681277787369922e-01
3.401745851912434948e-01
1.258895329981615907e+00
7.700596843164212224e+00
1.316393462272768211e+01
4.980685924545396936e+00
9.565934181864014008e+00
2.270844388031130201e+00
1.265925992173339565e-01
2.093487620325053644e+00
5.324438855409536764e+00
6.297772651716422310e+00
1.587155988885720603e+01
2.472440456086970784e+01
1.014621536624270348e+00
1.451043171480830729e+00
2.325629469445797126e-01
9.783036200799020143e-01
1.229291985425406786e+01
5.843867119903712215e+00
7.564282577876657587e-01
5.752233193812596568e+00
6.297909495454521611e+00
2.756827206777505701e+00
3.518060814484894827e+00
5.968040451366720234e+00
9.203253219677563379e+00
3.240058784629057609e+00
5.953619049516332140e+00
9.829380235402172872e+00
6.296232444595768385e+01
2.484038068479015759e+00
2.382932047717668311e+00
1.507594695348775815e+01
2.190595363451492972e+00
1.760184527442937519e+00
8.366842681315837638e+00
1.614294145887396725e+00
3.308226490914272677e+00
2.854876233377380501e+00
1.911497629105669782e+00
6.871037909724723391e+00
8.438782652038362420e-01
3.377074828218113822e+01
1.336744445030095640e+01
2.912245395742691034e+00
2.636468534060416147e+00
4.830250174456283574e+00
1.542594520156130145e+01
1.032604242391677696e+00
1.419820787343528901e+00
2.176350277202523387e+00
1.525869808928161930e+00
1.489798650391603640e+00
5.723613833211539381e-01
4.210728855366771661e+00
1.744817841627141153e+00
8.284302510403408704e+00
1.151296910765118753e+01
1.743758837408282636e+00
2.423837925186041464e-01
1.524380542639012237e+00
4.519997201250116170e+00
1.998840785157846023e+00
2.839744499714176751e+00
1.358356093753075555e+01
3.017148101705890095e+00
4.793280011614159619e+00
1.618503831983504426e+01
8.967243684879944610e+00
4.266382095511043815e+01
1.552885569734595794e+00
4.382538441651850358e-01
7.626115319574031659e+00
1.051879149842641503e+01
2.142608053787829370e+00
2.639492073115912607e+00
1.547345522922291439e+00
9.744522534198323260e-01
1.546426817683057342e+00
1.800060413841839679e+00
2.146976068633855927e+00
8.861952194326185861e+00
3.592181813241896560e+00
1.143270920576110017e+00
1.494656534652721724e+01
2.438838096430875346e+00
4.311071839072792677e+00
2.834213148206569333e+00
2.128955523197697541e+00
6.952075306596438686e+00
8.232282655516589998e+00
1.852404335687505510e+00
2.851825762569153877e+00
2.955005845294761624e+00
3.591981455908627385e+00
4.726252409280055744e+00
3.599756331367590434e+01
1.359547950654942161e+00
1.097918756737633750e+01
1.212805266231906742e+01
1.354396764593950309e+00
4.122018787833662823e-01
1.464708842534612865e+00
6.239205081616931992e+00
2.083457621818959105e+00
1.190900181120978230e-01
2.645686468879261710e+01
2.057669713211053875e+01
1.271797601076861906e+00
1.232089912800814480e+00
5.995814542203924624e+00
8.597777747268360304e-01
2.045350083624291326e-01
1.183788607010693461e+01
6.361608517958928788e-01
2.632966884303886701e+00
3.893036242796640067e+01
1.125344440129151469e+00
8.150594027293600607e-01
1.481151578186120865e+00
8.025614343024267683e-01
1.758352097440635253e+00
3.340548503270067915e+00
4.313404181879236887e+01
1.291885453840525555e+00
1.649189916439143744e+01
1.379560661767066065e+01
1.066017610509236135e+01
6.965520548866728223e-01
2.783215579039175935e+01
1.006924860834071067e+00
3.500566655282373318e-01
1.218575714941561028e+00
1.687422725897696818e+00
1.072864338250438143e+00
2.024874637066350846e+00
3.993946460076799987e+00
4.483388559589847056e+00
1.080938190873096394e+00
2.004024888640648649e-01
3.117127592038118955e+00
3.369171120705863665e+00
7.789544194779069564e+00
4.769242344077571261e+01
1.062109977010374529e+01
2.341074853781610177e+00
3.300997658075710994e+00
6.296127606462805559e+00
6.497623101468745332e+00
9.630523880469368692e+00
5.126915640519028372e+00
1.419091531385255855e+01
2.271688655747073682e+01
6.999737459928985217e+00
3.780551515739524859e+00
1.504018807017192039e+00
1.067470153955373569e+01
6.684231642758581060e+00
5.094714138091053002e+00
1.048454585553735541e+01
1.906482864552455636e+00
3.275192031386894964e+00
3.834181738270094453e+00
1.649236718404990398e+01
1.707344411824060604e+00
3.629291551957292139e+00
3.344029781871533658e+01
1.296328888956810843e+01
6.981347090569072211e-01
1.516965360964044995e+00
6.240185705473665578e+00
1.236807740379669340e+01
6.413900243764545905e+01
7.236874416144392086e+00
5.020242811114955517e-01
3.378299171668437850e+00
7.807755806089564210e+00
1.183867674999674335e+01
6.143331367712835345e+01
1.639425444025068623e+00
1.298964943797985327e+01
3.054353325000078279e+00
2.245571441979257177e+00
9.600764104824506262e+00
2.931229556060567631e+01
4.783957444591532493e+00
2.293045578225290626e+01
1.530071680442996573e+00
1.800452080030806457e+01
1.550320016916173715e+00
3.011897440890753685e+01
4.551396140056025885e+00
1.759497329023399281e+00
2.408834278244441851e+00
1.828935303863604922e+00
3.118601727385448275e+00
6.396077392278234353e-01
1.412505515622594521e+00
7.962187644927436470e-01
2.645983205349867973e+00
3.753957976636681959e+00
4.410563210861454309e+00
1.274194776002950835e+00
1.083496359942076026e+01
1.606862947169439781e+00
3.788200448155380595e+00
7.561200371744030591e+00
1.092123873090929509e+00
8.486684630592893797e+00
2.727319067210697057e+00
1.139547170064501902e+00
7.532702406682806995e+00
1.198097769769453702e+00
1.373948401969600752e+01
3.498367822683770445e+00
1.018656129749214267e+00
3.582327262574070748e+00
2.165818753264002439e+01
5.947423102343337575e+01
9.284852535314362498e+00
1.487065692183719534e+00
2.537513410288119164e+00
2.955348911922199662e+01
5.852725524859344830e+01
4.664156189361838400e+00
1.396747007340295887e+00
3.595740617506936410e+00
2.272653737784340322e+00
9.602359781807107808e+00
1.614244498429830443e+01
4.902232927084271830e-01
1.226143476183704895e+00
9.200596285513220618e-01
2.683097635816218407e+00
2.390515385367946877e+01
5.954664994624867091e+00
1.256519738680321296e+00
2.185551203723913094e+00
4.174996425517894849e+00
9.118372817357661697e-01
2.888806137164892096e+00
2.987061210456879579e+01
1.293441124139194720e+01
3.803169401286182083e+00
1.395683656765668079e+00
3.296941231570563069e+00
5.610013768651631594e-01
5.788267325773245320e-01
1.597600789586758996e+00
6.031660552118188079e+00
1.937380623754189735e+00
8.492643411266389109e+00
2.276685170325034591e+00
1.798191420848519018e+00
1.668045823683009576e+00
3.028707778975770371e+00
1.517363725269821018e+01
5.249034693000835361e+00
7.899950409284600461e+00
5.520525268137564723e+00
5.901630068829948783e+00
1.898982272582041553e+00
3.483339961642842320e-01
2.193541763340016271e+00
5.568995681447264090e+00
4.635272437434800885e+00
3.698628166052090904e+01
3.457573077888316693e+00
4.820370075224450268e+00
3.613984817231278512e+00
3.614004194088644262e+00
6.601712306749877301e-01
1.193909634097605021e+01
2.271516909100196546e+00
3.793982504956258328e+00
4.057345455521698341e+00
1.859725599210421265e+01
6.077110580754941083e+01
5.064119596996111916e+00
5.291097332680299026e+00
1.420481154018162995e+00
1.956569757981982960e+00
1.327685788874315698e+01
3.311118340695317386e+01
1.832830362854924999e+01
7.971584617099050973e+00
5.468309057732575695e+01
2.752370353132972625e+00
1.052481274531822208e+01
2.680206791820248124e+00
1.040499042676537833e+01
8.674731128929844104e+00
1.493380658740954603e+00
5.460752732563874190e+01
9.539895790494939964e-01
2.547112438553710501e+00
8.621608870715930095e+01
3.874967398101921034e+00
1.215737254881994112e+01
6.193988978514010313e+00
5.999070116636939787e+00
3.015248988620184534e+00
2.986918208869739910e+00
1.212219276766595755e+01
5.062051441982271527e+00
2.490788528652596590e+00
3.564851120798926853e+00
3.389560972494582103e+00
2.537776489177739236e+00
1.936093915380410424e+00
1.033069133106158333e+00
3.126567821584015139e+00
5.043851822810771601e+00
5.445660483736978641e+00
3.998604394391118699e+00
1.538328339740512751e+00
5.625580186181315945e+00
3.622160538132581653e+00
1.643045203300864454e+00
1.494552358235979594e-01
2.642286007568822814e+00
1.417646535486633397e+01
4.507057206285081108e-01
2.834270573610769173e+00
3.489222119729074034e+00
6.929187540434755022e+01
5.903915804738849360e+00
1.814115952396919695e+00
8.037902408380581676e+00
2.184886983485009893e+01
4.073315493481507232e+00
4.015759061743414549e+01
4.174274551440934067e-01
1.292701564618132570e+00
2.097031221571442394e+00
3.375982878557648892e+00
6.398042508615300328e-01
4.878210057864105664e+00
3.310403989104737210e+00
7.503003137850468462e+00
1.200730305103812512e+00
1.692669505438006183e+01
1.055075259658537767e+01
3.646851280624932023e+00
2.094803002182530349e+00
1.850751326246019290e-01
5.480454905177994718e+00
6.878715831032607975e-01
3.191434889408225839e+00
1.553521865958678916e+00
5.407455256662731635e+00
5.903733589262831316e+00
2.505824198663674451e+00
2.233625299079870175e+00
2.555716282691115726e+00
3.300987535675986351e+00
3.262626099899051724e+00
3.763325565605666867e+01
6.018543193457425389e+00
2.829404963255309546e+00
3.549198255476376573e+00
3.436424673148227971e+00
1.322623966158067965e+01
1.980960734933147283e+00
4.090311035122213834e-01
3.017574111202127263e+00
4.410253820044981232e+00
4.657267203563741020e+00
8.170330220957767509e+00
3.061783101790457540e+00
1.105650041472739487e+00
2.776347830961653429e+01
9.416598361148122986e-01
3.784334916065288379e+00
1.492474901101065399e+01
2.586355333979554860e+00
3.139042574920217987e+00
7.756375226698734693e+00
4.584910983757736425e+00
6.059136230651417776e+01
9.967076493406016979e+00
5.153793007631880307e+00
3.776474988356655960e+00
1.124284717673923950e+01
2.183257103667785248e+00
4.986366004972385468e+00
2.558588020268704799e+00
4.615692186510707451e+00
2.853708793373435970e+00
2.352692015853246055e+00
4.434098259375901740e+00
1.452366789534425884e+00
4.033941467921951407e+00
3.581580231528223468e+00
1.122576964269537347e+00
4.235942758752504922e+00
7.931981355092943886e+00
5.219377763137956983e+00
8.311760632764310097e-01
2.433495798678079414e+00
1.962162147141341073e+00
4.426626559051029197e+00
2.415265901110378532e+00
1.423344993667821745e+00
1.584390993137038883e+01
6.298461383451458673e+00
8.681915737380632159e-01
3.275501944092411577e+00
8.854612402585474440e-01
2.380179654814369883e+00
4.272028867871799207e+01
1.922487493430676508e+01
5.472954246369077236e-01
4.733499263426397263e+00
2.453787938651270206e+00
1.362933721280320398e+01
1.594332679252248530e+00
4.228005004257632038e+00
3.459333530870944085e+00
4.797194679588977495e-01
6.625220018367116381e+00
1.925644061175968869e+00
1.172012034245395640e+01
1.387712639474465215e+00
1.313768794790765471e+00
2.088041131726237953e+00
1.818427815703741857e+01
2.145039023186416038e+00
3.449362482920848905e+00
1.001081860126543788e+01
3.954800031399293037e+00
7.310558717130917650e+00
7.318743020978902614e+00
1.502078468111993859e+00
3.879214642057619011e-01
2.477812154655722132e+00
3.656655257990771180e+00
1.615657996273602848e+01
2.947766968613711569e+01
1.037595676826317437e+01
8.011545073953438845e+00
1.969692185498324255e+00
6.465576662091260474e+00
5.426552470869365763e+00
4.454615138136587937e+00
2.238185092720568647e+00
3.482757261123013426e-01
4.890691209346185175e+00
5.856320517159172567e+01
5.882737008758629571e+01
4.695058801506133972e-01
1.227585383176982736e+00
4.928327023944608420e+00
5.601670454473423710e+00
4.119657283363634015e+00
2.453112257917863559e+01
3.981485321079544448e+00
2.135570096659454631e+00
2.298840745477028769e+00
1.188757899508667393e+01
2.587173280695282074e+00
1.998043265744864794e+00
6.392069429009314518e+00
1.440898622471134649e+00
1.923289964232995075e+01
5.645476869306980117e-01
9.703294789477087123e-01
9.015749452839536104e+00
6.800287549429062661e-01
1.764692696528977578e+01
5.806986483864520210e+00
5.666855544065007022e-01
1.682008443199351388e+00
1.262716937196369038e+01
1.136583095113281239e+01
4.904156639452162736e+00
5.655423882791998480e+00
5.108241613062736164e-01
6.072474681689923326e-01
5.756418897298552828e+00
1.529824564424522393e+01
4.034784466835532157e+00
6.849074721030685708e+00
3.097300513813741052e-01
2.212182888826522476e+00
3.763441194477871843e+00
1.700670172298839944e+01
1.546444697691631287e+00
1.228584409840663527e+00
1.374083642767484736e+00
9.852855732582636250e+00
2.465278188743634580e+00
4.307140759175992706e+00
1.534338913657796066e+00
2.289444530533210287e+00
1.098744831778938824e+01
4.268261247909799749e+01
1.503210079784272146e+01
3.827823128365355210e-01
2.763834978803187958e+00
6.477518253252040559e+00
4.005607931877575023e-01
6.034228206876189882e-01
4.647951252940055511e+00
4.487762755156559535e+00
2.693026215005784429e+00
4.593131236619345970e+00
9.294986417261917211e+00
1.956910908941563998e-01
3.285935760112726367e+00
1.471843215041409358e+00
6.200461467088842049e+00
4.665187475256293403e+00
1.360245356480464851e+00
6.212708776295082558e+00
3.444771753715547113e+00
7.495788601059024892e+00
1.460039824455133584e+00
3.466432931037291443e+00
5.370541813761225747e+00
4.076787735919341849e+00
2.463347109107081323e+00
1.037007351088678808e+00
3.182991030813415723e+00
4.995809338479395012e-01
4.053472798885892736e+00
5.008567653903561734e+00
2.766811881018364172e+00
4.421128639878168620e+00
1.812722194088593142e+00
2.641285788375462129e+00
4.948761827454241646e-01
1.373544732982360461e+00
2.897965619374201829e+00
6.931275988906504537e+00
2.015494786983678921e+01
1.340423133132182310e+00
5.703267999302912727e+00
1.928359216185479674e+00
6.514728190730161295e+00
5.128993933902559199e-01
1.122340129444688550e+01
4.190222257957433527e+00
2.030305341842943978e+00
9.530067168121652443e+00
1.727265503430278848e+00
1.679979039098553173e+00
3.840148518966813196e+00
6.346400129236129395e+00
7.844238259418707671e+00
5.130484982460993493e+00
7.528511152931710626e+01
6.552541390307530245e-01
9.905504873180669412e-01
3.769994586302624295e+00
1.852356129879369817e+01
8.261591705741987424e-01
3.833735728896350725e+00
5.874295016742455466e+00
1.152477569838698201e+00
1.575831994787592727e+00
4.321325035364241840e-01
4.892337766170792079e+00
1.910733653528513321e+00
9.566561221123134118e+00
8.342533740221266925e+00
1.639587774703925804e+00
1.949199953520998285e+00
3.263112274811613922e+00
1.748761532240889593e+01
2.126563181256490687e+00
2.450657191894126119e-01
1.112861305313405991e+00
1.682013989100468843e+00
1.665676759063661416e+00
1.576561381473553736e+00
4.270842908701568241e+00
2.893009014927219180e+00
3.506250525369521309e+00
4.770711317504842341e+00
3.196435767637930692e-01
3.614978708707127897e+00
4.340331683123516804e+00
4.960800876713920893e+00
1.295067682739935444e+00
2.215334516971466883e+00
5.728348600631109733e+00
5.597884001525724740e-01
1.363501962570126835e+01
6.019254824012573168e-01
2.364904264916488419e+00
7.567110394428910869e-01
2.086304246966422582e+00
8.964086039851119736e+00
4.850576556685639673e+01
1.293955053837859559e+01
1.515057711075519897e+00
4.728655467897370235e-01
2.265295865402066511e+00
4.700646434768376736e+00
5.556653590480080673e+00
5.039046329697646875e+00
5.430890582288874224e-01
3.241944585206967044e+00
7.911890850642387951e-01
1.666507010539231448e+00
7.254224018029960419e+00
3.200650001189480953e+00
5.943972832898454683e+00
6.554334411940848426e+00
1.542810680637234144e+00
5.157093979477926915e-01
5.863183498405024174e+00
1.380336120799720767e+01
1.459637102179667245e+00
1.433302922186094008e+01
5.408101191633737370e-01
5.684649232311387301e-01
2.365341905577401960e+01
3.082182193456091568e+00
4.124135935161892696e+00
1.944857475314829998e+00
2.036870601237643896e+01
1.333130957521809101e+00
1.599604250525128535e+01
1.426084160714676807e+00
6.229339255016672627e-01
1.682362741657983385e+00
3.539860853170899713e+00
7.206922893492271953e+01
9.105219051749584125e+00
1.221344965858938147e+00
4.984379617464407275e+00
8.203506201401907560e+01
1.204274933904206080e+01
2.476333838991318093e+00
1.583935741558495369e+00
1.444341173407501122e+00
5.784217294787220354e+00
9.052976848600799542e+00
3.685597472265731867e+00
9.016572072030031748e+00
5.002614286297270674e+00
1.205553915937833231e+00
7.022955689322845529e+00
1.392380683434591537e+00
4.135398472111840107e+01
7.081047530954822200e+00
3.473804397097035146e+00
1.132923714330322440e+01
1.048303654785889050e+00
3.988553028061245342e+00
4.149661882682316616e+00
3.752283405331169774e+01
6.686389313495525455e-01
1.587057964168049562e+00
6.039448843722774996e+01
6.113311377631138299e+00
2.940731603918078640e+00
3.952583202961504338e-01
2.433998889008260669e+00
4.921031420948448698e+00
5.202186622716927999e+00
8.466447653276805152e-01
4.586375032677909580e+00
2.299698372250349898e+00
1.247719775528682717e+01
3.959878070905214376e+00
3.373491293340001196e+00
1.567689224779191814e+00
9.451621041161382131e-01
3.591789377610005829e+00
7.175446422533593882e+00
1.338577805604809434e+01
1.253538226998977478e+01
3.076867932283818607e+00
6.491146944615517000e+00
5.396733137874639930e+00
8.671148287322418824e+00
2.876911621892285442e+00
9.938351917097622001e-01
8.538020006587849764e+00
4.383531069021146642e+00
1.089768893454500009e+00
4.762531852407334121e+00
6.628236617982938839e+00
1.114946551184422319e+00
1.223020121530569826e+00
1.670228386150732902e+01
8.726147897082258353e+00
3.797002546067966833e+00
3.814964752300015860e+00
1.648468548180945792e+00
1.064670660931518320e+01
2.599907151505242542e+00
1.559992974813931621e+00
6.532501078910235570e+00
2.581753436251626344e+00
3.994872045341335109e+00
4.448829158759394886e+00
5.248751967270360197e+00
9.906640386046722924e+00
5.412676359480628641e+00
6.173209866934570300e+00
1.301067458734248383e+01
3.831961356662291251e+01
2.664565797286652771e+00
3.531626099985646361e-01
2.783234177224957584e+00
1.438538087864775772e+00
3.155324804556916973e+01
6.904044388628812534e+00
8.954195213334522618e-01
1.340063325063049593e+00
6.719175271257465276e+00
2.500793973383194757e+00
4.528839212692618021e-01
5.749679744575084683e+00
1.880162939781180320e+00
1.399610017775266169e+00
6.193524607532749116e+01
2.328775714096929406e+00
3.557649812936797939e+00
9.183627449746538218e+00
2.726234027605276999e+00
6.542841558130963797e+00
5.827692278531566572e+00
1.249224236624949746e+00
3.295658347705415214e-01
1.979048143041514551e+00
7.172834738664517040e+00
2.216756857386820556e+01
4.148291774509802465e+00
2.893229905743093244e+00
3.330111612831744838e-01
5.072676341971340541e+00
2.634181505999158457e+00
2.732512847012797508e+00
3.651023873323423485e-01
8.635457545163454540e+00
9.599830642052057383e-01
2.226751210254501601e+01
1.122934110986838796e+01
5.071396607703988479e+01
5.770612674749063586e+00
2.308065418288919535e+00
4.470303775647677114e+00
2.087209131881889501e+00
3.813918386999432197e+00
4.477512427851568333e+00
8.624996437937129556e+00
6.569574278078491147e+00
5.730539200835423230e+00
2.758352078633905080e+00
1.094613369502209288e+01
2.599500842541784706e+00
7.110068636127518715e+00
3.903242806159817668e+00
1.752105596446698943e+00
2.751426402431601526e-01
3.325672392805532951e+00
6.340215948908568322e+00
2.802352954746603952e+00
2.455320100776092751e+00
1.277774956199330703e+01
9.712783717105877290e-01
1.308048523015723719e+00
3.539716147806927893e+00
5.632942356976863074e+00
4.269418018467514564e-01
2.083940884347116906e+01
4.380182938787933722e+01
2.146594741897458913e+00
2.157213114873171467e+00
1.834824852293166497e-01
2.249617535383374722e+00
4.626864079096896454e+00
3.121385286256244562e+00
2.774225450721012898e+00
9.436688794883252740e+00
8.333744040045270030e-01
3.712855281728991930e+00
2.169781598471191675e+00
7.346710556745914111e+00
2.222388442986637624e+00
8.541339833738877729e+00
6.045442557997390942e+00
6.870362955971659247e+00
2.728404785360555529e+00
6.104488156654768183e-01
6.714433386190853170e+00
2.067458235768862806e+01
4.867897926880599968e+00
1.725246448462324667e+00
1.677907358868419463e+00
7.169519879027292930e+00
2.533869859567676741e+00
1.273216068309502402e+00
7.382888573773935814e-01
1.172414831982695915e+00
4.692331388716804774e+00
1.884756499872478619e+00
1.433661721602341466e+01
2.547603345167112732e+00
1.490415444299020509e+00
1.152600498089930880e+01
1.381129209267503199e+01
1.162456965989924429e+00
2.426492196761932618e+00
1.611517618038924837e+01
3.602927956873116955e+00
1.475000536466717360e+00
3.796883273519879864e+00
1.215320111228390010e+00
6.974746726229805738e-01
1.650864595094940102e+00
1.595137641795055217e+01
1.214769801471287325e+00
9.888948504994065303e+00
8.464311120671842437e-01
6.986481703036135471e+00
8.715119736668620831e+00
6.429325819065609515e+00
1.097914119415772216e+00
4.003703429099140010e+00
2.714453205136035052e+01
4.653531146294067056e-01
2.138402230047157904e+00
6.794576324507015208e+00
1.399237229008578165e+00
1.266622969322968251e+00
8.268884579072997454e+00
3.204074872359365056e+00
4.328377135940114862e+00
2.442976686007035880e+00
3.136680014458643306e+00
4.833515570189222399e-01
8.772169616308168605e-01
3.252379634353960380e+00
2.700942393009687592e+01
2.097656253933733339e+00
3.820307817989395893e+00
7.391120759652046068e+00
6.018752764089774221e-01
5.461796774598776105e-02
2.061649777023294661e+01
9.203266776484658740e-01
1.850745138496935116e+00
1.051156894038114409e+00
7.155872175807946878e-01
1.214101352220858798e+00
1.254571432662133335e+00
7.356700497750954248e+00
6.718911267823606259e+00
9.377701140581181649e-01
3.473343525557858413e+00
5.424933712869616897e+00
1.428133364839080155e+00
1.367927410096924978e+00
4.209048531276006599e+01
6.118937547063916682e+00
1.996101968908061464e+00
7.136366679366435761e+00
1.939485837088696929e+00
8.309259197642717254e+00
1.519276668327209201e+01
3.146355355145690869e+00
1.323987008601346549e+00
1.519869377764705121e+01
2.627823560344636267e+00
5.021901038080502921e+00
6.719869737136022536e+00
3.157193205199764208e+00
3.415508626655748170e+00
1.294533478414880534e+00
2.024496408219665700e+00
2.335022453409947740e+00
9.370747997176758215e-01
1.226769002150883914e+00
2.224635425060839555e+00
2.127636385183899304e+00
1.316945556275867979e+01
1.721334699557761416e+00
1.534064238330295149e+00
9.850575508119316481e+00
3.192881659304690700e+00
7.804115436204595468e+00
1.578599016046347892e+00
1.727709541320118003e+00
2.418025290912386271e+00
2.048665720006094482e+00
1.029904576646326841e+00
2.558796423201905590e+00
9.835375717501504411e-01
9.234749973921108079e+00
6.949532719585837626e+00
7.576926627864217778e-01
2.486545428310125594e+00
3.329807013020171791e+00
3.805986092208924365e+00
1.033155444492961550e+01
6.192281091497810586e+00
5.773326020096976485e+00
1.499567920205112426e+00
5.964292730885738969e+00
1.729452492956207843e+00
1.300546211182757705e+00
4.202918345602727479e-01
2.913166655952453254e+01
7.977918403380129142e+00
5.942521596537991613e+00
2.706068834214462981e+00
8.166187584996334792e+00
3.939544356056032370e+00
1.379540509837569262e+00
8.655299341235306088e+00
4.313075159627088317e-01
2.894386454791188612e+00
7.898303028272700699e-01
1.563231757104498021e+00
7.189912339290517984e+00
1.532613575092867553e+00
2.996256187334934484e+00
2.111756201749949469e+01
3.078563932131432423e+00
5.318146745927355923e+00
9.739813751181356505e-01
2.642049310634388970e+00
8.005790608404344866e+00
1.407192311106506555e+00
2.380679027300094219e+01
5.008625901606000852e+00
7.315213075964449807e+00
1.287633571431707402e+01
6.091284336230153862e-01
1.054132245661648781e+01
1.293798803383912954e+00
7.755105336314668918e+00
1.457871038811493269e+00
5.152657821624943679e+00
1.216861779241839470e+00
2.500727685019188851e+00
5.719905468008927407e+00
7.820823487358913306e-01
5.652755936453043084e+00
3.177687271556958737e-01
9.712613007011244193e+00
8.856271290599999624e-01
2.353730196768756056e+00
2.727917311003991152e+00
2.768182983740673286e+00
7.235507518173972308e+00
2.757126245978701817e+00
1.219306532715841662e+00
1.856306825592362708e+00
1.699681755719314324e+01
8.241274107312562824e-01
8.424491183725573151e-01
5.466254660151178335e+00
9.233605566202971460e-01
1.920976407343335746e+00
8.194365251121426752e+01
4.375892170260645742e+01
3.482498774989110757e+01
1.514537112557556187e+00
8.843339878464760995e-01
2.386421785420706598e+00
3.193623653880047097e+00
2.362306653784423283e+00
4.536876449805778422e-01
3.210481245025922359e+00
2.822444757473034471e+00
4.350678152261727938e+00
4.258149968252024076e-01
7.867347135991483720e-01
1.649300487866072418e+00
9.591891827069487508e-01
2.168934024146588158e+01
3.509808916097111098e+00
4.972819062242444521e-01
4.412617848674452725e-01
2.646880237275587078e+00
6.999605502281204927e+00
2.198055222361945948e-01
5.775112805229854374e+00
1.829410213513352312e+00
6.367380947303529659e+00
5.746625454809977107e+00
1.367586906994182616e+00
1.573707362376104868e+00
8.813621613047659675e-01
1.074113093556385046e+01
2.226840295544439297e+00
5.815740865593379105e+00
2.089305300581240310e+00
3.591106091528561084e+00
2.868815672874572842e-01
1.085688556619255563e+00
1.278734144383067539e+00
1.976639115209251507e+00
1.340250071387109054e+00
4.292562907553572060e+00
4.349743169490435157e+00
6.736483935595019013e+00
1.631110397417278080e+01
1.447120913258908992e+01
4.423361911059575213e+00
5.144164326803891685e-01
2.939255570189885702e+00
1.915704968392440755e+00
4.151832211200773948e+00
8.830139212655176983e-01
1.973651841602939605e+00
2.132346062104592210e+00
5.652276264756634028e+00
4.475033690762832528e+00
6.387185105134425278e-01
5.996286810898542541e+00
1.302039151453217025e+00
1.617043106355669169e+00
5.135822051582972847e+01
1.501275176495950436e+00
2.880835412611830737e-01
6.817802431900729765e+00
1.280689008652776018e+00
3.290007063896373207e+00
6.436545145724138273e+00
2.485654894447571372e+00
2.575787227973887816e+00
3.434994770880998693e+00
7.584156355461085797e-01
4.397755257348829439e+00
5.667416641872492278e+00
4.282353550583029023e-01
3.404656269700980786e+00
4.321112804515170880e-01
2.610515610284825372e-01
3.358822300771809655e+00
1.374902386550151956e+00
1.266676774547575990e+00
7.444283240401121660e+00
4.494101908392702960e+00
2.559396210452495879e+00
1.557055373280945565e+00
4.350849449010260273e+00
2.449125616075271683e+00
2.481171946268302619e+00
1.889122033166965586e+00
2.733403422578697395e+00
2.326993844133062872e+00
1.004087650688327837e+00
1.250257598930776259e+00
1.354525451608595388e+00
8.123956068512718787e-01
3.696129930928302998e-01
3.279414177907857386e+00
2.313726732913787387e+00
4.132574652670885085e-01
4.740720923859000346e-01
2.724838101857864014e+00
1.265487051931295959e+00
3.025508934393897675e+00
1.339368619782207759e+01
3.457115870081970410e+00
4.199240097069528721e-01
1.537971153301975313e+01
1.365137287992257953e+01
2.428762537323731596e+00
2.150780361236023452e+00
1.922287756476449561e+00
1.143792678305036281e+00
7.481185495653580375e+00
6.827357279651555810e-01
2.039123403313432892e+00
7.099323084005221496e+00
9.650557728901432597e+00
4.890776264147818631e-01
8.287719755910806230e-01
6.495575107670923387e+00
7.144212452630412713e+00
1.721128781741657621e+00
1.415888126951610371e+00
6.264597345174795606e+00
1.515121241982066769e+00
1.592822087454817348e+00
1.333702944593445627e+00
1.255074020045404470e+00
4.744313471118778991e-01
8.178983164458174526e-01
4.245831373628543126e+00
3.040294292665541409e+00
1.922192482284982740e+00
3.603026061768801913e+00
8.477744564800440585e+00
2.036630880254107101e+00
2.987527002005714305e+00
2.065139089284742546e+00
8.986730435728552679e-01
2.215457617928066281e+00
7.727684469928549627e-01
7.935341276577962510e+00
2.220631097967788570e+00
5.967423559884958095e+00
5.731272418802833890e+00
7.851659544016240666e+00
3.380866820170062570e-01
4.046535572168047601e+00
4.516704459959306917e+00
2.626163314969989226e+00
7.517710889546482811e+00
2.431625817056143646e+01
8.614696238806830719e-02
1.092403126940438396e+00
4.395073160777162258e+00
4.497662139428705075e+00
3.627906062732360493e+00
2.817534154244468514e+00
1.213304537801471517e+00
3.115186681011106629e+01
2.203636180753010709e+00
1.762622525396479345e+00
9.516531858513581632e-01
3.267053720775011438e+00
2.973419151535289906e+00
3.301668840036407815e+00
6.564855949756071674e+00
3.168156634110581571e-01
4.236448088137192869e+00
4.643544322625170473e-01
5.324804126522581171e+00
2.968979182267273309e+00
2.445932596444741947e+01
5.620264937005089223e+00
6.976500089075767796e-01
9.568725955717936049e-01
9.180797599693626410e-01
1.347951968038592518e+00
1.315516237762292873e+00
9.072164385223704386e+00
6.105718976971412637e+00
2.762212857340965222e+00
2.786503119750337820e+00
3.428295435904047839e+00
1.104072955991118876e+00
7.472677450349685557e+00
2.208731796751914445e+00
2.117938086462498593e+00
3.746055963322307392e+00
2.404862204510448631e+00
5.546548117118524246e+00
1.039468690204694568e+01
1.541059001171546861e+01
8.680728952506353124e+00
2.866217106815009519e+00
1.162804238636025778e+00
3.481556119831143437e-01
1.917020905619160942e+00
2.661585132076774052e+00
3.363144821567900511e+00
5.656866263485808233e+00
5.433755104438053873e-01
1.928515974207928085e+00
1.351636906036716823e+00
1.556835909128298612e+00
5.213970673116182786e-01
1.606953780720172587e+00
1.882719702593956601e+00
7.511321063861137182e-01
1.886089006950471436e+00
3.534321897098503751e+00
2.098979298557104745e+00
1.003068975572455201e+01
3.312857206474260963e+00
2.311931102235354363e+00
4.785493099970693720e+00
2.071309895032469317e+00
7.313551665577259220e-01
7.152213321754244291e+00
1.142732897397755298e+00
3.574995795143474653e-01
3.571039248999660298e+00
3.576175139459114583e+00
1.197171915052489100e+00
3.840101937786407404e+00
1.584385786668383478e+00
6.445801327303755990e+00
1.379531987836842832e+00
1.204272810855395281e+00
9.262472055182395803e-01
5.882634110004787420e-01
5.073696214450924558e+00
2.631149224698407618e+00
1.429470890872468258e+00
1.988378216813101007e+00
3.204490464877889355e+00
4.666707372384627739e+00
8.984106979739200360e-01
3.137384364291956329e-01
2.096612165850851639e+00
4.883332136737570828e+00
1.004835533905274136e+00
9.003943137959478094e+00
1.704282717814838533e+00
5.796661172732497036e+00
2.960483666989730533e+00
3.144291351625582376e+00
1.693188829265335649e+00
2.418199400764765361e+00
5.813406632444512390e+00
2.394260663402003608e+00
3.643695861015300519e+00
8.056005669858709695e+00
2.303999215517966270e+00
2.279685313268523306e+00
8.511361319304190376e-01
8.178603027532785896e-01
2.372603965755763600e+00
2.370826049566142402e+00
7.166045599029116531e+00
3.067464062336560549e+00
1.098574819228213251e+01
1.372488941809356433e+00
8.256335587425750688e+00
3.766243938494615140e+00
1.527919279904580430e+00
2.523027271536118388e+00
1.745493087397885112e+00
4.872017356493428153e+00
6.915429316899442291e+00
2.995208879160587312e+00
3.118681442073342414e+00
6.337175624630095427e+00
3.204754954379582244e-01
2.101434294485731158e+00
2.498955771807484239e-01
1.086862967783466027e+00
1.633281446824822680e+00
3.748961260014623598e+00
2.994342847846505062e+00
1.424148514964812096e+00
1.587045239974524957e+00
3.779899646526186263e+00
5.801251184084548207e+00
2.805490504543993513e+00
1.602299445544774104e+00
7.361865897869660280e+00
1.175232273064647087e-01
3.000784841274379833e+00
2.853484104336252436e+00
3.222486843185641270e+00
1.952375501769016752e+00
1.389784407850028991e+00
1.929038030424030659e+00
1.211270554929824961e+01
9.400534033411249712e-01
2.650736758141141181e+01
6.850807462713423002e-01
8.491815378103265033e+00
1.267838591800491743e+00
2.446523794166665766e+00
1.744528572940780231e+00
4.304278717165942680e+00
5.055119896806045787e+00
4.371744970496057370e+00
8.679379933457690655e+00
9.183039526969002608e+00
3.361923028209051978e+00
1.021445209959407907e-01
1.075595057523555198e+01
5.600560545676908086e-01
2.846961665545979514e+00
1.092681128307001437e+01
2.189382832319019201e+01
3.989483778138527281e+00
2.966275452416326175e+00
6.688474961810989550e-01
1.940048460055670665e+00
2.720829074938796666e+01
4.603241768625927488e-01
6.643825406073583295e+00
3.514582077351805278e+00
5.670536926073136641e+00
3.166763477879749100e+00
4.819037104636767488e+00
6.452526292960868437e-01
4.039481280965953935e+00
1.861105207386437854e+01
1.187555296006103767e+00
1.513435257476307472e+00
8.757377894700282273e-01
7.432975036107392075e-01
3.219979546000752979e+00
1.271182726674515040e+00
3.654939082328304778e+00
1.415476547169235433e+00
4.000358476355643234e-01
8.472639234527055141e-01
1.864168844157390481e+00
4.825032433908540419e+00
1.327993741836566377e+00
1.363961188384435141e+00
1.078190179171057039e+01
3.672355255956707865e+00
4.365538753409658135e+00
2.426843269123760027e+00
1.447936626826845208e+00
1.451926989357927189e+00
1.601748209131324430e+00
1.052366041696461707e+01
9.356651423565741865e+00
1.464457115631848438e+01
7.196369549534792576e+00
3.287226066392454182e+00
4.214241176380598830e+01
3.763623631974611250e+00
8.206419879534532225e-01
1.549171646497301991e+00
4.674062865891404628e-01
3.133381426690810212e+00
1.273147870888812250e+01
4.531762335937739472e+00
1.808968484508451979e+01
2.086578596077101722e+00
8.267776615755980663e-01
1.326694673594622231e-01
2.053581573406427219e-01
2.347305107168388139e-01
6.185696843044961923e+00
2.563393255537990800e+00
8.081421002085610539e+00
1.683252656187126384e+00
3.692608258101720775e+00
1.534288468220663393e-01
2.964785082041495823e+00
2.537791648730506111e+00
6.550960622978452719e+00
5.435726119382628063e+00
7.609936008246485528e+00
1.101371176778613048e+01
5.838976979487291885e+00
8.010926516893893679e-01
1.972078934994321964e+00
3.733851811994256309e+00
1.706589586213499432e+00
4.100757216791301119e+00
5.267006548684284084e+00
5.758216330198585808e+00
1.380437982585582724e+01
1.880636586997596948e+00
4.515932769276848724e+00
9.494745526754853060e+00
4.945019265691694699e+00
2.142274345532322855e+01
5.864722866014521863e+00
4.378109384854711905e+00
2.731378227987221741e-01
1.864101531139483958e+00
4.859878499925354589e+00
8.033708626095672045e+00
1.209724864344167194e+01
4.011275711433707869e+00
1.901336348246256858e+00
1.259035971511944574e+00
1.405306551236417345e+00
2.895190608210968630e+00
1.467681667958778569e+01
2.558375855133216970e+00
5.223462972253378744e+00
7.956292816336310914e+00
3.305667489383251834e+00
1.260110579873320535e+00
2.799280803888035241e+00
2.654552394159942708e+00
2.155759134824250722e+01
2.286827045865528873e+00
2.232362131265567484e+00
1.773758231052474210e+00
1.029423193036230799e+01
3.427837365437820694e+00
1.328304760072720914e+00
3.883012281764639795e+01
1.727779969059222820e+00
1.414414948143616790e+00
1.425423038990605962e+00
4.766568516406930911e+00
5.351537392732671705e+00
7.631768178292833049e+00
6.881373647367266422e+00
3.716324949838674674e-01
3.402691670181335226e+00
5.147995347287133150e+00
1.779571455117562095e+00
8.897271476521221301e-01
9.600675119388503154e-01
8.633547982782103780e-01
4.985586685337241031e-01
1.604568006777897793e-01
2.206296505546553099e+00
2.179762234439190483e+00
9.342325395262811583e+00
3.203648245109959269e+00
2.726780371279031723e+00
1.088009128973399520e+00
2.989064027436366455e+00
1.144936401874133480e+00
1.213668748349948601e+01
3.965202555720141131e+00
5.679977258536995643e-01
6.714204151512712659e-01
9.327029077871472396e+00
3.838746535660403358e-01
8.160463721123536018e+00
7.017363388825849091e-01
3.014550725477117332e+00
7.182738938096735914e+00
5.364446417899086050e+00
1.179189616744481972e+00
3.371160296473932894e-01
7.601670927989887971e+00
1.058907816266652624e+01
3.317094371736273306e+00
2.165076014078313626e+00
7.481278847397855314e-01
1.557114687907464212e+00
2.899068107284737739e+00
7.937349183522703910e-01
5.204942135335403064e-01
1.216877965929098471e-01
4.848610120311123595e+00
1.652750839910554603e+00
9.985662039850936589e-01
3.697410654655193252e+00
1.595397037333868395e+00
1.965689977214311490e+00
3.939140035013000585e+00
9.377214275575368463e-01
4.012645895827833264e+00
1.140590793924408253e+01
2.494291699588290001e+00
1.009301639172298692e+01
1.577162717189478203e+00
5.436617028784476169e+00
4.390029883042270598e+00
1.799304003352406589e+00
1.153567709999882451e+00
9.593268272545564912e+00
7.029720178458614299e+00
1.836586635101703224e-01
3.826728505501723276e+00
4.188492489711497235e+00
5.919195310808329502e-01
2.956905804125372850e+00
5.705228172551045418e+00
1.078914003293120594e+00
2.477305689871613481e+00
7.307658482264837829e+00
1.563237584177799455e+00
2.483055250269666114e+00
1.597991304070352614e+00
1.322573419513369153e+00
1.823917666982609376e+01
5.914591191711345175e+00
1.002149552071901345e-01
6.405932581252475444e+00
6.504777182291967996e+00
8.411340914270223124e+00
1.411048359902780991e+00
2.542175958839339778e+00
3.402599367233515526e+00
2.762096923337439058e+00
9.242040889637349821e+00
4.180258354560386080e-01
5.250386736279259559e+00
8.749226991136225706e+00
7.903660026638196889e+00
6.226741491187287814e+00
2.352446151967537258e+00
3.046237602542498379e+01
3.329507446308559993e-01
1.817393400077924159e+00
4.101322424577765524e+00
2.943484378447442484e+00
7.525428883319043027e-01
2.929637964939387551e+00
4.510674658053137165e+00
7.530199703269661038e-01
5.307181170430139705e-01
4.988884860823230016e-01
4.656489917763736663e+00
9.204542166863303176e-01
1.106301605647572295e+00
5.416219934459775232e+00
3.419306095536470025e+00
2.258418244011459741e+00
1.106842750381318741e+00
4.968346227470717136e-02
2.192537344084479312e+00
5.767546005563297662e+00
5.399248949563232536e+00
9.843531633643604062e-01
3.018363727012468800e+00
2.407819279712635208e+00
2.046598368428890424e+00
2.945432982977159053e+00
5.824310053607806292e-01
1.068811097040508251e+00
1.758008480942847385e+01
1.305609520634805065e+00
2.441394854843875528e+00
1.930812433760100921e+00
5.506831693879440159e+00
7.125334733387447272e-01
2.102869640201583845e+00
1.020881076412856192e+00
2.166120790394237883e+00
4.433574698655601942e+00
2.277985803449809055e+00
1.753716504058578041e+00
4.135397027968225281e+00
3.962978026157022438e+00
1.502321795378165348e+00
1.197324716961952307e+00
5.634853064162753000e+00
1.774563007837883788e+00
5.917685459254523828e+00
4.382945999572656071e+00
4.230425523647944885e-01
1.310227109220100328e+00
1.663320972522528196e+00
8.371447373536302194e+00
1.864472137656301376e+00
6.549710337982546982e+00
1.227981813344127593e+00
9.451741642679420963e-01
6.116585571703682112e-01
6.371446782732898662e+00
1.374212741734814225e+00
3.109503321597247183e+00
5.989964055462571046e+00
3.910409875080016029e+00
7.616248149639657683e+00
8.884681144277668530e-01
5.303784167336361044e+00
1.024748821492038386e+00
2.331107173716576053e+00
5.320405075495591163e-01
3.883576832705533555e+00
2.177196331921607886e+00
1.522980176796668061e+01
3.211184544095460502e+00
4.027594371065860712e-01
8.979175715230163224e-01
1.956509085597325504e+00
9.115861727336947995e-01
1.040425521592585945e+01
5.192111039119743587e+00
1.790090784984464722e+00
4.640365177458983581e+00
3.462380273618803184e+00
9.109179470329733519e+00
1.037466691274482145e+01
2.417432713006387512e+00
9.908839271323556241e-01
5.333390672237991126e+00
1.764512400838409656e+00
1.509254000080835656e+00
2.277554445819334639e+00
1.735041099112691221e+00
5.498579153097953309e-01
3.574684972827738338e+00
1.105502079668984478e-01
9.587022947143781337e+00
1.269775991369902046e+00
8.023550790229597718e-01
2.955273907950528134e+00
1.197683184282987590e+01
7.695203422782263658e+00
3.293991060644921642e+00
1.301316600377246679e+01
1.200392441146375555e+00
7.493444534407345259e+00
8.531492900088341713e+00
5.268106235810518179e+00
6.104412756666350859e-01
2.368114240404548987e+00
3.494791198630968321e+00
2.232464830778224218e+00
1.171107134999865296e-01
2.233429001633119526e+01
1.535336089340978871e+00
3.066900474383112307e+00
8.502047706175340780e-01
6.955855438213874864e-01
7.275302403046000066e+00
6.912876652932999022e+00
1.186072380847483032e+01
7.924227483411121931e+00
1.566413264543627948e+00
1.932665699518856250e+00
5.747625764147435312e+00
1.602916148353487058e+00
1.504820025460171351e+00
3.298759159989144596e+00
2.199951031289042014e+00
3.411042560887615593e+00
2.394321843973128416e-01
1.974094297277521060e+00
3.665945973688664594e+00
4.291045140794245150e+00
1.657412919232419624e+00
9.028304008002177028e+00
5.443885746973022854e-01
1.078021521084512102e+00
1.207230490259702860e+00
4.236501490819555293e+00
6.104502826730199283e-01
1.259230257381833029e+00
3.164653464134238536e+00
1.512728210738464529e+00
2.014140848845315634e+00
1.979571022348745402e+01
2.429956641019527019e+00
2.270733623478260021e+00
4.862204396424981034e+00
2.427616869232223973e+00
4.145954301049314950e+00
2.443805603021305828e+01
9.222596729099207247e-01
2.224557859392763515e+00
7.781946265548597141e-01
1.007996970335810927e+00
2.537072915400607975e+00
5.755747371492760944e-01
1.667738301674718260e+00
1.197747742676103400e+00
1.135587003716623755e+01
3.065372270591589565e+00
4.836333314379180237e+00
5.108771270838799339e+00
2.633040392047829137e+00
1.287829426378452657e+00
1.843383474617822415e+01
2.540897021973946401e+00
3.933263356536628397e+00
1.598605733538864371e+00
2.647580767324474671e+00
1.850070474142479382e+00
5.643760761347731858e+00
5.958270777559235842e-01
4.066722534476949313e+00
1.808960100316623132e+00
4.165870995020510392e+00
8.487935294814858977e+00
1.509804090862844506e+00
2.036904759790429065e+00
1.696647156825422442e+00
3.160376924071889082e+00
3.372565434383411276e+00
2.796765136026874821e+00
1.507711285126968281e+00
8.261357705040030197e+00
1.966182503984625463e+00
3.544405805908244500e-01
8.519710880402332487e-01
3.341215780009609837e+00
1.503154339771421988e+00
7.614330211418419703e-01
5.604737096122571760e-01
2.866023698577999657e+00
1.279430105358271508e+00
9.766782634304261634e+00
1.516352189694483599e+00
3.329005936453403036e-01
3.690017816701067321e+00
2.043789673229529757e+00
2.254727849029481757e+00
1.664044107343439549e+00
2.741793040292861861e+00
1.221584751950131054e+00
1.353267867977966610e+00
1.187776040578019199e+01
4.766269193864057563e+00
5.928942679866587184e+00
1.285502818716407702e+00
3.429432769994412045e+00
2.167885453839375032e+00
9.350385492464564408e+00
1.516498928399519741e+01
4.734795912067521151e+00
3.741414071575956957e+00
4.556192416330820727e+00
9.849020636347242785e+00
2.207676996283652215e+00
3.167178310705858646e+00
4.734493587364781431e-01
2.874158969381906292e+00
9.372827043916144296e-01
2.136739744360284021e+00
2.079790684497986597e-01
2.882416863147623687e+00
1.546673078712618610e+00
6.254574067321970077e+00
5.373034009320639903e+00
3.000528603443416209e+00
6.603251102955332463e+00
4.092130618903579986e+00
5.583124644415278226e+00
6.113203942162408921e+00
2.502422848055174232e+00
8.740771710064848543e-01
3.032969414189199409e+00
6.154669253506716009e-01
8.204747794149703566e+00
3.950033291910609035e-01
2.712759539613633031e+00
1.408823821953899902e+01
6.652663159452011366e-01
5.401755907594641748e+00
2.667830534844688017e+00
5.635272651833960644e+00
4.484916808456807402e+00
4.206369377858209191e+00
1.976566530751201256e+00
1.503848307097650405e+01
1.512906750006832057e+00
3.974843615760197957e-01
3.806042211448544599e+00
2.935691112270855996e+00
1.821699117354232289e+00
3.038196139785671601e+00
1.019482542153840932e+00
6.940755260983021202e+00
9.160726412899912185e-01
1.902822932113704457e+00
3.407943282998920242e+00
1.132999121594409075e+00
1.615458606758564342e+00
2.000598567906427816e-01
1.910112335465862454e+00
3.912797141127147604e+00
1.513210356217672636e+00
6.164837866370468333e+01
4.942453178255982849e+00
4.104712942109584595e-01
6.495188605728393405e+00
1.029983229543238732e+00
9.734816721595703770e-01
3.113071470481671099e+00
1.833125321596493551e+00
1.363578375329721482e+00
1.954581409217154286e+00
1.156916911135432491e+00
2.316661722153388503e+00
2.266148453249063444e+00
1.255015836564903564e+00
1.305369543600466287e+01
1.089180947310006697e+00
1.575862542444922187e+00
4.607562584045379772e+00
2.149437024590612477e+00
2.191608782934017619e+00
9.032944071941959585e-01
2.287568026965514978e+00
2.386581945594984155e+00
2.449601806159225958e+00
2.465464756452318440e+00
5.850654479644691541e+00
5.409216807539640115e+01
3.323617213114564262e+00
2.229763772909699959e+00
4.236969883906902545e+00
5.700511782167247077e+00
8.920234721352708007e+00
2.118090076547654910e+00
7.335920818201846494e+00
1.795624509323655804e+00
2.266181939496427322e+00
1.137079366886179388e+00
1.086814168830978256e+00
6.216041452618563667e-01
3.177387367469302504e+00
7.428070736615781655e+00
1.854501190239409958e+00
6.344038653056077726e-01
6.015923182702108463e+00
3.091584817222334802e+00
6.144339167677469460e-01
6.680671658308220628e+01
7.106936759334218756e+00
2.112913545060318032e+00
3.467449652796914972e+00
2.326577439734530905e+00
6.160691782512297543e+00
2.129917465607658045e+00
1.144313168095854039e+00
3.959437203596374300e+00
5.500521793990306163e-01
4.773645946035419030e+00
3.308577542234159896e+00
6.597051648228747789e-01
1.834636400586066474e+00
3.586445466238916135e-01
4.785211465618661286e+00
2.818217000950564355e+01
2.380874001288093567e-01
6.834171777032611583e-01
1.268707290422939726e+00
5.032161196254941515e+00
1.335043975008342487e+00
7.653917614050688156e-01
4.142073535510651716e+00
4.827745783757372955e+00
1.160257998795718670e+01
6.958778569569900041e-01
2.058023534062600302e+00
1.585318682892397302e+00
3.957663198429757045e+01
1.404468268651278073e+01
5.382901530564300430e+00
1.235178728697517547e+00
2.403134416076541324e+00
1.167174970748186880e+00
7.083197134978910237e-01
1.742427753994821860e-01
1.264493808156371024e+00
9.395836790027544794e+00
3.614789351348773327e-01
1.973787659544155249e+00
2.361061979513869868e+00
9.273396337695238856e+00
9.648902513207165965e-01
7.927732689103084152e-01
1.902529656436998895e+00
7.850474478016661983e+00
1.314572995560031599e+00
2.719658493432359325e+00
2.117671991605132753e+00
3.348222863164512786e-01
3.586900351386442670e-02
1.038858291325360783e-01
5.084399100937402949e+01
1.143624071757641403e+01
4.046280637716022532e+00
6.136724144343059795e-01
3.488362065595889128e+00
9.526868506896261080e-01
1.750114544897638069e+00
6.525409072418140999e-02
1.707250251777418626e+00
2.145402137677556165e-01
1.302899057191221122e+00
1.297464230734957757e+00
1.000927880368939205e+00
2.790249300229727503e+00
3.570724659959702008e-01
5.647033851182847286e+01
2.272248090825550015e+00
8.037598931072955644e-01
2.521855553843151410e-01
8.644033635306539454e-01
9.100887484549788908e-01
1.551617777635414752e+00
4.130249715926466725e-01
2.200534730456105703e-01
1.643073517512938730e+00
3.812211243940866745e-01
1.638176056918104084e+00
8.089623195488504503e-01
2.259444696649986817e+00
4.317726309100904381e-01
6.871023940221271387e-01
1.802218806679130703e+00
2.428780973890774852e+00
1.761830168706532307e+00
1.277405320010457324e+01
4.153565039050665653e-01
5.540393207105942519e-01
6.870928825933898532e-01
1.330535950683518154e+00
6.173743789491545009e+00
7.737155041479342188e-01
3.656941416268774669e-02
8.830348429474902394e-01
7.155616138848227337e+00
9.555173758580192134e-01
4.396020688921510100e+00
8.711064456636444797e-01
6.304306576263102535e+00
5.307736122090519482e-01
5.208215619415335595e+01
4.637748188788139436e-01
4.514012966868136800e+00
1.599574834060518569e+01
1.410459873630752203e-01
6.439597307645004598e+00
1.662421770375404284e+00
9.941396840307957783e-01
8.369058773135849838e-02
1.064063624837184863e+00
4.666526260424378236e+00
1.546041925063353029e+00
7.942829799855069872e+00
1.314799496135688628e+01
1.130320305621458576e+00
4.983848932667489517e-01
8.153874130747183813e+00
6.772623157573061103e-01
6.658637288442789126e-01
2.197175035325497205e+01
8.142115308025566378e+00
1.752766214703948555e-01
3.397272695979933754e+00
2.646602702785983752e+01
3.135492183445252184e-02
1.631771885726752913e+01
1.625326273396481014e+01
6.940521616224059054e-01
3.261385459441971779e+00
1.009412564234460685e+00
2.252163334610695067e+00
1.463873363313779041e+00
2.267257885094295489e+00
3.366463569702163872e-01
1.386763838517646841e+00
6.600703496521743929e+00
5.462509584217232206e-01
1.862085074953224173e-01
7.207114787269281919e+01
3.751172881936217229e-01
4.026115495174996395e-02
4.835631107100279991e+00
4.860517768681874351e+00
4.405884433183035576e+00
1.946149212506653514e+00
9.111322291130607987e-01
1.134025627184580820e+01
4.822152878008587051e-01
2.917783820058270194e+00
1.677823480859077065e+00
1.343743624292108807e+00
1.071741743843482553e+01
6.978566623783357681e-01
7.475002426739748573e-01
4.669788486621406776e-01
1.425448421850402170e+01
2.143351537204773560e+00
1.564863653255298637e+00
1.014831641091112457e+00
2.003337849503724899e-01
6.300951087247259608e-01
7.660248012180135291e-01
2.694206232931898870e-01
1.464261896196985546e+00
3.276617364159029933e+00
2.635684449545789843e+00
4.908124846551545351e-01
6.990302235955672572e+00
6.349924309555650404e-02
2.027130184545260227e-01
2.021546742787824869e+00
1.584047913873695101e+01
1.445535647956791847e-01
1.019317304250994871e+00
5.880835596630602513e-01
3.314752716779240771e+00
8.309403682153647663e-01
2.439859266010651506e+00
1.195823675524585905e+00
2.816944546938247473e+00
1.969799408356606607e+00
9.733130581420372351e+00
1.449528567116655786e-01
1.119391441028586698e+01
6.427970531547404498e-01
4.848266510280943464e+00
6.059073674601507697e+00
2.657941276276178932e+00
2.593622360156240259e-01
1.200494977207739566e+00
8.267543146892060157e-01
2.441912831304644982e+01
3.863752393040710942e+00
3.863869917751452832e+00
1.366795510674307379e-01
4.711639136441234221e+00
2.272102905114053162e-01
1.093655680355358539e+00
2.606080558411451031e-01
3.687873686970019715e+00
6.480761483163010261e+00
3.305598906172745988e+00
4.280529373147084482e-01
1.443200031845008613e-01
1.043390016386425811e+00
1.963044620565135290e-01
1.216078634217077070e+00
1.749297353540561761e-01
3.619119239140355937e-01
4.559097000474023886e+00
1.698678367942205281e+00
9.936450508175032059e-01
2.649030266500732811e+00
4.120492458689630211e-01
2.771689175200036104e+00
6.514155682793260072e-01
8.942650051775452580e-01
6.808629191976606210e-01
2.549443152023651749e+01
9.959480880695522620e-01
2.938265972193558895e-01
3.577426374210495030e+00
1.882567482982180629e-01
2.223178784193914348e-01
3.323513465098672981e+01
6.515571433253644074e-01
8.100792140877592473e+00
5.304069578172428967e-01
7.916116325560135891e+00
1.603818645655929465e-01
4.008641827232110044e-01
2.611572876661237275e-01
1.204157015395583619e+00
1.362642463513432212e+00
8.177584692110142495e-01
1.499547522143339917e-01
1.278469223456294435e+00
2.668504704823053331e+01
5.798127450361764801e+00
1.916977565798284289e+01
2.276133941770614733e-01
4.155503403947906627e+00
3.505765169752893540e-01
1.358685146576956981e+01
1.343464245098099141e+00
1.988972070585166119e+00
6.033938246919886339e+00
1.350280296451463080e+00
1.017916063425957951e+01
5.972433072102558249e+00
6.185199465913036043e-01
1.862338566380435267e+00
2.346768832264343740e-01
4.734548049235861034e-01
5.314537813990897419e+00
1.288765674151365026e+01
9.241105858145637342e-01
2.579383475634252854e+00
5.462067033746259570e-01
3.100963580497064331e+00
3.297710734683342859e-01
3.435517521942836883e-01
4.970973951534122648e+01
2.912658780966046468e+00
8.772796754511746897e+00
1.569477060479492092e+00
8.684292251083189029e+00
4.699444121056474688e-01
5.019440830473157256e+00
2.164388725864126783e+00
4.898183259742980411e+00
4.450097769831627970e-01
9.764597766155406200e-01
1.228089359224167343e-01
6.131209274602333892e-01
1.979375272364015004e+00
9.147225210733102685e+00
5.274678036238058532e+00
5.851930425517011258e+00
2.091974618401880548e+01
2.250218829060274262e-01
4.616468146340693135e-01
2.247592155158127658e-01
1.639244318935752620e+00
5.122130868533602666e+00
8.906704057045442546e-01
1.165228947193975451e+01
4.361218095780451387e-01
5.560637705349636306e+00
1.956088834539165822e+00
4.430846545727177288e-01
1.174363092992373181e+00
4.647210360464372469e-02
8.634059649640375866e+00
1.240672031051521573e+00
5.063643795976977557e-01
3.735007237304939220e+00
1.025544697453578458e+00
8.774792698721693707e-02
1.575181789805056576e-01
4.064740924750616102e-01
5.135537831760016303e+01
7.695999309506930119e-01
1.136192652364402367e+00
1.983521297197499322e+01
2.452550545814466521e+00
4.791909434878287577e-01
4.062930317870593333e-01
4.853454098390239113e-01
1.299651353379137897e-01
1.181313947051734647e+00
3.595030570316244400e+00
5.652229307801738045e+00
5.026992914251460220e-01
7.380304839071786249e-01
6.094789817355626693e-02
3.370227671133256830e+00
5.041352385282105164e-01
3.722268036743845432e+00
7.449951381493153946e-01
5.877693189629248915e-02
3.973648909835604259e-01
2.238092629147588219e+00
1.945451738095801686e-01
5.584271164286945810e-01
1.511467280839925875e+00
1.285559691338973520e+00
2.032856225888266533e+00
9.496863676311843028e-01
6.240874261820432700e-01
8.145152715896225581e-01
1.076301507209396907e-01
4.688555124154867748e+00
3.232384756055927255e+01
4.492126874143251847e+00
6.796791899711038809e-01
1.702532226172271290e+00
1.176149557639539323e+00
4.789055434359177355e+00
1.090979393750976190e+00
2.988266018260981483e+00
9.114424747774534097e-02
4.351066925444824207e+00
4.797557119332214182e-01
3.816362475889379935e-01
4.644795277862292515e+00
4.885229240661825290e-01
4.655836262347981425e+00
6.182541876311434592e+00
3.115391293113686011e+00
1.917509791613100756e+00
7.012370442738707910e-01
1.765382456510655951e+00
8.895116191236838166e-01
3.037009335817040689e+00
1.036349979706801400e-01
4.504670617517724907e+00
8.542177233374314227e+00
6.540920602575603926e-01
6.826951764070351203e+00
1.483078065855073513e+00
7.081714808142702822e-01
1.686777556815460821e+00
5.282789948529019730e-01
1.844002814513673316e-01
1.427677439301209716e+01
2.868586691876370054e+00
7.092588413027413052e-01
2.304016279811624379e+00
3.876551094294436450e-01
2.818019801457024021e-01
4.372397083649696370e+00
7.054190991379511111e+00
4.961450378094192093e-01
4.269885268840506676e+00
5.835360593567401999e+00
3.302319417886894648e+00
1.402292442308856524e+00
1.924272118895891337e+00
3.297967606926340167e+00
8.035895749965715762e-01
1.781747510479202157e-01
1.132334726855167784e+00
6.755976516262146570e-01
1.091388147757358595e+00
1.198332136000102466e+00
1.971560743228742973e-01
6.937792416173729215e+00
1.320160773672544918e+00
6.485005869857972671e-01
1.491201886646104646e-01
1.395491392263329855e+00
1.673544861290701125e-01
1.585157781760321016e-01
1.509540645317316354e+00
4.285433813267828240e-01
1.122409890700979407e+00
5.972454674340343939e-01
3.558818432095323114e+00
4.169059059039010151e+01
3.784227169005295877e-01
9.598096999583204392e-01
3.439791168110403197e-01
2.498199665601792407e+00
8.337906566563295652e-01
5.733300094572123529e-01
2.425110821260633376e+00
5.062388699816558812e+00
4.148429603690726997e-01
1.464432884946091251e+00
3.302909198879303010e-01
9.034493169345176877e-01
1.540350476107379851e+00
5.531880700298018816e+00
1.487698339680480508e+01
6.832810909464127391e+00
3.818231448908114833e-01
8.912889725886898040e-02
5.007405671669459224e+01
1.214785919887797494e+00
1.506264654011304049e+00
1.827453517747267553e-01
4.780867817074778148e-01
9.420391007464009592e-01
8.379433881572281306e-01
3.760760407580540643e-01
1.110822037141790730e+01
4.303350384509363913e+00
5.223079701646421213e+00
2.729100050396259469e+00
6.782950726532568364e-01
5.994729129717184968e+00
8.167872078595518559e+00
4.396464293743665763e+00
2.612461124617401875e+00
1.475039818635340172e+00
4.096297751542303800e-01
4.692304995706350068e-01
1.319618087709126897e+01
5.423877458007617669e-01
5.923679744100778244e+00
9.107047002956304427e-01
3.678170132782501600e+00
8.254127896351968197e-01
1.252177467493703344e-01
5.638479653023714677e-01
8.550917625327466576e-01
5.198029978328325029e+00
1.162392310886404267e+00
1.436283692791370026e+00
2.726585937053763065e+00
5.815596504888977059e+00
7.837273923849411972e+01
1.507095945990128527e+00
1.062021036409180441e+00
6.885701864001008143e-01
1.494138465383250125e+00
1.722721093736867992e+00
2.949856907917035032e-01
4.124094944548766795e-01
5.697722310016575253e-01
8.240618395722381084e-01
1.921368350229661348e-01
1.553509226983899705e+00
4.359181459854042373e+01
5.000732839558162945e-01
5.663915540025014295e+00
1.562505479333959180e+01
1.014825005896557775e+00
5.401850976551126893e-01
2.323938036952267472e-01
3.116888730388617801e-01
4.999191760064133905e-01
8.676794413050947341e+00
1.197004666644124082e+00
4.694904122603289665e+01
1.456277110139774900e+00
7.718094244939901483e-01
4.365688308862894829e+00
6.641136981692456587e+00
2.511183535197277772e-01
2.704476861868224891e+00
6.589538874672188351e-01
6.278755790264697323e-01
1.116930989047716816e+00
4.499762776468910208e-01
4.648547069006423449e+00
6.451841807601803591e-01
1.126576904358650566e+01
8.076926679631718509e-01
2.142674718891710572e+00
1.180308842627401233e+01
2.431203768954022681e+00
2.115207035046671624e+00
5.417974622256319428e+00
9.021811006927831222e-01
5.826936572753884658e-01
3.873730109518558606e+01
1.250330125828878591e+00
7.881025812106556838e-01
1.646864055534823068e+00
3.220450608805697001e+00
4.901732489049651087e-01
4.241247032106392645e+00
3.820866146878779901e+00
1.850443160884897686e+00
6.904732887004906283e-01
5.597033800413330207e-01
7.041449516154438815e-01
1.824976290548846913e+00
3.511606127929867704e-01
3.575190168529933099e-01
4.823434909140909888e+00
3.055916338057901305e-01
1.824785230701608529e-01
2.119906821493313109e-01
6.865988702272920463e-01
5.315338694551560828e+00
1.354455586323493055e+00
7.047043884379932122e-01
4.977910939047219152e+00
2.525693503600594525e-01
4.903976260201339255e-01
2.084829699497234845e+00
3.240039384401912415e+00
1.170580510469568347e+00
1.699121668977498834e+00
1.404506657770897071e+01
4.096856951902953625e+00
1.553876120957525808e+00
9.541932242543861520e+00
2.331365300296475151e+00
1.490992781969208592e+00
1.966565886741477864e-01
2.695974167215895001e+00
1.107982508785593012e+00
1.396993765160470602e+01
2.053376567523756080e+00
6.098735153437799816e-01
1.945549884635981996e+01
2.371612111852440030e+00
3.402685140130313535e+00
1.185008202761131724e+00
4.383330984266796015e+00
2.474136974845236647e+00
1.661787522098194136e+00
1.260781777663659042e+01
2.246272798915721403e+00
5.897691260636128696e+00
6.969205069859176760e-01
2.959716058172397468e-01
1.380379890231611117e+00
2.841407037609461117e+00
3.709002924072388740e-01
5.832891645650308821e-01
1.024672925683583591e+00
8.878796549299689644e+00
1.089122456979657372e+00
1.756259053650441970e+01
4.715988962073046409e+00
5.477940219609007677e-01
1.876081971312281438e-01
1.125672918425245150e+01
1.175779016194319659e+01
7.049377399324677773e-01
2.660889064205749222e+00
1.498626355010136857e+00
4.932027590054154920e-01
2.252533993251751188e+00
1.873040369828909757e+00
2.179171799954582323e+00
2.966060964727758043e-01
1.933638101107686635e+00
1.753059700393920783e+00
1.862515745585113791e+00
4.408204459190375735e-01
4.257744044192187660e-01
2.329685731918965885e+00
8.753172058910907438e-01
2.459033438099720303e+00
2.571069803300141565e+00
3.445934578490940758e+00
6.049461560300102292e-01
4.439057271488491829e-01
5.188744508901486974e+00
2.030102644978314075e+01
5.303108600995614985e+00
6.028950831743761896e+00
2.582568891756043872e+00
2.116156530381553047e+00
4.843435136007411823e-01
1.758771886985847521e+00
4.446055305440945737e-01
3.154606305132116262e+00
2.538359720482548987e+00
4.558698659153999522e+00
1.033124185932201566e-01
1.859838394762307612e+00
7.641849154924429399e-02
9.242937301587700105e+00
4.314829153742666179e+00
1.890718974643611938e+00
1.806867797376090934e+01
1.035323702793013467e+01
5.100973156113492557e+00
3.275742833298405543e+01
1.484903891205014981e-01
7.474230848340140954e-01
4.906946341429740066e+00
3.597908092768059340e+00
3.803899539936533292e-01
9.655238866537765863e-02
3.819549666665377208e-01
8.936660517542717175e-01
6.871636476473390598e-01
9.089797212932602122e-01
4.889937677701396268e+01
1.348927652217004391e+00
4.607057581573547611e-01
1.006368415681643258e+00
2.310417960059785170e+00
5.433245083722630930e-01
4.212619255244611782e-01
1.859399794594469024e-01
5.453036680246641232e+00
9.616340932940227404e+00
3.376881249065842638e+01
4.101049349723132620e-01
1.880972557065735984e+01
5.915212931999006551e-01
3.839624687522371627e-01
3.704707310761194528e+00
3.851283497270263645e+00
7.475179668051225024e-01
1.460455062443085650e-01
1.309103648681879006e+00
6.645725557979408116e+00
2.895938804090787855e+00
9.278555248930091259e-02
2.111395623332799343e-01
4.981206597868347852e-01
3.328707726083894869e+00
2.961171972673688035e+00
4.557625677536070619e+00
5.209104429004098868e+00
3.371737811237716542e+00
3.102066400029653004e-02
1.476338267756912570e+00
8.985511875708530605e-01
2.778403395870244097e+00
9.326590648833497088e-01
3.293945502361291244e-01
2.613062753977613895e+00
1.733892192863794479e+00
5.996936502385831202e-01
4.449256387164714610e+00
7.121902398822779645e+00
7.021150364852284831e+00
5.724663020996773710e+00
1.959865456049422194e+00
1.227062248465644156e+00
1.300368742573283720e+00
4.918065690327461659e-01
1.497258722277382825e-01
1.359480852507311210e+00
1.872317279733447393e+01
1.075628867027604629e+00
4.205236901050388276e+00
1.384032449555318012e+00
2.027753763561632727e+00
3.552990556542667377e+00
3.498815946745643668e-01
9.364221224642446106e-01
1.330454128481744602e+00
2.721945740534403302e-01
8.680469810406199471e-01
1.192429704122499157e+00
6.727934894725655646e+00
1.243709986764925057e+00
5.368789384569488954e-01
3.384902613271844607e-01
1.031649462556649827e-01
1.569054328649468921e+00
9.832451700317099696e-01
4.401372677765365005e-01
4.276232946395830958e-01
4.808776940992258164e-01
1.261306862407729490e+00
2.680924659180164427e-01
2.407678511165927571e+00
3.216917676216927702e-01
5.323495630991212479e+00
2.362897483782767871e+00
1.055510501469233198e+01
1.376283529986107590e+00
4.781489102737653263e-01
2.906376170898463673e+00
1.962835042632858240e+00
1.747147593827055978e+00
2.482900222045335281e-01
2.151518671550641137e+00
7.152873311919133448e-01
3.038235163378513626e+00
9.897100064765004257e-01
5.335494467456156187e+00
2.542543773583759492e+00
2.887378405143837257e-01
2.061559398480090266e+01
8.843862304156573373e-01
8.346001213319321765e-01
2.408921281811226556e-01
1.574242119961373865e+00
2.758120505204741946e-01
4.613159234886831106e-01
1.907977656774895392e+00
7.357460182373077862e-01
1.523747564087761575e+00
3.478162269778230353e+01
3.068550365505137378e+00
1.109817058420096370e+00
1.964858593451376700e+00
5.401615356415895297e-01
1.318014388092829847e+01
2.397587363361720902e-01
4.264089250166894551e+00
3.919211113970692217e+00
3.776920051105716603e+00
6.337194054969532253e+00
1.863085661639849899e+00
5.309782408698671574e+00
7.944364121543383561e-01
1.893432803622381311e+00
1.884481318224936031e+00
4.836312079940056630e-01
4.928218628478364671e-01
2.698310077992996936e-01
9.572697733657701269e-01
2.725331285262778902e+00
5.262643142441605359e-01
1.105072806310736094e-01
8.589254981245279807e-02
3.412078989203611634e+00
3.779038890914109494e+00
1.070716757073753717e-01
5.529681909242930571e-01
2.464177831978320743e+00
3.812958332735125744e-01
1.848799085492837668e-01
1.325598054127153924e+00
8.287665637029954624e+00
8.766471628432561669e-01
2.485931706434351796e+00
6.305494628530891710e+00
1.303146235928133168e+00
2.960997864784547851e+00
9.199069040717264834e-01
7.974916385975170385e+00
3.533173404417338515e-01
1.931101728184698052e+00
4.102867598484166156e-01
6.179565895721528257e+00
4.674652254889034353e+00
2.778516058221574880e+00
1.857484537831701754e+00
6.305558368075812936e+00
4.880974434874154055e-01
2.654787600472475084e+00
3.194921861908008864e+00
1.818125924477450583e+00
3.474267543009355030e-01
1.124436764537710243e+00
9.300670574694087644e-01
2.057322615681679423e+01
2.232291036792258510e+01
1.460715653444954187e-01
2.164224291962428381e+00
4.635130382411588812e+00
2.825240955571728829e+00
2.377846009129468696e-01
1.259627902728428239e+01
5.655727365595343281e-01
4.017010677645987404e-01
7.714363640693778779e-01
6.659244173813894108e-01
6.044531911809987612e+00
1.346277109785730952e-01
7.611648058907705128e+00
3.208164756880712343e+00
1.369739859078834276e-01
7.577673287974722172e-01
2.170379057717778670e-01
9.185271540323754202e-02
2.001591556581944431e+01
2.708021306066494382e+00
9.405589393163376055e-01
1.110614133631693923e+00
1.740032805293142637e+00
2.647981807634328444e+00
1.605475324854503283e+00
2.104496768983636024e+00
2.449853723698756536e+00
8.715239778226342715e-02
4.196431785657492419e+00
4.286442270261298093e-01
3.484204877954784951e+00
1.453694466973508792e+00
7.686393465919082457e-01
4.419305165449751716e-01
4.086985610901696653e-01
2.500115351585358692e+00
1.310565753474701056e+00
9.557427678170973273e-01
4.157277157170740089e+00
3.855330157228064714e+00
1.595378219461697000e+00
2.736466330432175686e-01
4.058596170195509778e-01
1.291820255093023784e+00
9.601648354406003838e-01
1.634048639873855180e+01
5.231709095920122898e+00
1.581910299894867533e-01
2.256762661251873470e-01
7.181330675715720702e+00
1.401239546657467638e+00
2.694078290251151753e-01
1.942525668687050677e+00
1.462112715383946826e+00
1.590275064092430579e+00
4.278368171674589715e-01
2.408026778145081259e+00
4.001797035250638235e-01
3.164828407796247967e-01
1.195630130293146909e+00
6.152916839044123704e-02
5.574602917979388117e+00
5.459508617364102534e+00
9.190339879521525202e-01
2.462976425814177084e+00
8.569972641418043269e-01
2.074948375400643030e+00
1.932435045702233456e+00
9.352544521728820115e+00
2.161396599704808352e+00
9.818488549300468549e+00
3.112832648176690586e+00
1.265103035889968641e+00
3.172267871811661477e-01
7.499489058797905727e-01
3.963343619562217590e+00
1.249108236063227650e+01
2.490377235176063131e+00
1.659444128942811014e+00
1.266047109493872780e+00
6.400978431298758764e+00
1.625131119182095241e-01
3.221798077540953820e-01
2.924365927211020288e+00
3.995020325043403542e+00
1.934823212187321229e+00
1.452509225188614028e-01
7.521742117421424956e-01
1.714091737386966852e+00
2.109806384479086638e+00
3.892963328378715282e+00
1.598462461102062138e+00
2.496438224425789443e+00
2.830120071333473430e-01
1.407914060592876826e+00
1.710648503818774913e+01
2.646611997178139219e+00
1.188621675294311331e+01
3.676430963028291199e+00
6.870944376172113399e-01
4.433196254068792364e+00
7.387290439764649941e-01
3.053172954595435584e-01
1.388942439569984533e+00
5.350841106633434663e+01
5.101975405270000152e+00
1.196700419899063839e+00
5.749419919643407040e-01
1.138204538326585691e-01
8.254925507812329499e+01
8.767924138132599410e+00
4.512484462910616445e-01
6.711315074957576732e-01
9.609053790996810562e+00
3.451631079380131695e+01
9.368237108627899268e-01
4.716312707112597025e+01
1.738068199013495851e+00
3.087541427350474765e-01
3.736530937779973804e+00
3.678464202479070355e+00
6.824871080472528773e-01
1.522183364059667143e+00
3.555334017900789179e-01
2.468617648033261247e+01
5.899967592263652971e-01
8.305931337532909686e-02
2.514372813962742481e-01
5.529674238883098836e-01
2.157568954170523412e+00
5.663273282572133915e+00
5.649272794148928467e-01
9.529358695220766506e-01
1.534932156244916968e+00
9.043340422745241858e-01
8.939358755299556814e-01
3.394837291064324081e+00
1.132277126922882182e+00
1.077805829587199227e-01
8.772046845395967685e-01
1.459086610446075305e+01
2.018291109380361803e+01
2.367686138996131362e+01
5.348004724074176819e-01
9.601077709551212314e-01
3.507759905705708503e-01
3.751202016217702884e-01
8.981157988589270891e-02
1.646150677318207745e+00
1.480277636036938294e+00
6.036274200385916000e-02
1.362190179024216352e+00
4.166624891336994985e+00
5.391802380395916749e+00
1.670244066782258674e+00
3.017350098531262681e+00
1.624585363192510457e+01
1.339988429502818379e+00
1.719383120667051235e-01
1.566918272248741806e+00
2.869128440922070755e+00
1.357267936738794534e+00
5.349462922838542633e-01
1.259210768453821672e+01
1.184123500265782170e+00
2.069221617006737901e-01
1.903379456439780126e+00
5.017487853024980460e+00
8.552623399453481712e-01
1.187370074852776680e+00
8.567393117528626645e-01
9.605939450973843829e-01
4.800478489880460331e-01
1.617451007817649833e+00
2.363010962379230306e-01
1.160516760881213250e+00
4.395823210067418074e+01
1.084448264341261625e+00
9.046771694668885866e-01
3.724542671381378511e+00
4.759406956877084705e-01
1.013878401447839250e+00
5.297643630553106497e+00
2.170147617203703305e+00
1.673060648569554942e+00
2.455225897197293783e+00
1.314355834956426605e+00
1.083579210579468155e+00
6.715531877640541492e-01
3.633770593736366461e+00
1.061212414461471631e+00
1.486113981680754481e-01
1.924727407325653727e-01
2.023937035758931469e-01
1.451493133358197352e-01
4.454933005493987963e+00
3.555545895318617533e-01
1.075593413559728706e+00
3.977318236934527906e+00
3.137564762996460921e-01
1.604105669014974467e+01
1.034499264145264830e+00
7.543580115603060188e-02
1.269850796884122834e+00
3.036046870307499562e-02
1.450608116494337851e+00
5.169477411997612792e-01
6.623215506435223832e-01
1.526657774501867015e+00
5.980295504160001441e-01
1.776400964366600554e+00
9.000000000000000000e+01
6.906501083976921418e-01
1.951475567857059445e+00
4.194912483228521172e-01
7.073830179333938650e-01
1.508999485097418214e+00
1.049966031438135827e+00
6.075928321053922332e+00
7.179482701063869543e-01
1.893248941915394445e-01
3.656285104019449395e-01
5.653560392465097895e-01
1.930627744467024121e+00
8.639396451529556487e+00
3.889933101521973136e+00
9.731301025338050525e-01
2.147395080390095690e-01
5.517150654447739999e-01
5.193498951522531826e+00
2.083052585607529927e+00
8.940915115724241691e-01
5.950290736100519728e-01
2.566994788159969509e+00
3.779789524694178837e+00
6.184785204058176888e-02
1.150952631949072646e+01
1.389799688150844537e-01
2.486984495023996100e+00
6.877516929282205815e-01
7.670015231481451812e-01
2.483160869175587493e+01
1.374669587378069213e+00
7.043053847354423525e-01
2.996402900040787465e+00
1.956149499057529439e+00
6.159990690710807115e+01
