2.227862827429349490e+00
5.089074145271026417e+00
2.815320852276982588e+00
1.089539841113160934e+00
4.499642448785733939e-01
4.808388457332542387e+00
7.208092695683205875e-01
4.242098682701930024e+00
5.101137399695774732e+00
4.026436805194033575e+00
2.560748556557428390e+00
2.505898805626059822e+00
1.369917079255376091e+00
8.597023265824434546e+00
1.110711602539219101e+01
6.974965760299567386e-01
3.292177341364456833e+00
4.602918643298029799e+00
4.591350709187912438e-01
1.017373161792424208e+00
1.989269412432452810e+00
2.023421126059890884e+00
2.647497472394633733e-01
3.580035354972713191e-01
2.759960900850841337e-01
2.264944002574768689e+00
5.141873818569162147e+00
3.837818935853257507e+00
3.161847668568932956e+00
3.383863308592669483e+00
2.963955986075689442e+00
1.087590880488141343e+00
2.244279597549885708e+00
5.001862781315213891e-01
2.700331379162108192e+00
9.149856467985630903e-01
3.302639870282195300e+00
9.390131836657119591e-01
9.765503562053702069e+00
6.387047378616922622e+00
3.984340524966069053e-01
2.162656606335782161e+00
4.220904229452940193e+00
1.961981692622916995e+00
5.334625823874438844e+00
7.836768318968841962e-01
4.755775693032986418e+00
1.872974791007448792e+00
1.529851808438992293e+02
9.100546128223323095e+00
7.802312246697468368e+00
3.772058173378294299e+00
1.682078269807496440e+02
2.032014871756803842e+00
3.032233452698570364e+00
5.306390650444312129e+00
1.085628914674659029e+01
3.414570791386487780e+00
2.956426379383789715e+00
1.870239074850515992e+00
4.282710837633505463e+00
8.150242205750151570e+00
7.449283978832826891e-01
1.927008138976183504e+00
5.232875687460568415e+00
6.339334234534115708e+00
8.413599326006023560e+00
3.432649902525978902e+00
2.865210735630879579e+00
6.334038555135960147e-01
8.946680251095645575e-01
2.937016004237305111e+01
4.557545529705711473e+00
6.943683108985201358e+00
2.303711024098300975e+00
2.079018657602321518e+00
1.076199917635090264e+00
6.039663035849064388e-01
4.099930723544736644e+00
4.058504074788122473e+00
8.441752532559906541e+00
1.973840070519368384e+00
5.208312445442859762e-01
3.744817356133401276e+00
3.153664326719823663e+00
4.279234209803663980e-01
5.928897652774682392e+00
7.485991098450107017e+00
7.220754714766553839e+00
7.699578075598939364e+00
1.302584132129220418e+00
2.667706722367238825e+00
4.589416258452229114e-01
7.927604990390391126e-01
5.081349781038724700e+00
3.064580996838699889e+00
1.963964331327521240e+00
4.339675954593174900e+00
1.169602846617254555e+00
2.997909169294556975e+00
2.370274869990785405e+00
1.599549391563314593e+01
2.849286602306701166e+00
2.779860606433637749e+00
2.227454496101753278e+00
2.675519536048405200e+00
4.205289704189460132e+00
9.629484387436017201e+00
6.057402596577621701e+00
9.260303836808374101e+00
4.301968339446152534e+00
5.473580384814862310e-01
8.358413741375061434e+00
3.309445802235529754e+00
2.023648625604501206e+00
3.233715561537617411e+00
1.385148839136034482e+00
9.525018806007006233e-01
3.117946326689893688e+00
1.637828252078843638e+00
1.074149824980232371e+00
1.894767169843373456e+00
7.545340813995887963e+00
1.469505890875641096e+00
1.662235218316820973e-01
7.864323698803893592e+00
2.385013153191530844e+00
2.728099225438086251e+00
3.194475968567977553e+00
7.574120020888937432e+00
8.629431022775523319e-01
1.679174706993785460e+00
1.611848313094018215e+00
5.050776368236478575e+00
1.842982889596775031e+00
8.959472323388218973e-01
2.601126660279528657e+00
4.508347607101415910e+00
3.980283516786286224e+00
1.472469507574849068e+00
3.845475265630799111e+00
6.373602111154494487e+00
1.196860850695643075e+00
2.424300148542029909e+00
2.339399727589804190e+00
2.017775008773681211e+00
8.851718770976712003e-01
1.067017911050597068e+00
1.156843558479734968e+00
2.877085151768371762e+00
4.318855205273673725e+00
1.065398065352845158e+01
2.396085148286013933e+00
1.005947966665247151e+01
3.728719705947358132e-01
2.708904789698578064e+00
1.445147858648701344e+01
2.803213455809596244e+00
2.645949996105616986e+00
1.658591317676412435e+00
7.370207385000141720e+00
1.084502554995956158e+00
1.770969482990497612e+00
1.081192171096021681e+01
7.026931803674356658e-01
3.707709606523063250e+00
3.748418518149143064e-01
2.478723676766597883e+00
8.010834296646550667e-01
1.634899267301456849e+00
5.323995912661918517e+00
3.875809601702539631e+00
1.111687001868659541e+00
5.052433257695884139e-01
6.767814190125654328e+00
4.927689923564124719e+00
8.000424098178317012e-01
6.038195341796843252e+00
4.348211776241606152e-01
1.298910187246085979e+00
6.446849584184179527e+00
2.331309669934067852e+00
9.652950658316489907e+00
8.718940876723122457e-01
3.278113913929477263e+00
5.926936551154019517e-01
3.753268982122218933e+00
1.996587548985347516e+00
4.542391655883474932e+00
8.181074860251200676e+01
3.746939010602059472e+00
2.318686253420097376e+00
1.887421624719253188e+01
1.662052692710478619e+00
4.674001516146109481e+00
1.008599790826264719e+00
4.240563356697956365e+00
2.580686327469670527e+00
9.437543671662718126e+00
3.144444614503963953e-01
1.208340626600179046e+00
3.215321530066947098e+00
1.744420469703804315e+02
5.179056663196964116e+00
1.508624590351174355e+01
1.548937266868652296e+00
3.560396790378705045e+00
8.396688029567306089e+00
7.834767637918888639e+00
6.048121608613287181e-01
8.430433757719473231e-01
1.829846625699582896e+00
3.530074749166880022e+00
1.170942552047424146e+00
2.432860923317572421e+00
1.034055037127703613e+01
2.336756675973639563e+00
2.833174938852649483e+00
2.247506913634834458e+00
1.058260272677493258e-01
2.029836020477339797e+00
1.546314136903997438e+00
5.363729897637179889e+00
1.573895928400369737e+00
1.188619460102313230e+00
6.324048158136986730e-01
5.872811242163533230e+00
1.141184373358856252e+00
5.120478120076596973e-01
2.184780640301484222e+00
3.180960570272669763e+00
4.955020706325444557e+00
8.146459416765893025e+00
4.413684473128456909e-01
1.359127914503872603e+00
1.069640840318889508e+00
1.974005786384020578e+00
4.150762069715714375e+00
2.204920749724070816e+00
1.043775212145846121e+00
3.052043566597089530e+00
8.128431680624399469e-01
2.504623745563467452e+00
3.851515309973477796e-01
1.525799283227683878e+00
2.247117341100060450e+00
1.428699669209411383e+00
1.496823710449395772e+00
2.088351734438625318e+00
3.117859837880637919e+00
4.432677626474673893e+00
3.745909567924750938e+00
3.744973561866557166e+00
3.499941127363911164e+00
2.368243675857900854e+00
3.257681736096602165e+00
1.699581710959902807e+02
1.214873722062541628e+00
2.516741103245444311e+00
6.465564264323747423e+00
3.007043808039055133e+00
1.651010774933876268e+00
3.980744574934841129e+00
1.090387214061484311e+00
2.030279848020176026e+00
5.265369460623316655e+01
2.574568168157921999e+00
1.548336081864758018e+00
1.849407024949764722e+00
1.609232620212821763e+00
5.046510609077176079e-01
3.491075303141239150e+00
1.867113596074854387e+00
7.465273771910752920e+00
2.614611089084716955e+00
5.532399620556452291e+00
2.107260121025495980e+00
1.382128732648586400e+01
2.464797473970046227e+00
9.482353230487277074e-01
1.797159948854384126e+00
4.423140704756217012e+00
3.219242933082255398e+00
4.215359108768660379e-01
1.882418524997901965e+00
7.659944784087633352e-01
9.179233738816412469e+00
5.870329135025665890e-01
1.106058630690470723e+00
7.348911370453301561e-01
1.347665838256762338e+00
1.972708602294662272e+00
7.318839695846065529e-01
3.745686242239520958e+00
1.125419656228921816e+00
2.931365216639311377e+00
1.936072704487574458e-01
7.135030802108935255e+00
4.672941160973417496e+00
7.177699856824003355e+00
1.623536128053907746e+01
1.017406672668083090e+01
6.850501563511142145e+00
6.318321352595218654e-01
3.925753121641864851e+00
6.746388412374589194e+00
3.869962789415239524e+00
2.437845073899474357e+00
1.580830499180712945e+00
4.256870587926072425e+00
9.771974300933546909e-01
3.570730680253221490e+00
2.372986796918240326e+00
1.515859478331176291e+00
1.762899414531386988e+00
2.727922778463145015e+00
4.429672088682033326e+00
1.329951797687063175e+00
3.244798451967902952e+00
2.027959180635792169e+00
4.094824987445676023e-01
1.711585106487483410e+00
4.078770187869181107e+00
2.304442004116126430e+00
6.422043396796357495e-01
2.199939870153594601e+00
1.398424088873446047e+00
2.858530746646374965e+01
1.874993349962549738e+00
1.859420877252604187e+00
5.009892860213396304e-01
5.273952274039524823e+00
8.650950520816599321e-01
1.075980406446425786e+00
1.785755184464119960e+00
1.363532124834081039e+00
3.015557816840490624e+00
2.594052840782625324e+01
2.673463578120454986e+00
3.414131575683684083e+00
3.236297530564840930e+00
2.859379331746816355e+00
2.638369281015657819e+00
2.940089102797387444e-01
1.205951609595425023e+00
1.789789215212037821e+00
1.042416196969817577e+01
6.833763805121932933e-01
3.746780717996661458e+00
2.844915350574153567e+00
4.612832549052759745e+00
2.962334305217093178e+00
1.245268387442588720e+00
3.488274031528896035e+00
1.413844830378102602e+00
6.100759002369837702e-01
2.478363154725364836e+00
1.988164834618322274e-01
6.710445738276746841e-01
1.612905662368568471e+00
4.844141733003473504e+00
4.820425879341014408e+00
2.587938597263044205e+00
8.469691759543712450e+00
3.130313560883041468e+00
2.930112617388469065e+00
4.810048551253381710e+00
2.784911387368483204e+00
1.304317251527297161e+00
1.153547587127702112e+00
2.856225361586359313e+00
5.610166957360241291e+00
9.178064502832961580e+01
1.593872460282730996e+00
9.798964146194593106e-01
4.144078362975038843e+00
2.021604078123284687e+00
3.169467120677252225e+00
9.789996805190187557e-01
5.512049966955548719e+00
1.121573619363739782e+00
5.029493758787655366e+00
1.841399700644172022e+00
3.712456807451033125e+00
4.910409014194397237e+00
2.806291846673163004e+00
2.578876006421063849e+00
6.505724402018098651e+00
2.289658997390835893e+00
1.797720965828359718e+00
2.858808440546699359e+00
9.449973304191490175e-01
8.091330458493459776e-01
3.927562369733321734e+00
6.918283088965769601e+00
1.058121820424101189e+00
1.212296278727344356e+00
2.730277412516810109e+00
3.563663153765344038e-01
4.981710472463886319e+00
4.158078358618229053e+00
5.312054744201167189e+00
7.360748595699050156e+00
1.596162103125464027e+00
1.489335490538949980e+00
6.006711592360576280e-01
7.192637197592782528e+00
4.043249028717525562e+00
2.722212851213730023e+00
1.718491673619398252e+00
3.125624037038789638e+01
3.104813642147644659e-01
9.296389734852752440e-01
2.120091618608886730e+00
2.617496244445431497e+00
2.917798790271309173e+00
2.979910314116774206e+00
4.748451890851466572e+00
2.794839842776029482e+00
4.336756634271193178e+00
1.387799444522740622e+00
2.094639373187074050e+00
4.966894106358862970e+00
3.058104140312301933e+00
1.831260679318985174e+00
1.677017441511989171e+00
5.008083516333841079e-01
4.623808746329564734e+00
2.804664966271019910e+00
1.294764572206368314e+00
2.825223202493497343e+00
3.691774495489474450e+00
3.756500254311098796e+00
3.190119022523213665e+00
2.134480644103613933e+00
3.864389738756609738e+00
5.005667810393463313e+00
1.836149698638242178e+00
2.874342174179683518e+00
2.311608632856056555e+00
3.405693928987878039e+00
1.309535854115903453e+00
2.358364810250711319e+00
2.443194059037404831e+00
1.108469534992290129e+01
7.356655077083662508e-01
1.226415652881842675e+02
3.219179659578405239e+00
6.333268877224180748e-01
2.253334968576440112e+00
3.063035898206690977e+00
3.732580414894713705e+00
3.238151786610463656e+00
2.174072289301376859e+00
4.132583506106869464e+01
2.759240651520937782e+00
2.693711574332009917e+00
2.439670659193414526e+00
1.584277047075282496e+00
4.332128474285070752e+00
2.345170777774241877e+00
8.500631327000700566e-01
1.700682342961344240e+00
3.790388067682746609e+00
3.545573136976924555e+00
4.282705579331148371e+00
1.783933970530377522e+01
1.156529062278365050e+00
1.497750412102297313e+00
6.951771682879791747e+00
1.047773117037503088e+00
4.938976148611359918e+00
1.275310215033109928e+00
1.810099128919728573e+00
2.702291732790745193e+00
5.250072325247733929e+00
5.659206303761461498e+00
1.696518931215779569e+00
1.601783696645931121e+00
1.418209942587119521e+00
7.847653696806590418e+00
8.597277186857160691e-01
6.697848146713515582e+00
2.717206982784078129e+00
7.380223252149026303e-01
2.128355343835267366e+00
2.292960157688471945e+00
3.804436584466958315e+00
3.862984987986922469e+00
5.948737639240403219e+00
1.863249330027800799e+00
1.274650088980320284e+00
3.510951744257251317e+00
1.590799271509046431e+00
4.326560621746295077e+00
6.726840205218445945e+00
1.841406179339315718e+00
3.729625455452689309e+00
3.567771007163344499e-01
1.629729604930807874e+00
1.823596374018246827e-02
1.041953077520963777e+00
7.863843084650190551e-01
1.048842627531536120e+00
1.685587730856936473e+00
1.553753227326191144e+00
4.444167397250437523e-01
1.164693266825596707e+00
1.799446930391733019e+02
6.888878632341275399e-01
3.056188472800451805e+00
3.769500130030904561e+00
1.580347404026462454e+00
1.791979138538016825e+00
2.923397354869002651e+00
3.685112291433719101e+00
5.475537728015154926e+00
3.574046922287078321e+00
3.750043445924657881e+00
5.152828081499775115e-01
4.938228987907922196e+00
2.234538755787987885e+00
7.630184099532288933e+00
1.199815928062518910e+00
1.310731424692239022e+00
1.420339595554611734e+01
3.214104448429929928e+00
3.818674089929098514e+00
7.283298509266808995e-01
4.561923029462093382e+00
3.830664552349245522e+00
3.276517870756300299e-01
1.161691576876488519e+01
5.524334989608209234e+00
8.759709797090862171e-01
9.283170468389969621e-01
5.086504013794969303e+00
4.002984183605069468e+00
5.964403189876267275e-01
2.888975160232212236e+00
3.708145985013573398e+00
1.380160691518780958e+00
3.444606252430909787e+00
2.036092727659687629e+00
3.188946230972164564e+00
2.127488566639766709e+00
1.548235699675601706e+00
3.997676357543622938e+00
8.612642823361605693e+00
3.367357748466693224e+00
3.519198768737949456e-01
2.568825298088428966e+00
5.471631369563134228e+00
8.914750824472577051e+00
3.763762274296761579e+00
5.099736948892199528e+00
3.388416725994706447e+00
6.805222558447318271e+00
1.590480701239986239e+01
6.828066378100461797e+00
2.675759007970462289e+00
1.856798233177457957e+00
4.693638301266199520e+00
1.336056923947958275e+00
1.801033713560536320e+00
3.084307463794041748e+00
8.004358859171840646e-01
3.195555050600799030e-01
3.222880250028719473e+00
1.095114063981981545e+01
6.816897135349784698e+00
9.417639498006505905e-01
4.157217953883719730e+00
4.008012261176574498e+00
3.256675403254895684e+00
1.371818631200379945e+00
4.538361498783486603e+00
2.858164407288878106e+00
6.849412454658873273e+00
3.281365782320624369e+00
8.098085072124259653e+00
1.394200038146573561e+00
3.550156948354277198e+00
7.192386261189509522e-01
3.504473720346732879e+00
3.340715364048883362e+00
3.003250913197767158e+00
4.898994585143164215e+00
3.054724473653216421e+00
1.789102827276936480e+00
7.315190815890738385e+00
3.708785459285772190e-01
3.726913668666268276e+00
2.058771529324223248e+00
3.039082414354409956e+00
4.022966875770019435e+00
3.421094583651839383e+00
1.560877479406385548e+00
1.106231172682317165e+01
2.859486032977059722e+00
2.461191673553623227e-01
6.180103554392285758e+00
1.067256948995305876e+00
4.699262292673634378e-01
3.020509726130349737e+00
4.133663138961625627e+00
7.310828694664187610e-01
3.233061452728050789e+00
2.258989908936607893e+00
9.699660930324172980e+00
4.097906484637081626e+00
3.421023748190195946e+00
6.506890829280255417e+00
1.744677755750848380e+00
1.099751236345182903e+00
3.007560116094052383e+00
1.328221080148593414e+00
3.278532943133325883e+00
3.017799229728859167e+00
5.330355739230859768e+01
2.615180930921472413e+00
2.994514322529919781e+00
1.446691226976662970e+00
1.481178359019490021e+00
6.351980321292788112e+00
1.663250189287792891e+00
2.417089219803593814e+00
3.501579494590072006e+00
2.420596975788739336e+00
1.092838010284347483e+01
1.696548522922040547e+02
2.181939880549560673e+00
1.135179498554881761e+00
1.210090940173861185e+01
5.243634541780686220e+00
3.048734276743923388e+01
1.600380326113258533e+00
4.487413091550028987e+00
1.170750189383073625e+00
6.826422473084080567e-01
2.317906659365620126e+00
6.568228515752978502e+00
1.599130813009887575e+01
1.725537706002250316e+00
6.899633892261601176e+00
2.292360574534108686e+00
1.445964026826729310e+00
1.325587043412712385e+00
2.339701418223591123e+00
2.241751406343557296e+00
2.415932264707040922e+00
2.676570321986515122e+00
1.035892246934954386e+01
4.849016770667232024e+00
1.866778008507211872e+00
2.185461927456039888e+01
3.859002536182927212e+00
3.516578366577472359e+00
2.096408310155176036e+00
1.232726823406903316e+00
7.347989595906687654e-01
1.151830611102626634e+00
3.407836765276061719e+00
1.051955525018082538e+00
1.187452003645923293e+00
3.394741595501287623e+00
8.013218573002431899e-01
2.231429837193060539e+00
5.578861252126401382e+00
4.158307606587050564e+00
8.934861224178285433e-01
3.244248629993546351e-01
4.495431346522186900e+00
1.219867347150566106e+00
5.565421294449356182e+00
2.515862010848382901e+00
1.789733233526341061e-01
1.673256036785545575e+00
1.129180450058452800e+00
1.299255251596425520e+00
1.891447370252659743e+00
3.060844846753794091e+00
4.103997905435247340e+00
9.706669900312522303e-01
5.772702470576461131e+00
2.066136344658030310e+00
6.677338735553193239e-01
4.054338686076704334e+00
8.288088211499470281e-01
1.510777590337259557e+00
2.915001714165406543e+00
5.756950723959243232e-01
1.014729264946752885e+01
1.121076913830852639e+01
3.427151360304611760e+00
1.602867284790709501e+00
3.003233735456031450e+00
7.745844044398635386e-01
1.344646360796243556e+00
3.466188543720414827e+01
2.227000577900692058e+00
1.456730163192962024e+01
3.441929703045021327e+00
1.436736719964288200e+00
2.749845340449723619e+00
4.998672966687863983e+00
6.185636350109868786e+00
9.705516282601026612e-01
2.107399870099373018e+00
3.768884326782518279e+00
1.295025279914098348e+01
5.447596089918791407e-01
3.607949625834766749e+00
1.080568826556465911e+00
7.601979396639603204e-01
7.372541798007150149e+00
3.471476411259517114e+00
5.295054232627451007e+00
3.933924030085579560e+00
1.531881409924790827e+00
3.504767439499134607e-01
4.915893921294826718e+00
2.622582272212522714e+00
4.512603815198683144e+00
1.087439861122039630e+01
1.960254933710742975e+01
2.380768016028491196e+00
5.533614773768143813e+00
7.844231538868770670e+00
4.408404286026947005e+00
9.819093991047454395e+00
7.570260150334424232e+00
1.405417804346364152e-01
8.354042531187861886e-01
4.797513700788890390e+00
6.520490068666252803e+00
9.880497572141564433e-01
1.983668291676422113e+00
7.208941074079955325e-01
3.949021810859781656e+00
2.074226641444833596e+00
5.366446255797360010e+00
3.771228293681260890e+00
3.863841394805779039e+00
5.069571734360026838e+00
6.322586825155745993e-01
8.717974519609985595e-01
3.186899617136219387e+00
1.364014007736244816e+00
2.236426335551310540e+00
7.322243890156533652e+00
1.114148377092196363e+01
3.883423956624429074e+00
1.519921798112123490e+01
1.502730518459187481e+00
1.305403635252137651e+00
1.513062198151384941e+01
4.062872045986121172e-01
1.031413791672960878e+00
6.175444657353327038e+00
8.197856160804471770e+00
5.404790180992595783e-01
3.110830759493292241e+00
4.576002689637193477e+00
1.804064535074539677e+01
1.183374193727488422e+00
1.863378922414933747e+00
5.703577082882596905e+00
1.485355018021754514e+00
9.872808745315962975e-01
2.766291997534254143e+00
2.315792033744308753e+00
1.755120992894139818e+02
2.121752419476151008e+00
5.757703896277305944e+00
1.054542783497287139e+00
3.208418777689598045e+01
2.116074516103351844e+00
2.230593070480189510e+00
2.205057878263941840e-01
4.834442342767102940e-01
1.326830400047101177e+00
3.562409829531707040e+00
1.324619097369327037e+00
1.819267574011602384e-01
1.562727442145856793e+00
2.652997227324191964e+00
1.228282831710511580e+01
4.988732200541712736e+00
3.598879293148583791e+00
1.425787936678428292e+00
6.514593571517056647e-01
4.431958397941510697e+00
1.072257090045220851e+00
3.035805652658535525e+00
1.457267831372652367e+00
8.989840138108009526e+00
7.239844130044906478e+01
2.728179397778720539e+00
2.808460142697203565e+00
5.229086373882551264e+00
2.331251590019789433e+00
1.264684711530671191e+00
3.561531110291748181e+00
7.735467004981674277e-01
2.352936251462719230e+00
2.205401535856969186e+00
2.525600432367538062e+01
2.576427865980907939e+01
1.416941744676802672e+00
1.697052570211771183e+01
2.165573026181557559e+00
1.117846481755980470e+01
4.833472548877980834e+00
2.569473630910659168e+00
2.468739026306987050e+00
1.091448558062581142e+01
1.735057821431489344e+00
9.156294151728516795e+00
2.568942360421403670e+00
1.095900944679688349e+00
4.841076179129991885e+00
1.964235926119330955e+00
4.156039942662649311e-01
4.077992623343939194e+00
1.643531449558094337e+01
4.407193499074999465e+00
1.676316635336635663e+00
1.403617273801790244e+00
6.147690426833805510e+00
3.397669894735060758e+00
1.856765942415161241e+00
5.849680651663055286e+00
5.741410078480025936e-01
2.068178705159481989e+00
1.303061390309290912e+00
1.627060164829638556e+00
3.846373110863259281e+00
1.323377483480611128e+00
9.917634146239953097e-01
3.937914171023430754e+01
1.875002666297547194e+00
4.191176474175891009e+00
1.396651265990318525e+00
1.692471633671802200e+00
6.445462763623400759e-01
5.567335430732860413e-01
2.691977555247988096e+00
7.067727688155668320e-01
2.816694160476575615e+00
2.843642281905004232e+00
3.324996662259221747e+00
6.296800760920167050e-01
1.267121891417805069e+00
2.693739455320027343e+00
1.337342373585011401e+00
5.965074375777406068e+00
2.078219095528551463e+01
5.346774403771356710e+00
4.875741078449401522e-01
3.855844548644109970e+00
6.030350770455717324e+00
6.404743457439383558e-01
4.634189214368911180e+00
3.323915274096204353e+00
2.999518589063234764e+00
1.232141840103174513e+00
4.633388512421141581e-01
2.898854439868676991e+01
1.796580938172995445e+02
1.239775530149975324e+00
2.199751059956666754e+00
2.281721594055684310e+00
2.292018449721648032e+00
5.097252887761062334e-01
2.488082427813984143e+00
3.754277661064977956e+00
1.349398255010274816e+01
2.898480488975167191e+00
2.207065255699573125e+00
2.842552837678726352e+00
1.404209742436402619e+00
1.852786690576347040e+00
2.219586658095236142e+00
9.766584917035471491e+00
9.026054064824369227e-01
2.226305225536489463e+00
2.263420626160559834e+00
5.820373818872438321e+00
7.672198606103143304e-01
4.372367140816558084e+00
1.600401812086009290e+00
3.219398691496012432e+00
1.906588940322363257e+00
2.740400798900502366e+00
1.700576562592002183e+00
2.010536894701641231e+01
2.256418450398918196e+00
9.116058761438564639e-01
1.158987864153534053e+00
2.163821373838678230e+00
1.840293448343551130e+00
2.213052388528809811e+00
2.006162272306682315e+00
1.653115051902489308e+00
8.187468838643125579e+00
6.725685360716086025e-01
1.071130268037834021e+01
5.813187280517536415e+00
6.120919803715161756e+00
3.264359197932790835e+00
2.112049594601039804e+00
3.228183911053271515e+00
5.519423074837956023e+00
1.923282447328604761e+00
1.274167441333323048e+00
1.303055518497932663e+00
7.156969846754929199e-01
2.415506095121201735e+00
4.190566250925605196e+00
6.432255884900373921e+00
1.593215553789508299e+00
1.573254598535908100e+00
1.629388729218242560e+01
1.059200459382169557e+00
2.436995592812816636e+00
4.979703841507140405e-01
3.621436941371447560e+00
1.972193281108228335e+00
1.360756532192930246e+00
2.413392902410414487e-01
1.178333008033952689e+00
6.577152939657472386e-01
3.510917848097634852e+00
4.928971389457123209e+00
2.421833189016602272e+00
1.834060023203397671e+00
9.568441555617980265e-01
5.159919821127141315e-01
1.691224391159761975e+00
8.645005257540331334e-01
2.294171330748101312e+01
1.851463295909367979e+00
5.057639878710229020e+00
7.530094623741165893e-01
1.331113466811141421e+01
7.713810454638828418e+00
1.195488204101061713e+00
5.782281654270477134e+00
1.717500377774578091e+00
1.100778614490999274e+01
1.527519221259632021e+00
3.862787468875072072e+00
1.351438640627338472e+01
3.974139152631703364e+00
6.900755090274197201e+00
4.785640381359622886e+00
1.231392824407770759e+00
1.003084672482918105e+00
3.769009002169204425e+00
5.740112417447348570e+00
2.124413649676202720e+00
5.047663112417932751e-01
2.330245555808152513e-01
1.157911849798973769e+00
2.269438405219532218e+00
1.974059581476758973e+00
6.842310015669401224e+00
6.134063184343845343e+00
1.760800034837653127e+00
2.063962054163154036e+01
1.916542567938725128e+00
4.569825191878011950e+00
1.870319914289118923e+00
2.605830836308046461e+00
1.539924043862027636e+00
2.277343931815115852e+00
3.733097528537628218e+00
1.718867171909071789e+00
2.062761835577711533e+00
1.411123159050591824e-01
4.390185293297541591e+00
2.342034821903840935e+00
1.492141025012719835e+00
1.609141863379244919e+00
8.262853713099821418e-01
6.961054470237882263e+00
9.357979551839036292e-01
2.702429726453025260e+00
5.570706923833466107e+00
2.670597915494860786e+01
6.537762817475650579e+00
2.304385166618377223e+00
3.475303721985077310e+00
8.349091422952359398e-01
2.916553408951312321e+00
5.038679977466183901e-01
4.609219632099621933e+00
5.816682328838697069e-01
2.982232461235006848e+00
2.439254731150387379e+00
3.625687925310097537e+00
1.337768184973647134e+00
4.989781484869022510e-01
2.864937995761788425e+00
1.344214384605523005e+00
3.285537274197184443e-01
1.056044531690913679e+01
9.667024435281714734e-01
7.203115077026660984e+00
1.542627091664064753e+00
1.212833114981729521e+00
7.321506147145296239e+00
1.395966969061167129e+00
9.013655885453779604e-01
1.069330855209810860e+00
1.416583014695903309e+00
2.942595239856380829e+00
4.595395362367563408e+00
5.092737501713338055e+00
4.377456074354393323e+00
1.614628978745985988e+00
1.455309586835380919e+01
8.364048056777190210e-01
3.224483620485920454e+01
9.463789388489216581e-01
3.175394378276592988e+00
3.005483899752104282e+00
3.488494850102276335e+00
2.773369219943170094e+00
1.863336508525099466e+00
2.039324521974161808e+00
2.675424316604315234e+00
6.742597039682349802e+00
2.315511043061674101e+00
2.276807943449319360e+00
2.880507814445294468e+00
7.227272035841797226e+00
7.039236308560661293e-01
3.128364188663593226e-01
6.413129794318747301e+00
1.440830343639391220e+00
3.258456029691133349e+00
7.630284175985580397e+00
2.028287146176983580e+00
3.073770699349192626e+01
1.107824073601399739e+01
6.115390489642483773e-01
2.557844961218312729e+00
7.263678392654594473e-01
3.468301113443230221e+00
2.655642771228283738e+00
8.841625368444208988e+00
4.917682522431938708e+00
5.271975632378291365e+00
4.248237626368529085e+00
1.998403039718176455e+00
8.171301682857427195e+00
2.550344895926618394e-01
1.472789115281922134e+00
1.173363547540322988e-01
1.286121768872853455e+00
5.374951032497287118e-01
5.060665594605986417e-01
3.480524374386267539e+01
1.244252266660709649e+00
3.834020152121509817e+00
3.086340901901236933e+01
1.614258845063030412e+00
9.601888111794275593e-01
3.947224968098340669e-01
7.934838529747982871e-01
7.878325284918905602e+00
1.013336125603618409e+00
2.865874726514332949e+00
6.518652802331471818e+00
4.096434522035216297e+00
2.070321084959014346e+00
2.017091113139171998e+00
1.949045903209686736e+00
5.514733021788970069e-01
3.705581689700859549e+00
9.233313576221990004e+00
2.007755020256455136e+00
4.827473226193373934e-01
1.255783415320400609e+00
1.190279497606617998e+00
1.062695068817583799e+00
1.871810330600826022e+00
4.302435684785243630e+00
8.857755638136827203e-01
3.014592206312532774e+00
6.431541800501237915e+00
4.081328116208993606e+00
6.037344359706919850e-01
1.206916690761399957e+00
3.957873291936966353e+01
3.024315810545608496e+00
1.749138459082083541e+00
5.037915825198462372e+00
3.232937651718450489e+00
3.286240711826208805e-01
7.121350088142311963e-01
1.268309438034400216e+01
5.157255190759264529e-01
1.529564698357254926e+01
2.290317411692077143e-01
2.126450490914526625e+01
2.026230465312410800e+00
1.250188861667821172e+00
1.114199938068429985e+00
6.251935137644762941e-01
5.280577369983149305e-01
3.326239788583525758e+00
5.363570631168232516e+00
2.922053215436171580e+00
4.884876960814173330e+00
2.855581372809855800e+00
8.349087236503067722e-01
5.901202138410443609e+00
1.211951376795988367e+01
1.152566682690978839e+00
1.823591570028081366e+00
1.442053004404321381e+00
1.085111230524651482e+01
6.172903691815491101e+01
2.323849401816262095e+00
9.700418433001121166e-01
4.786614881137795408e+01
2.931181083411583455e+00
1.119256850070478704e+00
3.036584160746467198e+00
1.771307451711622294e+00
3.824335183332705501e+00
1.071201229987231329e+01
9.057516272526564549e+00
9.021349826662660165e-01
4.441853645708190967e+00
3.438781833677394673e+01
6.428443995272542111e+01
5.439543443657129274e+00
2.385836879210154304e+00
9.783004162013827498e-01
1.599976498636328293e+00
6.581414813834904898e-01
9.108628212770767396e-01
1.669036106212830051e+00
1.342484549350668521e+00
2.094172888401772070e+00
6.511413972991607402e+00
3.555127734950977558e+00
1.564150722502141155e+00
2.200283931705879770e+00
2.782286936111405318e+00
1.231896588532376668e+01
3.705322442671340699e+00
1.357962497672165814e+00
3.187303114529609349e+00
3.485187750784548122e+00
3.110617519463140912e+00
1.375054406842025179e+00
1.999521117466439124e+00
7.513955573302571800e+00
1.715202195848000599e+00
2.084016362833901737e-01
1.200910129468746979e+00
3.969309514836110608e+00
9.638321086541590255e-01
4.879303264889498948e+00
4.352285156425645063e+00
2.212936682633306784e+00
6.747611212480723042e-01
2.165663074034250180e+00
2.451632622694233099e+00
2.523031009113331447e+00
1.720809632824305213e+00
6.676674979723526970e-01
2.993878274521225791e+00
4.398438897323649677e+00
1.183404434224389457e+00
4.878940159421174538e-01
4.302643703346323178e+00
1.376051438438763626e+02
1.890598357495444359e+00
1.474981766688424845e+00
2.653225695923850935e+00
1.055818942707175134e+00
2.652246693365734931e+00
1.247658801074315482e+00
1.734814316229950082e+00
8.396049400769126647e-01
1.321859018695434651e+00
9.439985403609075121e+00
1.139995327878356113e+00
2.621371064255634487e+00
7.098832507567114369e+00
1.442189565915327210e+00
4.492067866242952512e-01
1.365306108364363613e+00
2.235390605933985864e+00
4.617520583682273383e+01
1.277678458295812369e+01
2.168701874883238645e+01
6.158846073921095954e-01
1.006317196612667608e+00
1.246240211194440395e-01
3.764542704383520566e-01
2.480936339833272442e+00
2.619127387999277357e+00
3.487490534689648758e+00
4.099938310711216616e+00
3.688125892948025175e+00
6.028143349444488486e+00
2.210344705652702579e+00
1.683580712894103382e+00
3.395297280783223570e+00
1.358640475097709466e+00
3.348813197656387519e+00
2.407928719918246419e+00
4.893395245582323838e+01
1.182642498320335633e+00
1.679339448776726806e+00
9.710270786264755927e+00
6.535115528589766631e-01
1.935704035887850782e+00
1.937695085537171513e+00
1.373877802607122112e+00
2.080918746916834206e+00
1.858924133529834322e+00
1.454597438104540119e+00
3.643184725690411963e+00
6.747598697529164635e-01
3.346449125551675063e+00
5.404788579000377347e+00
4.623030401717170612e+00
1.777475965995940044e+00
2.154935908702083847e+00
1.650654066872415893e+00
2.448073764734147950e+00
7.283940531313072286e-01
1.049191020749334680e+00
8.572439198557399997e-01
1.372809233447229937e+00
3.029200804928806612e-01
1.564377769567062426e+00
3.476551475819452452e+00
5.845399928365281994e+00
6.133257999547911510e+00
2.267633185203529411e+00
4.375098807118648625e-01
3.355461492028156911e+00
3.327503045793938519e+00
8.825582394789356355e-01
2.337217770161239550e+00
6.097754426800555017e+00
1.872884738802548688e+00
3.813140360757730551e+00
1.277271479891297190e+01
6.796028397158760725e+00
2.915160538827328907e+01
7.432072489977036289e-01
1.096961234883046643e+00
4.885488781414723647e+00
2.927506775894817004e+00
4.086610755087320968e+00
1.446519918729550325e+00
8.768194861287642583e-01
2.706474206495400048e-01
4.307665379211710110e+00
2.392430632529724654e+00
2.250238043642397656e+00
2.603294784175021803e+00
1.449399669921711542e+00
1.028124162454995050e+00
8.597369960028807157e+00
1.437158584494066416e+00
5.737320210963468448e+00
2.962861537709180482e+00
9.209589023266430141e-01
3.729238600558300476e+00
7.504937693094714035e+00
1.586532716128331622e+01
1.757450841479657466e+00
3.407734586975162738e+00
1.837010776423144032e+00
3.010019624016020856e+00
1.575328047432157952e+01
3.108859676765580726e+00
1.221850165892242712e+00
5.276206368933692659e+00
5.434153744200651559e-01
5.344174887865394963e-01
9.973736731277657031e-01
2.431656132628834843e+00
8.537196003948144263e-01
2.615251910556040116e-01
1.872300278953603225e+01
3.227822169623070891e+00
2.812774722232440627e+00
1.068751194318257491e+00
1.979768148558161078e+00
2.573896730087004148e+00
9.567785962769217445e-01
6.216952593630086454e+00
8.604253612428780507e-01
5.442267232337019145e+00
1.129074779333884848e+01
2.783302284052890485e+00
2.953620791005655999e+00
9.321640070340870832e-01
1.502813387068153483e+00
1.163944358723656869e+00
2.587431372254612061e+00
1.229667097746507523e+02
3.868713176163383616e-01
2.926127188665073486e+00
6.282574122424963825e+00
1.085934495838518421e+00
4.479866446657034262e-01
1.099821458856177969e+01
8.421825681766942351e-01
2.449932010388873316e-01
3.291840232545218736e+00
1.776885260277817125e+00
1.799619647805688949e+00
1.712602529464748224e+00
1.781816957637039138e+02
2.370302024461677703e+00
1.130862049465294783e+00
1.215410685715280770e-01
2.371012857723397982e+00
1.039879625573859601e+00
1.181896401791669771e+00
4.239337714466446272e+01
8.658329891334146211e+00
1.767951086844519182e+00
1.813510951416544392e+00
4.130187714214871519e+00
2.102803235294477435e+00
7.742153133130774023e+00
1.794477893803551272e+00
6.205219234102782977e+00
8.952229303552618589e+00
2.713388490730095803e+00
1.785722197920434073e+00
9.221346455068029080e-01
7.842617696531098304e+00
2.005957925425295940e+00
3.275910448282554732e+00
3.603649418329037246e+01
2.348529423618887613e+00
2.304644632131354065e+00
4.264305053815290236e+00
7.153001055429097477e+00
2.243468817251400793e+00
2.081847187481305372e+00
2.629477779283145722e+01
4.785793476519597967e+00
1.990463482735000289e+00
1.098578102744720120e+00
9.830725132163703472e-01
3.206710298890733224e+00
1.212491826917554647e+02
2.620366366118497492e+00
9.957871143004879411e-01
1.776175491942461271e+00
3.143701652375678446e+00
7.523433186555470442e+00
5.637771090066995505e+00
1.042736831399049491e+00
2.420567155504583567e+00
1.847928033350482835e+00
1.173797994853787552e+00
1.026659074547497674e+01
8.616972627152263087e+00
3.632073275775507870e+00
1.337496777753985810e+01
2.860815588649836982e+00
3.804370594296731412e+00
1.022100861099565439e+00
5.211141273978485700e+00
1.271143871661422287e+00
2.101357570898791938e+00
3.239665965203841314e+00
2.890177403550638902e-01
2.130316284710823016e+00
1.661738540300291556e+00
1.459485586681685820e+00
3.016890437102483613e+00
6.335525775320181907e+00
1.290751715567251656e+00
3.399692412083815007e+00
3.245021640665437967e+00
5.935469371731592503e+00
1.448181960781097288e+00
1.453470001585278615e+00
9.576962225485013969e-01
8.046662433140170378e+00
3.964359939262255494e+00
1.149217296209706696e+00
1.332110566945399865e+00
5.519964846849074291e+00
1.109569709116983827e+00
5.699762762110420766e+01
2.139151057762221697e+00
3.901470400285456663e-01
7.738060700860693863e-01
3.463695936588945923e+00
4.763596712647090214e+01
4.846837065324966609e+00
4.577124149426380906e-01
2.726112945935029064e+00
7.940240313022260921e+01
2.052102025542058339e+00
2.819436869862455897e+00
9.162278755190007562e-01
3.399959265465727132e+00
6.490659454967705466e-01
5.625974555616427786e+00
1.045294771630794983e+01
1.836533888699863448e+00
9.492272332153555148e-01
1.653261897662607005e+00
1.633775966037671390e+00
4.685830246224726991e+00
5.332273877447944344e+00
1.625315071748641094e+00
1.021043475763256048e+00
2.537095567054515666e+00
6.038528840349696170e-01
1.137856723115872271e+00
4.463616654782194360e+01
7.099259865985313667e+00
8.506859065966497768e-01
1.658157786916416576e+00
1.943492055670427154e+00
2.965282961243343451e-01
6.751349257625143263e-01
1.145882155054194440e+00
5.326462256571601550e+00
3.652821587188011421e+00
1.741026024123931482e+00
2.584811683756035539e+00
1.334575170136450106e+00
1.291444542795511019e+00
6.571473281772220787e+00
2.743498709589299533e+00
4.048983152027942012e+00
3.208837196753751453e+00
4.314116385990186764e+00
3.225343541537815550e+00
2.653104216858133135e-01
1.602446070704184322e+00
1.510660068152466229e+00
3.373709019817073607e+00
3.941935075545247358e+00
4.813638853352487246e+01
3.485558627409018229e+00
1.967372993811667747e+00
2.697650916516403541e+00
9.387322743923031121e-01
3.912497248084578216e-01
4.497594683641769109e+01
9.480069362461485127e-01
1.927458455635300938e+00
2.682363889282925129e+00
8.818150879968678524e+00
3.883225533782837147e+01
3.774523980319066219e+00
3.357639918352198549e+00
6.558983354804461818e-01
1.461988635659240865e+00
5.428447526792447242e+00
1.683794213075697144e+01
3.490051094632156747e+01
2.179259424361987740e+01
4.250747899003381747e+01
3.038214204295666132e+00
4.944206910750012618e+00
3.541925947885314230e+00
1.041754656553902514e+01
2.298763727463921214e+00
7.388445952515657611e-01
7.729728146238210584e+00
5.659864312737165726e+00
1.184983906422901523e+00
3.118560782176692303e+00
2.054019820107968464e+00
5.066021524780704333e+00
1.419620846692380978e+00
2.669786724959632984e+00
9.783656973538727986e-01
3.638419728107422646e+00
1.058624136022028095e+00
1.016519488169704211e+01
1.899788617795155954e+00
4.392754654239211298e+00
2.592710564231145653e+00
1.655091049674693338e+00
3.045016285210073725e+00
5.827806980039073048e-01
2.726776916763836045e+00
4.995293858631558059e+00
3.872632762880667379e+00
2.314204635474004235e+00
1.242400836384291329e+00
5.233629205497233983e+00
3.563433001343259132e+00
7.688447439419415774e-01
1.950591905661106518e-01
4.578639216267807122e+00
6.992275956169597073e+00
9.214269949726519582e-02
9.566361549809089482e+00
6.488814274625742229e+00
1.215368701744580893e+00
3.907364980558458711e+00
7.227067419581684193e-01
4.409392481922430385e+00
1.090111529150902392e+01
3.770187796711110195e+01
3.187611601489989255e+01
1.888751954283407475e-01
2.714247340211012105e+00
7.559524831300674652e-01
2.343145864990123783e+00
1.936509013186332062e+00
1.653861691697316338e+00
6.197824877732986959e-01
4.139009450361267106e+00
5.457698692877247515e-01
1.264403123413980126e+02
6.136921991569044721e+00
1.402907591389545017e+00
1.438921760686011853e+00
1.248778927764673030e+00
1.836047092726918128e+00
1.382783341696617097e+00
5.612791775475429290e+00
3.458760076601143929e+00
2.699222643853041781e+00
3.119249804940962267e+00
1.670362536628104744e+00
6.945562414506213367e-01
3.664927247854120829e+00
2.983240275330630631e+00
1.493336112506672197e+00
7.743939727533653894e+00
1.486130115358079706e+00
2.206624696043813838e+00
1.383262970742587195e+00
1.466631989315174023e+00
9.539054549257238946e+00
1.241200735686025292e+00
1.374370501612583784e+00
9.024138651561207425e+00
3.086775702618255401e+00
3.831892348598711528e+00
2.398853800582310125e+00
1.406334200777948906e+00
4.694627103001893786e-01
2.258506350859165845e+00
1.072677590606256004e+00
4.448261341460809426e+00
1.988012235141167539e+00
6.565634903882299200e-01
2.050029881564672696e+00
2.318291227311605418e+00
1.297277018078764943e+00
4.404447958807332952e+01
5.146428451341626520e+00
8.291792858196007643e+00
2.725617420085552745e+00
9.897723791173271835e+00
2.309976541701657116e+00
3.087916043753270223e+00
9.588040418216368099e-01
1.972889473797510673e+00
2.540128690227524189e+00
2.387793966459778705e+00
4.230830071783205248e+00
4.003155191625968001e+00
2.701801988099257201e+00
2.250231896083578764e+00
2.727708657077943410e+00
3.418052518751010460e+00
6.663196559830148580e+00
1.014173468277693724e+00
3.742390818789293472e-01
1.525111909839308888e+00
3.724937305881481198e+00
2.795957557921716852e+00
9.868357675105359217e-01
1.601469555194145800e+00
5.438594693389350532e+00
3.969173153682274524e+00
1.706673714913976569e+00
1.671876697872407114e+00
6.824066991656948522e-01
3.566425658151089362e+00
5.742563551817592149e-01
1.312747008252705072e+00
2.505034861887990072e+00
2.168962053224302355e+00
2.484493819107170598e+00
4.041920837999287919e+00
3.074259451702169965e+00
2.757242071918205362e+00
8.701592005581538780e-01
1.135648244980939525e+00
5.148340283694392561e+00
6.353856930992429763e-01
1.701618643418268073e+00
6.235841077824512135e-01
2.719873008168444350e+00
4.014632173975299700e+00
1.289642978580789290e+01
7.401137805348305676e-01
1.358455111339001098e+00
1.488361547612168856e+01
1.758405141557093598e+00
1.412590141526795184e+00
2.342609624898527088e+00
1.351242916267150651e+00
5.823489941723991592e-01
7.978877017415468842e-01
1.383014089284298143e+00
3.841839770100212270e+00
3.652665838607688009e+00
7.747404253360270943e+00
3.427967849213554352e+00
3.640266625685081081e+00
5.209654626303270586e-01
1.080391762534180566e+00
3.349137508140828778e+00
5.218737088174827399e-01
5.684436789799066636e-01
5.523096899522131231e+00
3.312135153329242021e-01
3.576253489139726582e+01
1.756476110052517470e+00
1.642276372000308626e+00
1.472841354228857202e+00
3.390297747272760898e+00
5.068135473271512481e+00
8.719630346784823516e+00
2.616029397892166486e+00
7.423155219996288245e+00
1.179988762270766323e+00
6.071155251103277806e+00
7.201284838128263921e+00
8.193502973167233749e-01
1.541019989888733566e+00
1.524206201238228031e+00
7.367357305483972496e+00
5.760185333811166375e-01
3.572297931686753802e+00
6.299892178785739816e+00
1.976004140227702432e+00
9.489339688886175850e+00
4.725844285768566522e+00
1.304184504137701817e+00
1.195720418211705605e+00
6.690190050145299772e+00
9.783379064568228145e+00
1.467320057115189647e+00
1.080321587004625661e+00
1.124378921504319395e+00
3.343909717581142749e-01
1.572339115347901384e+00
8.845386809704303133e+00
1.356249816888345450e+00
5.646692514904416704e+00
1.013921980404576706e+00
1.409467945179583293e+00
5.826655683237135896e+00
1.425473043306699328e+00
1.395834169684161408e+00
8.057389173852114173e-01
6.564571556275916597e-01
8.105916623276129940e+00
2.940628688840264626e+00
3.165955412708132855e+01
8.358581588124270878e-01
6.593308274815496084e+00
7.804992198752541910e+00
9.076244055482471040e+00
1.857507176042523911e+00
3.185405156721306419e+00
1.273186373943104188e+00
5.430064538728372803e+00
1.443863724462399967e+00
7.261522674814427925e-01
3.902442948777424370e+00
3.211926541643182809e+00
4.441495000976680707e+00
2.183165353438348166e+00
2.169128902943792792e+00
2.025887216343126018e-01
1.437265565148723612e+00
9.098853503299998424e-01
1.430386320030888836e+00
3.213001453958080234e+00
3.619004954169310562e+00
3.013597796161955333e+00
1.766651891282007059e+00
1.370154983264513016e+00
6.578905243482508602e+00
1.999640485585263638e+00
2.910146859075828374e+00
2.296938184792760129e+00
1.346421192278578260e+00
6.053294742754897761e+00
2.920467485507157068e+00
2.078042397575374345e+00
9.136045695980833159e+00
2.156098772890719939e+00
2.028777524367662899e+00
2.695316848185209224e+00
4.469622186191226088e-01
1.038980410256186371e+00
6.218217496014654122e-01
2.229592188888713356e+00
1.811498165507421376e+00
4.407282150410998689e+00
2.470139823403802115e+00
5.818865102921048305e+00
9.795018489838738240e-01
1.273076966017846257e+00
4.916072545068103317e+00
5.105562882810109615e-01
4.837933150533115345e+00
3.415167010815121085e+00
1.053472176384971482e+00
5.107817755839151985e+00
2.683793575098820661e+00
4.642226280148769035e+00
1.509532500778126618e+00
3.297808187156352044e+00
4.883918662261262256e+00
3.174929226408021332e+00
1.000151978444214222e+02
8.523195339185274388e-01
2.727934072356533513e+00
2.322152670598695678e+00
1.472100573459294992e+01
2.641044977116390413e+00
2.961357979204626290e+00
4.730108440435303407e+01
4.429540519100967799e+00
7.504805053089751432e+00
6.165018926131486943e-01
3.701886764394429097e+00
3.885233755294071334e-01
2.424041388644305517e+00
2.062241448397492860e+01
4.554371330359147763e+00
9.134580537301507652e-01
2.442407066826527640e+00
2.523410044604667224e+00
8.076866117459914340e-01
7.252291829186718886e-01
7.450960444379652881e-01
3.211946419917820705e+00
1.146744644557665227e+00
2.517110544859099353e+00
3.564062802136378938e+00
4.312185194586152903e+00
1.083676886998797162e+00
4.121313566784354343e+00
3.271891974813628812e-01
3.328843168131646379e+00
2.694061998678982217e+00
2.366281194732786197e+00
1.510811529082242810e+00
3.491171986302032404e-01
3.010504579948401815e+00
1.493319168968574751e+00
4.484144111534372001e+01
2.007172629244242223e+00
4.821805549111325639e+00
7.775373566652504564e+00
9.284250869729114841e-01
5.120136226621927733e+01
3.652289392145357283e+01
1.023852774755523320e+01
1.331806483961810672e+00
3.291833045573285266e-01
4.297515122509726559e+00
1.850771076483608057e+00
9.624049486335142234e-01
4.303784409271649736e+00
1.268779776729444198e+00
3.094555934513842477e+00
1.851764848258365292e+00
5.920316077493020579e+00
2.294343773098809880e+00
1.707099913461019858e+00
4.124336897386197798e+00
2.603808545391711693e+00
4.573447349365369341e+00
4.034154214068450539e-01
4.972560832853291757e+00
1.961866251297023744e+00
2.833619828733914048e+00
1.126587410917705157e+01
1.527561194606495976e+00
7.514530629656359650e-01
7.415833146306675339e+00
2.264197832364137408e+00
2.080325373259171329e+00
3.971658263859993543e+00
1.747345532045293055e+02
1.563334505987959977e+00
3.277657024865418656e+00
1.427660535776689166e+00
2.172767546122281068e+00
2.694098013533726466e+00
4.096709166845972305e+00
1.073646027057407650e+02
5.200789738881589130e+00
7.793595465235763076e-01
1.471108173321957535e+00
4.755007237781875951e+00
4.017413752189509246e+00
2.441059120755991962e+00
1.432960154459273161e+00
1.167331940596590956e+00
1.923704088438064286e+00
4.481589101625244709e+00
1.697962305287198603e+00
2.941330349193140137e+01
3.813555121430451944e+00
1.893592539635942096e+00
2.493465163906660731e+00
2.832344920797726373e-01
9.030452692001462722e+00
4.828707368898677466e+00
1.818586892591761428e+00
7.894219529922298584e+00
2.795404633212476675e+00
1.226161293385392037e+00
2.765553360146076667e+00
4.901723277243372223e+01
1.304321305714768009e+00
5.068942957193084409e-01
2.842150259179236826e+01
2.273534929055941234e+00
8.049641841779543450e-01
4.007657104932033088e-01
1.090614531695210498e+00
1.784259253292720393e+00
1.573824951350792700e+00
3.915184591259648350e-01
2.932024014401890977e+00
1.115160597304754475e+00
9.804541790327380824e+00
1.272317372277609770e+00
2.389922820830051364e+00
2.463585977727809073e-01
7.684746870490437587e-01
3.411758549365600413e+00
3.101144209385116923e+00
5.321364515907033521e+00
4.332801490244142961e+00
2.299558845693380427e+00
4.853145086133312525e+00
1.659334252802035170e+00
1.793410556329870120e+00
2.105202818165732737e+00
1.687663464959237247e+00
5.904748104701200262e+00
5.246692018423027015e-01
4.773702275661823258e+00
2.093514910637702009e+00
4.033562908605293273e+01
1.329629961431723961e+00
2.689491066170470179e-01
1.398839918982879738e+01
4.133398601475875900e+00
7.085259831251753404e-01
2.570111460826014049e+00
1.046510745628720684e+01
1.579316559290714128e+00
1.088183821696606657e+00
2.777295531512014026e+00
3.028468946928309258e+00
1.458304567338428948e+00
2.530543366010386652e+00
1.027187040187134359e+00
2.103132749434794224e+00
4.675976222318104725e+00
2.088812680128403265e+00
2.120133478783681191e+00
6.004644589893902484e+00
2.650124494912966533e+00
2.043248185927449168e+00
4.874225375725822484e-01
1.775790423435953835e+00
1.048169090793730218e+00
4.007509510492545779e+00
2.753787360134047901e+00
5.995732825199918681e-01
2.753549632299385763e+00
3.780900402880869482e+00
1.428766711471428641e+00
1.341646827792765562e+00
9.613679637047733983e-01
1.452198577859857176e+00
1.177313523377141458e+00
5.448797488546744283e+00
1.182076693687078128e+00
5.696788964889023532e-01
2.873277953616578895e+00
7.551861871469768284e-01
2.486807502940169279e+00
2.663715176045474919e+00
2.919244869039201884e+00
3.697703623082713165e-01
1.483101849344630851e+00
2.689380941333129993e+00
3.996002301135427093e+00
2.851627946020217408e+00
2.929011692595233196e+00
1.797920930262175476e+00
2.549943714395599859e+00
1.226424597821409890e+00
8.601227674853637595e-01
1.931521265092957518e-01
3.104831639560379664e+00
2.536170502758496870e-01
1.962668692183582309e+01
7.081397357593541386e+00
4.108558710029734584e+01
4.560351019260171057e+00
8.437453158348253712e-01
2.001217319995013177e+00
1.527497218187516159e+00
3.117912112605908170e+00
2.192385142399992937e+00
3.761767675861197979e+00
5.264478524876938792e+00
5.268679732351271738e+00
1.971156735346679678e+00
2.401760292650465534e+00
7.043389841211584734e-01
2.343517342231139278e+00
1.600853900265713836e+00
9.974638668149460319e-01
1.507962314717968377e+00
2.203824824368844304e+00
2.933881098242823171e+00
2.396124546245629539e+00
1.668797946987118364e+00
1.922296163819572135e+00
7.025321774623072280e-01
3.526906170787014627e+00
1.533132955217760163e+00
1.946867255556773424e+00
9.178611741680855474e-01
3.565134980915546237e+01
2.193344886810831618e+00
1.161881814014082748e+00
1.714721174515765778e+00
1.729848322298763452e-01
1.208771665202327039e+00
2.773049045561091663e+00
1.075690599822159310e+00
1.013590353354862827e+01
9.108689979541686466e-01
5.221497542942985515e-01
4.328093581970538395e+00
2.045563134889952561e+00
2.460176882388111164e+00
1.040500058851299148e+00
7.358187465109454095e+00
4.024569611926977153e+00
2.931486116417408638e+00
3.339703295568080765e+00
6.632270594776874528e-01
2.194870568324585047e+00
2.684456834179151041e+00
3.072199131425346508e+00
1.086122565262089168e+00
3.201709203985448671e+00
4.094962393566180525e-01
5.491913718212796169e+00
1.283291210506419366e+00
3.340315575158103178e-01
8.684127667470842304e-01
2.714431883148717972e+00
1.548834586382563439e+00
1.055381302764781459e+01
1.517167601672634314e+00
1.253287985751504241e+00
1.392129600783984245e+01
4.204761581110473934e+00
7.943412936993240470e-01
1.465539513048975007e+00
2.035492876422103414e+00
2.758672704479491866e+00
7.146020963528734171e-01
4.710155583430124082e+00
2.151669520661750656e+00
3.673324979113907207e-01
7.505109028648844216e-01
1.969093180182711178e+00
2.352673913704124153e+00
5.799842911809677481e+00
2.269273958671600977e-01
7.705957084975992855e-01
8.054275004396599380e-01
2.895526450601533686e+00
7.796557639859424960e-01
1.878509537633066939e+00
7.086522039834058928e-01
1.160288636672168527e+00
1.546772910631112996e+00
6.249455309411797721e-01
2.507759589953889590e-01
1.576490680310350112e-01
2.876571205149534016e+00
2.290687433927398597e+00
6.604926979940930476e-01
4.018175287538128249e-01
8.644477516438136000e-01
6.888582313643301092e-01
7.160664433680522523e-01
2.250107270268379533e+00
1.195623183095083419e+00
1.161982509967877331e+00
4.241011217692914670e+00
1.647874906098340864e+00
7.179055196417100104e-01
3.698065626482179846e-01
3.711543709379194311e+00
1.261764114350135690e+00
9.737665469939229546e-01
1.984650196577022685e+00
4.253962024451146684e-01
5.849685961569783821e-01
8.138191064841566735e-01
1.341748905771862566e+00
1.813098340159615685e+00
3.766618878088360822e-01
1.834480555929354884e+00
2.976500685104823685e+00
7.785799808726099336e-01
2.344298492962482161e+00
2.296160612203684170e+00
1.626122557042326999e+00
1.212669194347633983e+00
1.735983574317846223e+00
1.224771386042542209e+00
3.252615270043052398e+00
4.986805832267864336e-01
1.828379772020118921e+00
1.117463114918855638e+00
1.619227933112265649e+00
1.428502453883342849e+00
4.902557331574021404e+00
7.294822631638240296e-01
5.897160421065081870e-01
9.744807710955541991e-01
6.363259819421327457e-01
1.441810321235815984e+00
5.447803597641012185e-01
2.051307462188076414e-01
1.137954631229970426e+00
4.260132198808741499e-01
6.865201187708569464e-01
2.401241421508287233e-01
4.829377913219690122e-01
6.648247389752340863e-01
1.411823422897023894e+00
1.214034917902095945e+00
8.220559759750720730e-01
1.961450776698950627e+00
1.449714087490228120e+00
1.641322430424673740e-01
1.781338540223247335e+00
8.786167744359022480e-01
9.078400416382278459e-01
2.468319672254393637e+00
8.703583858991686961e-01
1.667902270647667828e+00
2.735409078629372770e-01
1.160208961808628647e+00
5.984599873539575565e-01
3.271556095501917394e+00
6.695587327204619577e+00
1.520842908215520373e+00
4.023917507937117222e+00
3.383582313487338844e-01
5.193146112497526445e+00
1.179734294565472075e+00
3.570822395295480400e-01
2.104707169870202732e-01
1.808221243340328410e+00
1.514070536706247028e+00
3.511265559895503596e+00
8.925870322668849610e-01
1.350847467121192302e+00
1.090845909194718688e+00
1.026792638144665260e+00
3.472100175527423449e+00
6.353632874185028978e-01
3.433265528926326415e-01
4.718783887104323060e-01
1.118882224919452106e+00
2.902810203679539569e+00
2.808166380066578482e-01
1.489146848874630003e+00
1.365961053014749460e+00
6.873951885562501474e-01
1.655054571703984623e+00
1.325104612929938419e+00
3.256455592554237555e+00
4.052885188789927540e+00
2.286439919145416277e-01
2.803996082251696720e+00
9.537425806341960355e-01
1.003490756659404792e-01
2.385250230020285744e-01
3.830332000501334710e-01
1.146293307508997383e+00
7.373170318582726868e-01
3.742338718654252716e+00
5.949662681582058577e-01
7.926558759992915482e-01
4.975913230936132581e-01
1.606684589980412081e+00
9.372601742431917460e-01
1.537169441999753028e+00
2.472923024227271505e+00
1.342881818812732275e+00
4.422328354103288284e+00
9.471557274811027716e-01
7.584849110385679660e-01
9.205314149962517956e-01
6.835445268445911049e-01
3.798905652798950427e+00
1.161613557958012244e+00
5.144611890732166959e-01
2.412434691227738792e+00
4.769406660323889380e-01
9.410528969751141837e-01
4.410054920868179962e-01
5.357743085741117905e-01
1.640015488316064474e+00
1.592816811613317451e+00
3.836489554441138594e+00
3.749608694336870052e-01
4.168673020926931372e+00
8.624757904773113770e-01
8.615638593389436384e-01
1.371268775595677614e+00
1.699951399120074313e+00
1.158106108352639385e+00
7.731110703915268223e-01
5.114863420124954319e-01
1.225235756023516975e+00
2.214587892783890233e+00
5.345902933563141390e-01
7.454501408457021583e-01
1.795203917918345882e+00
6.108597030530626970e-01
5.972330208667331330e-01
2.389539804203417273e+00
1.681453620874272747e+00
6.869177653486123747e-01
1.732402580001664472e+00
9.379441802102398418e-01
3.716635182899402090e-01
1.665442656413260503e+00
1.210958341808336725e+00
8.892394932109394246e-01
1.057664887005827170e+00
1.122233588344722088e+00
1.379725376056936792e+00
7.230309202090774434e-01
1.493055809519176158e+00
4.920313333530039746e-01
3.146608082925102412e+00
4.447131236835743517e-01
2.327772656705596521e+00
1.315570537580963706e-01
1.768383754748017900e+00
2.855777136626905577e+00
4.370082005959355365e-01
1.003224961532539261e+00
1.062076214913909356e+00
8.408544879356874002e-01
3.463307395328349525e+00
1.031377563488834026e+00
4.805853818778454745e+00
1.745249091504701200e+00
1.163295131349476152e+00
2.008294663384386780e+00
6.053064269075877357e-01
9.561101728977946523e-01
1.054142319160227270e+00
2.811618794167553670e+00
8.393419064887447378e-01
1.164296342014493169e+00
6.046178788807139881e+00
6.490809148311931231e-01
1.833563320600820834e+00
1.055746612440752186e+00
1.155252947669245911e+00
3.355955879450509549e+00
3.269333081552335263e-01
9.297071366966104256e-01
1.850894661234335103e+00
8.598665092430725077e-01
1.858047406562413961e+00
1.008777179281801883e+00
7.375157109881500528e-01
3.848681184799100374e-01
1.799130504289087273e+00
7.818473101526690616e-01
1.805033815159311494e+00
1.252204247906147705e+00
6.455332299885561120e-01
8.439049878460523901e-01
6.671702520401083802e-01
1.443768904019211652e+00
1.272187102512085444e+00
6.981284438143254834e-01
3.095122700709647123e-01
1.093306239568615945e+00
1.254318211058383925e+00
1.002373094436616707e+00
8.070338266398456861e-01
1.615807132197078388e+00
8.007244255056171767e-01
1.474547378145648180e+00
6.526936934631855092e-01
1.936210171003156510e+00
5.971058689543399245e-01
1.974791277672954815e+00
2.267376189184027169e+00
1.859347347273924589e+00
6.489920627789356189e-01
6.982830232196203246e-01
1.003569746338349500e+00
7.173937014770731535e-01
2.932483991963230618e-01
5.372735898466762805e-01
8.957041706919980362e-01
1.812732968871769934e+00
1.039378648872532507e+00
6.848771601099656881e-01
1.902948289503652246e+00
4.970591143777927101e-01
3.758383479869305877e+00
4.638773775676015454e+00
1.052030837451564338e+00
1.249766145603412593e+00
1.261887697640913242e+00
2.272442755958543170e+00
2.724983023381070346e+00
5.993053937533835418e-01
2.007040454785713024e+00
2.361623648672162457e+00
1.568315602048938162e+00
9.524799448450567418e-02
9.569778834594273587e-01
1.739125249327489353e+00
2.551228179355636172e+00
1.647425041381203048e+00
1.803975650125915431e+00
9.904417162103488215e-01
1.043917930741788735e+00
9.475325345904449525e-01
2.401070860881428182e+00
6.842216755294688868e-01
4.686523020642698878e-01
1.039283367448855078e+00
2.482614775792890693e+00
4.526645886249165973e-01
2.125930285281889098e+00
3.918196921312849801e-01
1.805867916824620112e+00
6.312912125043487199e-01
1.865347558142041562e+00
1.201312469224237400e+00
1.610532722801129857e-01
1.222214994165362834e+00
1.058731834021311435e+00
7.150631035452311712e-01
7.097587246298548980e-01
5.915716388928868863e-01
5.640459986715261609e-01
1.160098921078236645e+00
1.761643940117698925e-01
1.709930551595431725e+00
1.568192094311970486e+00
4.286783652868469963e-01
2.268051459657082436e+00
3.292009265437798593e+00
2.334856466299243538e-01
5.984545287325868657e-01
2.634852698600011589e+00
1.353124468460041863e+00
8.249935274329368795e+00
1.629152769279560209e+00
4.870021059893621662e-01
2.581664642630992823e+00
2.878388369904473443e+00
8.485025352065788118e-01
9.175320784570283328e-01
6.954489592050385749e-01
1.536979892574221296e+00
9.824595751412579236e-01
2.380535404733028937e+00
1.254838176016272733e-01
1.601922950340149754e+00
1.505278906628225499e+00
5.004791665200767348e-01
4.041198659711366936e+00
1.317967475190352955e+00
5.526961876803661022e-01
1.386262027560262400e+00
5.431970085016104566e-01
3.204674716276562085e-01
1.393534901103421264e+00
5.104797445879364348e-01
2.531208297094317050e+00
5.282447220197870053e-01
2.156861428770494360e+00
2.619080862672729659e-01
1.090040708173914741e+00
7.171193930789254711e-01
9.268948002533210495e-01
1.075278782944207201e+00
1.074380622753147385e+00
7.440235673024453433e-01
2.067071127321629564e+00
9.643182286916547330e-01
2.555894427445599693e+00
1.923299245412247949e+00
1.239192292268425311e+00
6.181003509798373985e-01
1.352858881672509117e+00
1.155946694066098956e+00
9.556601032808623719e-01
1.165113938089606282e+00
1.317853668492254271e-01
1.245423156369056095e+00
2.780221715346283817e-01
1.299602871494943468e+00
2.181814057109566107e+00
8.299577762028805816e-01
8.108756622498838329e-01
9.009290738989168545e-01
6.606089838665697433e-01
6.029286972383794962e-01
1.268477513438010185e+00
7.628562658853091927e-01
1.339753147970213387e+00
4.766385884148199636e+00
1.751770719659088149e+00
1.243929569127614210e+00
1.853765664090286203e+00
1.138266614560706103e+00
1.194853275532131720e+00
2.501985285370601275e+00
2.841994480847612747e-01
5.759403826002497118e-01
8.514227355348794601e-01
1.876658711821735492e+00
3.350351166098737288e-01
1.062865206713055288e+00
8.351019971957364119e-01
1.039740153446211401e+00
4.955522269259811097e-01
7.934209911948670868e-01
2.456876793888429500e+00
4.028298028199672198e-01
1.521261569695467886e+00
8.027932996202526983e-01
4.818404757357118151e-01
9.182763628960294300e-01
7.856841435046578725e-01
8.284419491356529441e-01
3.878422602602250580e-01
2.037073500470426568e-01
1.370085909362838361e+00
3.740076574411826948e-01
2.305687769476198579e+00
6.645856257289820546e-01
7.131762011441218352e-01
5.396378918160984917e+00
5.416203853868625240e-01
1.215678789657641978e+00
3.408174624962942989e-01
3.341955488360172755e+00
1.298354107658637568e+00
1.346374195794052486e+00
1.763623547577062078e+00
1.661792285820313575e+00
1.271390178894733047e+00
4.535129986234616717e-01
1.343347603148272729e+00
6.841664888493618202e-01
1.383279762159418169e+00
7.090081566352843812e-01
6.605899858205358299e+00
1.085259665897279513e+00
1.499250401616853412e-01
5.454582183647590510e-01
2.212937135318197246e+00
8.302271003671803928e-01
4.635585681423699533e-01
2.077713808475157187e+00
2.224315287305439481e-01
7.099483467878822118e-01
2.040378836645769578e+00
2.791582690025551927e-01
5.458806361728374412e-01
1.793950790289133623e+00
2.032755399940561758e-01
2.206408253357476368e-01
1.152136914827145420e-01
6.671996926544596640e-01
1.127564642190880484e+00
3.940695876756317162e-01
1.245555219567467287e+00
9.869262619377150436e-01
5.386646888250968823e-01
1.302425186748679353e+00
7.381739892218754928e-01
1.219353231144453042e+00
3.227441005054425549e-01
4.697054128771898540e+00
5.890532219510613565e-01
1.597117525586195574e+00
2.664521633777195753e+00
1.489448503381286315e+00
6.295479192552567715e-01
6.452513131889148212e-01
1.180265142839507009e+00
2.455329598937050495e+00
1.285601077124064906e+00
3.888221859905612643e+00
1.329307753154006511e+00
3.193235598387091922e+00
7.066857181941742505e-01
2.041951674243593029e+00
8.614343571361817720e-01
2.046106308641757909e+00
1.026900592222674380e+00
1.529713211884692337e+00
2.950204856423577660e+00
6.115524344180324201e-01
1.461046068456016700e+00
3.683489160207114588e-01
1.691333408714203790e+00
1.097803826323966447e+00
1.801782499516066727e+00
3.808461102072429494e+00
5.637080015421794821e-01
2.109908210054042055e+00
1.534640871996384881e+00
1.677662374989805083e-01
9.356421508699802603e-01
7.088449713143061715e+00
1.118314629668227117e-01
9.985905003259994972e-01
1.311321886165541795e+00
1.668530729943957791e+00
1.813101528529710071e+00
1.271674927484017115e+00
3.753226922134001442e-01
2.446348687770717678e+00
8.911449644852088570e-01
2.766926381528552192e-01
6.119228203126375609e-01
1.094446898446789662e+00
1.159437953706137892e+00
7.605019117468747591e-01
5.281152481778446095e-01
6.855174945863391489e-01
1.615693009987786644e+00
3.907603048257993206e-01
2.576123032443033978e+00
1.460128471249863003e+00
1.755008474219955206e+00
1.548213034116776798e+00
1.318817326994027317e+00
3.739972594443476406e-01
3.072457983125922443e+00
2.531147019120692399e+00
1.003931751035214148e+00
9.560763782103891550e-01
1.136018442516174343e+00
1.504790255423490875e+00
2.302330654994607428e+00
1.007555983458603199e+00
3.102951098185264822e+00
3.005156387853360034e+00
1.807767946393519454e+00
2.356593918634532159e+00
3.578691453163101333e+00
3.883340267625478570e-01
6.406365766864812183e-01
3.104612500168422162e-01
1.519409396748218066e+00
1.255713383971371888e+00
1.222603799581219564e+00
1.149630332864921112e+00
1.240834728291485334e+00
1.237767176109958678e+00
1.665691594036871614e-01
1.663688588225230580e+00
5.992406358687293322e-01
3.765223949590294161e+00
1.085333179383571212e+00
1.115373364075938456e+00
1.806285776740252036e+00
8.515827366369469464e-01
8.063337597112580912e-01
3.887821108788106494e-01
8.415907300378202560e-01
1.143475625310978350e+00
4.432590256042271415e-01
7.220326245728927450e-01
1.184473334903975994e+00
2.224075721841916486e+00
4.641269507435716313e-01
1.040234721899149006e+00
9.492048581124189477e-01
6.505163580307752325e-01
9.366442321164564211e-01
1.343114898444429217e+00
8.880376448456990257e-01
3.522096820194954958e+00
6.837949457613351489e-01
1.146392331993027147e+00
3.546431791945783729e+00
6.500757032684554293e-01
1.738092121149114044e+00
1.938860926542513852e+00
8.375860317004041322e-01
3.014046475777654166e-01
4.908693346947725078e-01
2.472213663836056785e+00
2.810302688582556829e+00
1.062784797217677102e-01
3.683838809265084890e+00
8.946377876918124583e-01
5.843867985931866516e-01
2.219257646930536398e-01
7.646244215020244761e-01
4.406615921150305759e+00
1.523076507469062202e+00
1.082752891429656028e+00
6.990514355014725012e-02
1.771932349277581364e+00
4.509508530077835919e-01
6.018814867176379702e-01
2.983345313799359744e+00
4.172547335508149047e+00
1.774506496431745184e+00
1.002823061350568423e+00
9.045756031332332636e-01
1.382210958395142741e+00
8.810930762286817153e-01
6.591365030831810579e-01
5.755716215966143245e+00
4.089060069303857015e-01
1.487031766450348513e+00
6.750308958055459829e-01
2.017002312302784706e+00
1.023120827144664124e+00
8.191519576814566550e-01
4.658471092776037992e+00
5.517163518953378532e-01
1.985622483440812047e+00
1.672465679411115902e+00
1.099591741177957660e+00
6.602756577021084983e-01
1.568999314843731785e+00
8.736768919011347334e-01
2.873290442052266469e-01
5.442024753158729578e-01
1.283666322699330342e+00
8.214931237145847165e-01
1.593107856056596106e+00
1.238826295704219316e+00
1.138125180363094513e+00
1.422768774150045656e+00
1.216550676276743514e+00
4.901288863167454490e-01
1.404377497377807815e+00
1.902083603117828314e+00
7.312531953328542667e-01
5.438775718463981779e-01
5.284526748614306602e-01
1.301488676569560354e+00
1.195299147537606244e+00
2.724813328017993697e-01
1.600990886193840224e+00
1.847890879504042072e+00
1.825217944131358960e+00
6.311622915609734763e-01
5.852556927920926633e-01
1.481258993823393100e+00
2.366385049844891508e+00
1.172827341739067997e+00
2.835573598681821461e-01
7.779363752507376661e-01
6.141971699503391280e-01
8.735900301095744780e-01
7.582349300798956193e-01
8.934627123577298935e-01
4.248034936990140453e-01
9.934616037453658510e-01
3.985544769340852445e-01
6.222850778492702295e-01
4.610867008106844800e+00
2.344800679009840794e-01
1.108108983039069573e+00
1.154108577648043754e+00
4.704846612902257585e-01
1.276446001887230119e+00
1.615975982679333622e+00
2.232891253641549500e+00
1.173922425968658256e+00
1.025153676595415231e+00
1.238670055116519064e+00
1.913398081850670174e+00
1.379859929249105166e+00
5.487263517106099053e-01
4.428432606544811634e+00
2.683903362953506289e+00
6.515754092097270078e-01
2.414585571886016524e+00
1.023282555456094700e+00
2.320448383239027967e-01
1.268799623708500190e+00
2.643944825731781023e+00
7.593894635827008743e-01
1.150541278674768852e+00
1.537047382107388227e+00
2.356782824751978644e+00
9.050572703884024461e-01
3.997384748491548123e-01
4.023776945599033539e-01
3.581625904772918645e+00
2.073899916087678985e+00
5.410505363421371783e-01
9.771437096787464194e-01
3.031977817270026243e+00
1.193724939376717531e+00
3.395220230541388662e-01
1.801083105256072514e+00
1.136849133605866591e+00
6.012552687333047041e-01
2.357105576557546378e+00
1.098564620006583503e+00
1.319984692241833901e+00
3.790447781087614931e+00
1.694170604392102764e+00
1.145473764014645468e+01
7.784901782772006840e-01
2.778894787040526282e+00
6.001815668067959075e-01
5.222392789698588889e-01
6.327930956603064594e+00
6.720810829606981285e-01
5.866946605067973053e-01
1.337492359821141008e+00
1.192810166142300510e+00
2.132918553530158690e+00
1.048046425220614086e+00
1.677150635891428765e+00
8.047047692732925972e-01
1.236694939782588598e+00
9.525413545820425876e-01
2.017542394967240860e+00
7.297522417251528504e-01
1.260493440185037617e+00
5.359941980190455757e-01
6.551743842663103612e-01
1.283575310235451017e+00
3.959760206478263544e+00
1.727850893636633911e+00
4.083298412547627931e-01
9.658548996435233347e-01
3.711500792713710029e-01
1.399079217306148371e+00
1.190397913662694540e+00
8.450956408570998724e-01
8.338980360469191444e-01
3.160985974819721989e+00
2.890220464381851317e-01
6.889975366944456336e-01
6.348658548095866827e-01
4.683615767787152606e+00
2.921473874606726806e+00
2.031863592057316925e-01
7.401654037184328683e-01
2.778799505498167122e+00
2.473221774378527194e+00
5.665860039089185562e-01
1.707150199274811708e+00
3.503290743242217786e-01
2.699786801070600095e+00
8.092994423549110250e-01
5.911653828087591878e-01
1.030204225327200129e+00
2.170094547393103923e+00
1.616178406388786515e+00
3.837428364245447088e-01
1.935471378977717150e+00
1.066869557490031539e+00
4.842994577864832562e-01
4.602115632830114045e+00
4.922426721012108652e-01
9.686937535215430772e-01
8.993086046439774384e-01
7.835782244039625477e-02
6.658103713112035749e-01
1.256735017319625669e+00
1.261669761313467752e+00
1.424683035407764198e+00
8.000009204302449550e-01
9.611738909331937197e-01
5.887595665832976444e+00
1.647200092716532283e-01
2.139360306024153502e+00
1.952229770686189969e+00
8.006509792290122940e-01
1.847020607756385546e+00
2.204980216793061665e+00
2.990508877534562515e+00
1.976652603137159847e+00
2.042750468103783579e+00
8.968105644949766475e-01
1.429651464566750851e+00
3.452094881163649265e-01
5.010965506815850956e-01
3.249678740138678634e+00
5.575831207464287953e-01
2.191579284035437336e+00
1.540834387028534147e+00
5.863493027533418500e-01
2.445969456659422558e+00
8.424127085902233247e-01
1.404702798057067881e+00
1.228945770302029450e+00
1.577624028565183245e+00
3.452309879803032722e-01
2.433418899669159141e-01
1.622679676894602130e+00
2.340933586361658492e+00
4.658535994156023374e-01
5.769783251484301712e-01
2.082078375680204707e-01
2.660353324866069791e+00
8.993109115577093693e-01
3.197909553032238228e-01
1.683061044262373240e+00
3.980122305368826385e+00
4.702099606528282294e+00
9.681250569109799420e-01
1.768283821706963854e+00
1.152674754302931204e+00
1.446201305692236483e+00
6.859431771169199443e+00
1.912336343533354466e+00
7.952441595773805938e-01
2.715648246558959311e+00
7.294418010935975749e-01
1.280834917360240910e+00
1.880885992265177997e-01
5.080696407427865324e+00
1.215042639359894983e+00
1.272454319100875919e+00
3.204529600360442876e-01
3.802574704223540825e-01
3.878097053168114705e+00
2.610113631523535371e+00
6.301061040965592053e-01
1.243101989530971174e+00
1.515806036106456700e+00
7.102795035184108485e-01
1.854754942235825821e+00
1.136241190439094106e+00
1.823596935703240440e+00
7.149741410640839678e-01
1.013830811571252433e+00
1.231065292658241273e+00
5.067097823731886441e-01
1.346940235028168509e+00
3.066143884333794589e-01
3.563768670110888159e+00
9.993808582434728915e-01
3.220309179842775649e+00
1.499123186999390622e+00
5.081838936289123643e-01
1.269374080515563774e+00
3.472748374026529028e+00
4.555785739602756790e-01
1.683716816365695035e+00
1.401634346114695839e+00
1.587159195353116781e+00
1.256929109236257780e+00
1.998265948272166170e+01
1.028600846976744920e+00
1.459373093658295817e+00
5.820603080960561337e-01
1.582130836185915435e+00
2.017805114472320138e+00
2.148044403970243987e+00
4.152856293571119406e-01
2.215587159369929449e+00
9.226234227057529269e-01
2.213527599967632487e+00
2.164455904245968565e+00
6.842198239468417764e-01
2.271629267560391630e-01
1.231533346457759137e+00
1.819615742789479240e+00
8.112474700168007535e-01
3.209380570522669895e+00
1.719723679728049293e+00
2.107777284337380763e+00
9.839159899503590045e-01
9.622331035551800582e+00
1.816061546559749829e+00
2.549290707692795976e+00
9.647065464138592228e-01
1.055577770457357234e+00
2.802458599897972746e+00
5.488262270846152591e-01
2.012471018771287423e-01
4.836467841149461599e-01
1.351923711188702582e+00
5.891048760912382942e-01
2.947993305995110447e+00
9.751228705810337516e-01
1.136351593359939960e+00
1.553529087013944876e+00
2.709041065794089764e+00
1.052828873537660304e+00
8.292085518103045061e-01
1.412609385193881018e+00
3.792360663985337998e-01
1.142572471318042515e+00
3.579527660464411620e-01
8.927272889537338774e-01
9.413186093831147350e-01
7.748076582000170687e-01
1.203989399982400066e+00
7.892735931717250741e-01
8.849140902998127167e-01
2.767968462228295734e-01
1.099008194620660239e+00
1.755858231961854976e+00
1.312790660788701047e-01
7.869595740953622132e-01
1.372571877661243001e+00
1.426340522574501835e+00
1.623617188937833244e+00
1.345678672068820303e+00
7.201250156618924647e-01
1.222822683657905030e+00
3.525888003417187555e+00
4.023308635856832183e+00
3.095693268078381077e+00
2.178760152654873661e+00
8.775785625750247565e-01
2.901234235029598985e+00
4.169538374730218599e+00
4.735178810448479325e+00
2.273872624015809141e+00
4.686696127749873098e-01
1.224797841093140605e+00
2.054844609768702757e+00
1.236540772214397288e+00
1.997438977369287327e+00
5.254921115801696185e-01
2.287796183055816002e+00
3.419688387571223065e-01
8.606920074330834947e-01
8.539406771599922230e-01
4.980726883517511139e-01
3.717344094959019074e+00
1.427331582242478358e+00
3.844695106586938915e-01
3.509456600733322329e+00
3.246275524370414889e+00
1.614180488811445935e+00
1.562543840793565897e+00
5.457064932652487821e-01
1.205252982497174941e+00
5.204881472924561825e-01
1.147547936917314937e+00
1.831848821987167031e-01
2.611155663245425806e+00
4.444495603324691846e-01
4.755964498836990351e-01
2.803463789649818683e+00
6.483816972684462998e-01
1.672074231430975777e+00
1.570971424218281953e+00
1.022127368517792290e+00
1.284646450016439623e+00
2.704010154250889642e+00
5.686652609733992003e-01
9.514282857950205896e-01
6.070079950094924293e-01
1.324081997164783253e+00
1.815094549141087921e+00
1.941085430288093328e+00
5.091754690693003349e-01
7.340997573734608928e-01
9.209061645966587495e-01
1.268993076559008504e+00
5.498026565898642692e-01
1.368198741102486293e+00
5.281553514026426921e-01
5.090241792818892552e-01
9.472478614998849356e-01
6.996956803353855392e-01
6.158850616916644594e-01
1.894568495069700598e+00
8.609544563169557740e-01
3.308517322605265765e+00
1.573334198469837020e+00
6.770347146456078269e-01
1.020531372916878121e+00
4.944251547951143411e-01
1.790436327412002315e+00
1.915744524192287246e+00
6.012940016097633178e-01
1.863465248904264460e+00
1.342632857854063833e+00
6.093679898473528533e-01
3.498840583016835648e-01
1.596629246531464208e+00
4.321624389650634002e-01
4.223510317719589402e+00
1.422602818774027167e+00
2.790188621405878422e+00
1.140502189011361578e+00
1.746578546093867201e+00
1.402842507070948042e+00
7.866532117564720705e-01
2.771850400806776804e+00
2.653959638454937320e+00
9.975593993371678625e-01
1.559496812590999593e+00
1.459631066304033054e+00
2.451417190727321671e+00
1.363921893334661517e+00
1.236559328107756928e+00
2.116694349573627676e+00
1.435741287890784923e+00
1.326672599340275038e+00
6.225298747160944446e-01
1.868945020445990979e+00
3.706764458444818278e+00
6.903854988948500138e-01
6.356009375749333001e-01
1.126191786452056309e+00
4.403485186989442579e-01
1.383106110506565178e+00
4.661857818205668913e+00
3.636512871197841168e-01
1.848511978581289239e-01
5.755731777346513311e+00
2.560717588266866240e+00
2.340175027032804778e-01
1.167375051916831774e+00
3.296902130087938421e+00
1.122065696468182106e+00
1.030502191409700119e+00
1.379089864106880059e+00
1.121738232509401856e+00
1.056151391772446990e+00
1.150973502998784204e+00
8.484505413848790756e-01
5.597961803419376769e-01
8.618175360750844893e-01
1.887138963853425944e+00
2.457560270762382704e+00
1.054131246711264458e+00
1.603084160121730939e+00
5.635701006183125861e-01
4.550609174991194217e-01
2.366973967666065881e-01
1.063385304914908236e+00
1.931940151210950196e+00
2.514075150995264796e+00
8.294346861853635344e-01
1.330504173839108351e+00
1.959860090285516776e+00
3.127815048784251761e+00
3.155972236772739414e+00
2.988580147619072314e+00
1.100002567905526751e+00
4.682774856092472571e-01
3.336341968179423301e+00
2.548783558071396005e+00
5.668832442622098178e-01
9.406759026495979947e-01
4.852026977477907899e-01
6.425931262491604290e-01
1.472456810106164138e+00
2.547573039099957359e-01
8.853378908628732891e-01
2.852720190457115113e+00
4.826251259928747150e-01
5.015844549147291387e-01
3.608703518640996033e-01
8.310055538488745341e+00
4.214341858681929232e-01
1.033840134107098185e+00
8.033660864125383716e-01
6.842123251594477651e+00
5.867154565024000901e-01
2.193141544767357232e+00
7.232420859324039109e-01
3.515932474390084383e-01
3.978407135300034425e-01
3.117579585529744457e-01
2.157786971550455490e+01
1.641718871617775477e+01
2.340129226294642262e+00
1.077902325100208669e+00
7.128940759685353790e-01
5.983981874804855661e-01
1.179458292605896297e+00
1.295864853020728680e-01
3.289234592749653574e-01
3.128343508848587667e-02
3.847677442118859203e-01
4.940869940577639619e-01
6.596819032591256793e-01
1.242425598138700016e+00
5.906644233105386999e-01
7.681417061526221168e-01
6.041372697575805306e-01
5.355174701527662950e-01
2.396958680968714006e+00
8.728590783771374984e-01
4.163359765349922137e-01
5.707343642317361798e-01
4.189826131972519963e-01
8.873237805008298285e-01
4.533020215421960097e-01
8.444908070237143738e-01
1.187523640341186626e+00
5.815563341565289646e-01
4.480262839116059825e-01
1.417739428517499067e-01
6.178050702278891082e-01
1.338315416626801202e+00
7.605348234320388201e+00
8.116066297841714183e-01
7.968582337100054147e-01
3.721629764462354717e-01
5.139880533051043310e-01
5.972520474191809203e-01
9.815343736655065543e-01
5.292662576133615460e+00
1.296834015894998915e+00
5.449100114162867131e-02
3.416828462057707405e+00
2.110686518270555201e+00
3.543211749123248433e-01
3.044717404343502132e+00
5.275683417727198288e-01
4.933088556329304986e+00
2.257697264952696958e+00
4.636656327548461576e+00
1.482256520134660471e+00
1.177231330737074755e+00
9.323036331862061266e-01
2.480717449395388463e-01
1.522370076368353642e+00
2.243271081061058325e+00
9.352068943746029150e-01
2.865835079044322109e-01
6.951524916615349214e-01
3.532980311155494046e+00
3.803043059469991549e-01
6.086939559661861843e+00
1.137020995893296771e+01
2.276775159349197164e+00
5.795790453381005625e-01
1.342467041629887392e+00
3.979997486279646335e+00
4.792173833559744689e-01
3.565540161366000493e+00
6.867455011672801923e+00
4.018094139827587119e-01
1.607382119366477014e+00
6.693625676864127350e+00
3.252366014647161130e-01
5.689757229192369259e+00
1.073607201173135905e+01
1.374932718572233759e+00
1.024268283545882730e+00
6.072457550309445784e-01
5.861171354760602581e-01
2.349148913265639571e+00
1.314319400371074309e+00
4.490872008220572753e-01
1.286119037151663758e+00
5.479487056756715546e+00
4.342763931424465373e-01
1.770559319936839682e-01
2.189356657823467334e+00
3.977530731382638574e-01
3.476094985398091031e-01
1.034609997255014902e+00
8.385141113873343599e+00
2.978918720007873722e-01
4.167250909930627856e+00
4.037171967632147696e-01
9.803450320399798912e+00
1.881307800861125479e+00
2.640351668700816390e+00
6.564752744915290927e-01
4.237800217444698259e-01
4.771127082285351761e+00
7.853973634563575779e-01
4.616675148981231658e+00
5.355326421728324737e-01
8.614579060599109051e-01
4.041113080987310813e-01
1.091660782688449682e+00
8.514219239814287965e-01
4.807719992576975354e-01
2.233477854993873579e-01
5.430411536363182190e-01
2.398582708742600655e-01
4.081872580599185674e-01
4.619253180506997403e+00
2.598674263918953287e+00
1.141933433204211035e+00
8.003734188846738817e+00
1.029526537386329654e-01
2.860835320323877884e-01
1.647443886766691845e+00
1.773291676707495212e-01
1.563296281607916782e+00
6.588180427748077106e-01
4.543535340924951260e-01
8.262896123123323333e-01
9.502658255536819976e-01
8.008760449344329846e-01
7.947647723598991742e-01
1.482684214728702266e+00
9.803079790512327918e-01
8.330491598690306532e+00
1.104479041653263272e+00
1.465449603393675559e+01
4.206303326226636941e-01
4.137384741781256814e+00
1.696076564310816659e+00
2.916028445513705325e+00
3.470112245324216693e-01
7.059380784898693362e-01
4.212720153054252958e-01
2.083444349883065261e+00
2.131044303019761443e+00
3.149230058843995317e-01
1.890651540571342881e+00
1.455252723290532124e+00
1.048475023013267116e+00
2.081123397175740353e-01
2.269359402525851777e-01
5.400573202693363051e+00
9.337224511424285778e-01
2.522508848151945315e+00
1.076489439671585835e+00
9.252007211883923610e-01
2.316131287951765927e+00
1.014761666525259010e+00
1.811082936738115601e+00
2.211478218052761180e-01
1.001768707497885380e+00
3.568144543080028708e+00
9.924075665034379767e-01
5.348721814903252270e-01
1.901257928689116028e+00
5.624012595236308476e-01
2.469162765653258873e+00
7.014959905524269512e-01
6.014425116984356556e-01
1.830428136090270219e-01
5.016557465837746532e-01
2.533756518887532172e-01
4.671057732083962466e-01
1.693509263651407915e-01
3.125552456027297366e-01
3.121073357856218311e-01
5.096873854727349773e+00
3.406016053918102582e+00
1.685777710028003584e+00
1.944115376144420981e+00
6.142982940527550895e+00
1.111703829578880587e+00
3.437114447739579304e-01
1.754314892580697560e-01
1.581070255890931087e+00
2.077315613929279214e-01
8.427443977991734059e+00
5.736000759910482305e-01
8.046194605355569962e-01
3.121745664842773049e+00
5.097576922583523462e+00
3.373537287810163043e+00
3.697611277214178371e-01
2.709003638441915385e+00
2.403914569324894224e-01
3.457984170909865096e+00
5.814096901330022549e-01
1.489683116021577991e+00
1.184799551219435587e+00
3.265391758963738233e+00
2.274594610499697911e+00
4.435799687083294529e+00
1.542585718848740850e+00
7.433325889708595202e-01
3.430846286271444501e-01
2.046336706098522973e-01
1.445510313281883619e+01
3.060409624676357243e+00
4.835349292396984855e-01
1.723752058694388412e+00
1.165301864218734273e+00
1.444956252217433601e+01
2.590429393587765361e-01
3.418733339569185459e-01
3.321709239764471189e+00
2.409939608009694645e+00
1.789082462588920119e+00
1.213917968286908566e+00
2.349042688518053534e+00
5.906591629311782610e-01
4.854956463187816595e+00
2.316626917529813756e+00
7.715038509525016241e-01
3.863536220141062238e-01
8.951960587890236409e-01
2.424942038257920096e+00
3.224577010292149493e-01
2.070675464559622814e+00
1.010930032294991898e+00
5.096722066575656740e+00
6.275130545814952221e+00
1.823878214900468819e+01
5.606476898446542956e-01
2.890134154455809012e-01
8.455578554084902665e-01
1.233357591865343439e+00
7.957852461509956399e+00
6.943514402376591566e-01
1.138808697418143057e+00
7.157809418743730223e-01
2.443031190155579235e+00
9.587884418223051597e-01
4.799018938274570711e-01
8.245276245286142780e-01
1.832211774523518633e-01
5.481943238030887677e+00
1.842801883582696754e-01
5.406191798452173458e-01
2.421233359886837988e+01
2.150876919799664666e+00
4.601554613664761151e-01
8.369284765353068867e-01
3.132835653526542807e-01
1.965464490640622452e+00
3.027575111394318896e-01
1.243004743828291625e+00
1.711260595446718380e+00
1.444238592219643902e+00
4.075332070958477826e-01
1.929919487531910782e+00
4.344389266011057238e-01
3.171893991355150821e-01
1.040587106960987773e+00
1.074494047680115916e+00
1.224642549757371057e+01
3.493410495631759094e-01
2.837354084012202460e+00
2.512279407716087043e-01
5.007694020907176302e-01
3.489369370010472760e-01
2.028891424315505621e+00
5.354660301517367715e-01
3.405821662598907396e-01
9.497945930976289253e-01
2.714076247935410358e+00
2.808898653713099436e-01
4.220157891814685924e-01
1.451356543632952523e+00
7.194125264811613851e-01
1.619693386569373006e+00
5.769019181386887407e-01
7.906090754070869142e-01
2.712315037622474723e-01
2.344412907119012568e-01
1.556733221885994389e+00
2.624315859987803812e+00
4.228777504740855342e+00
4.694726127541098415e-01
1.695981329946134375e+00
4.440832026540997290e+00
1.231451491469437087e+01
7.481699587441795751e-01
7.234057744992963279e-01
9.684951516898415713e-01
4.011953446145835045e+00
1.421777018289567263e+00
5.231807806757448054e-01
1.022867482536549355e+00
3.394117606449171820e-01
4.123530623750396806e+00
3.893898768975256885e+00
1.721988108060207079e+00
1.518972538367556746e+00
4.865657536338126588e-01
7.746091554549582314e-01
1.565729178586168224e+00
4.607117331434837482e+00
2.206230618313897163e-01
1.984368628677823931e+00
1.902535857288779297e+01
2.518625960246674733e+00
6.299459504467443516e+00
1.203825191848088227e+00
8.155964209470024651e-01
9.932312096617438302e-01
2.216658528339009449e-01
4.755053547837186367e-01
3.297795039876092904e+00
1.511151335215077829e+00
6.154421527627781385e-01
4.769011491639496003e-01
3.612600542360892009e-01
6.636411043840955148e-01
1.134959824214858415e+00
4.776244136274736540e+00
4.313264458564744608e+00
1.905419071623924765e+00
4.465251792455249835e-01
6.952347461406258589e-01
1.048332369688671939e+00
3.288423040745549475e+00
2.638949254530270405e+00
6.719351871384766639e-01
6.508427679393111731e-01
1.518297177224444461e+00
4.740198391172877335e-01
1.673378358465296145e+00
7.118360607340272761e-01
1.469562036196241928e-01
3.490472744227910873e+00
9.423307472727281420e-01
5.293267566051772510e-01
8.968076470490893293e-01
9.630969527942808694e-01
7.706411006910287576e-01
2.999992546901412704e-01
3.236201022404049943e-01
4.120149426879151089e-01
6.330100343412809138e+00
7.654963979526152595e-01
2.372858728283959273e+00
1.848893212515312579e+00
3.030688443205297178e-01
4.130331407683290323e-01
3.887388034530821490e-01
1.620248737187306887e+00
5.715961218707592550e-01
5.963685549365067562e-01
1.474971460361497622e+00
1.542118748525510341e+00
6.833955430047913282e-01
2.832255687260947785e-01
1.066971025648089766e+00
5.953625555079874454e-01
2.419472159194389072e+00
6.174699034787562990e-01
1.342657177049225714e+00
5.264609726623277197e-01
2.228355138869213270e-01
1.117344773708816436e-01
3.029435222768837122e+01
3.237564361597432327e+00
7.262513841101596590e+00
3.199848161697375071e-01
6.976421081775099342e-01
7.933787009266635160e-01
1.510971936261076953e+00
2.124450814405326737e-01
6.978176772676673245e+00
9.266912597008551966e-01
1.974240853654207206e-01
1.841236218763356192e+00
2.528181453371904919e-01
5.390009656361200996e+00
5.563134265319065186e+00
2.511023073366485114e+00
2.451456415474183026e-01
4.753047879203597392e-01
2.340174791798660114e-01
7.049198525001131310e-01
3.770608714631106473e+00
4.710370896626264736e-01
1.149445021295902647e+00
6.786817813246502906e-01
1.527519745524833716e+00
5.663439641287932869e-01
3.964440596702333286e-01
4.787140445882381301e-01
6.365404578523560231e-01
3.105046902320824032e+00
8.096958231411613971e-01
3.049731004659349320e+00
2.896352064493533884e+00
1.154129209206775641e+00
7.467405623402897596e+00
1.388882537178402155e+00
1.264555325240997563e+00
5.357144780757163716e-01
1.654058082223154535e+00
8.529227319637662230e-01
8.108803556124031253e-01
8.681180563941881534e-02
1.101570019547331997e-01
5.661601162550088384e-01
2.078193433696089165e-01
4.153246297466954284e-01
6.517416559635996975e+01
4.153109802108710946e-01
8.071759773413046402e-01
5.912047814033757343e-01
1.273497888118720889e+00
8.245328643538236690e-01
3.196062800847713214e-01
7.602405070768454287e-01
2.167773221079422608e-01
2.538711429938900643e+00
1.148655609632010410e+00
5.914820975814397030e+01
8.995281603535126846e-01
6.798988471200128059e-01
3.441768225550251081e+00
4.039807233833260902e+00
8.278768242061397276e-01
1.643344385955450626e+00
1.003696494220751134e+00
3.956830924025924179e-01
7.288621848369842837e-01
1.893315259431196163e+00
9.996518207924267596e-01
1.078203966294735361e+00
8.753823080824391312e+00
4.161708767695163069e-01
6.143518763321942355e-01
3.889889622038837036e+00
1.420960613187712163e+00
2.388742301820309333e+00
3.784527900846113901e+00
3.686036901451115178e-01
3.663783704025024290e-01
2.167699470209288659e+00
8.151312062718575335e-01
3.991708394596240050e-01
1.326616657159131574e+00
1.453948474588731665e+00
3.559001584720329348e-01
1.749108029683779986e+00
8.196412122894707331e-01
4.973035361415759081e-01
6.049824179006317859e-01
6.694422232425036867e-01
4.824198481345444156e-01
1.161585455023613989e+00
6.528026644735934747e-01
2.642541018752466719e-01
3.878368280506757859e+00
5.998470967706981405e-01
7.472962696633892454e-01
5.731332188667012106e-01
1.732395191961999315e+00
2.663211785352332384e-01
1.570614295402952720e+00
6.712910465732226939e-01
1.446814969555052510e+00
7.672407720824414579e-01
4.043610946774563453e-01
5.561939873931036615e-01
3.656298185743123708e-01
7.568429454810333468e+00
5.154444922408726315e-01
2.844424594132911377e+00
2.756570804363102312e+00
8.273818627448619178e-01
5.610050966580010234e-01
1.219528141284034417e+00
1.222199265403110413e+00
9.445471184321452274e-01
1.715641886298805208e+00
5.571840732936790275e-01
5.573108793694954599e+00
1.338897986494062886e+00
4.630688481250735400e-01
4.693894840524427181e+00
1.829238563766139913e+00
2.136847331925378679e+00
5.199443162963325094e+00
1.862227015170699662e+00
5.544320648972340670e+00
7.295968842734359416e-01
3.880742795425612179e+00
1.195624547061855125e+01
9.353820965570207591e-01
9.166615507250429618e-01
1.508272318103543563e+00
9.183382898602638900e-01
2.437884789152442444e+00
1.083445332156211416e+00
5.925900381182768184e-01
1.371851870071542967e+00
5.435973258409552145e+00
1.440083498477048085e+00
4.537342085370988265e+00
8.964704551554384393e-01
2.035008084743135992e+00
4.862951213141636919e-01
5.499714545298053814e+00
3.284356129085236997e+00
7.999541737290317700e-01
9.377539483000565390e-01
5.631650268570927986e-01
5.716819612597952016e-01
1.508122467862511862e-01
3.240582613027151559e+00
2.835931288785065174e+00
2.084437944100746842e-01
4.186135323074513526e-01
1.021620327086355307e+00
1.765083117675684932e+00
6.384590846067864645e-01
2.613970334310942722e-01
2.998056778163957325e+00
8.316221973153987701e-01
7.339773784625844844e-01
9.929011107280337756e-01
2.240065707042666165e+00
1.947793917922415741e-01
1.576732623435513903e-01
1.429725276125660693e+00
1.864228948757337889e+01
3.001729601799560943e-01
8.254859076540682628e-01
1.284344793012893504e+00
2.912227506393531229e+00
1.036716831780246428e+00
1.165067027929928223e+00
5.032351531579501547e+00
2.127087138438642278e+00
2.068611240412403074e+00
4.777162544540172640e+00
2.205660225948432029e-01
1.637370424525569801e+00
5.617969175967110207e-01
4.139561155547503368e+00
2.624023537428365138e+00
5.862741873875690901e-01
3.460160266892931880e+00
2.128164178242399451e+00
5.065259486906347197e-01
5.067788397964331892e+00
3.419368835380997562e-01
6.375028946351279924e-01
3.023934170432148960e+00
3.429104203239454307e+00
5.262997311826306257e-01
2.931719150753058223e-01
6.849059367590649705e-01
1.287592436764548154e+00
5.931353504151869238e+00
8.042936045819494284e-01
5.508747074657529552e-01
5.961948025885153157e-01
2.919530268462945943e-01
1.655273460277432607e+00
1.079334203039213014e+00
2.882033275079169510e+00
6.198521329827069160e-01
3.732040117175521865e-01
1.818905411350447032e+00
2.298823675888272433e+01
5.734921804718944749e+00
6.465219345537600582e-01
1.054554169075660797e+00
7.393251894799975910e-01
2.387657458179952008e-01
9.241934355589574324e+00
2.949395037000679398e+00
4.046849622071074237e-01
1.534789140522694051e-01
4.441605303679377337e-01
8.944805598142599123e+00
1.916562189626654922e+00
5.151727226730962172e-02
1.652068402497768873e-01
3.406291150575444515e-01
2.305941653911822264e+00
1.355627895081903622e+00
3.081607805955968615e+00
3.514185589744320382e+00
1.719075249360563884e+00
6.101617267051595572e-01
5.258118409460238452e-01
7.283377180701243736e-01
1.294191189587641011e+00
2.940551547352986961e-01
7.526899640137953984e-01
1.324431656547615743e+00
2.752304316118629579e+00
1.809292113913286704e+00
1.916573200269579003e+00
9.785212191278775951e-01
1.201220718637175056e+00
2.492465381763624865e+00
1.217106683285683610e+00
6.437179481025907535e-01
2.848517567175584686e-01
7.880976488492760224e-01
1.690533447792696431e-01
5.453469182269363724e-01
1.846567469914593307e+00
7.613295790101022309e-01
2.775926630307278931e+00
3.874066230793194454e-01
5.606783518339154782e+00
4.384041265154835720e+00
6.307904266379186220e-01
8.223364756714801604e-01
7.886601873083241010e-01
1.801636883622013130e-01
2.829013783926452308e-01
1.578650705983309255e+00
2.506433254515296749e+00
1.041114175231379502e+00
2.293182358530910125e+00
4.922778565306765164e-01
2.499414233254816375e-01
7.791052163300556943e-01
6.367418276593297399e-01
2.377398459042650292e-01
1.074850648861088276e+00
4.987762304024666582e-01
1.803341158187262427e-01
3.680337525003902766e-01
2.583616606957550577e+00
4.945437184996319679e-01
3.885208520758643758e+00
1.320082525146456964e+00
3.612527106330469251e-01
1.555767282908050220e+00
1.118840651080703186e+00
1.373579646345498340e+00
1.682534299624004026e+00
2.864022228444139451e+00
4.934364780385659399e-01
1.613958627633123477e+00
2.250232853101011843e-01
7.058033851871020614e-01
2.714526284053583316e-01
2.114382681343241366e+00
2.483806921843140447e+00
1.730840288382463066e-01
3.015649705835569794e+00
2.507261143240438472e-01
8.517694954079358949e-01
6.136736533688128548e-01
8.483506451317801567e-01
5.551409075678023219e-01
2.174634528551585289e-01
2.486871632415919020e+00
1.219316288024294259e+00
1.450802023023762155e+00
1.197320246009890621e+00
6.161763548278196723e+00
9.250702052984248747e-01
1.149307653483763847e+00
1.975783254874218020e+00
3.586863108739427375e+00
3.098962855227463398e-01
3.713774494906294521e+00
4.132146639197863180e+00
4.981325605780926757e+00
2.111710909821592708e+00
7.722846739709577690e+00
4.171407470712053644e+00
8.895429289268748096e-01
4.431144379000184763e-01
1.335905435593384372e+00
2.526073207900790596e+00
1.017717896634478397e-01
2.880528162137020454e-01
5.570046707534997976e-01
6.330281699941144868e-01
3.653027196704284330e-01
4.943366741885897309e-01
2.600955540138238931e-01
9.906299272071950046e-01
3.078508043819832007e+00
4.053736966863909497e-01
1.096953282712477495e+00
2.545982528749565876e+00
3.420734469313561066e-01
1.237020125206139548e-01
1.592516246195753604e+00
1.358494756108942658e+00
3.397465077616128593e-01
6.493418037274034660e+00
9.221043319306362562e+00
3.676870217502104410e+00
2.239940674111176033e+00
7.979525295163283349e-01
3.544426390330228216e+00
4.834340435324209651e+00
6.385879099004200254e-01
2.814349161503901242e-01
3.623931412073569280e+00
2.185877568859257991e+00
1.545340317242142714e+00
8.097448927057154799e-01
4.855869362172823500e+00
1.241188395320457910e-01
1.404807757741175722e+00
6.519519658397011641e-01
8.222852449088953186e-01
1.074223123357224585e+00
6.153443684701015437e-01
5.262289270009094189e+00
2.174357311595024322e-01
1.281204985322870415e+00
1.711365328245993078e+00
2.438508679403182278e+00
1.991521332654545118e+00
1.214494022108834503e+00
5.703304239436526313e-01
4.604843855019673526e+00
2.636394572283205839e+00
4.386443204235659366e-01
7.798351190939792899e-01
4.776773568902798472e-01
8.405046395272396387e-01
5.766422812148231936e-01
6.454048593918665588e+00
1.820005604691925516e+00
8.008350030147447507e-01
6.638802239052263854e-01
2.976062354368430030e-01
3.498012163787238005e-01
1.107395106436718235e+00
1.835923056296005162e+00
3.080310616877444674e-01
8.586487325189171571e-01
4.727253411090361901e-01
6.200632798397106571e-01
3.289898293155113063e+00
1.414639952357745534e+00
1.456767872230860794e+00
5.664801485721253638e-01
3.042097119567525709e+00
5.555365243707980349e-01
2.365515195579071861e+00
1.388800781530872275e+00
1.517170530499133196e+00
6.090247465574583074e-01
9.688267534927051949e-01
1.281457269671072430e+00
2.878792412970874182e+00
1.231816711877547821e+00
7.468324566013439636e+00
2.375324516680425102e+00
1.579545489708073847e+00
8.505436812454163498e-01
1.085066323862330817e+00
4.483375523576962896e-01
1.666302439780124045e-01
9.975530258776497128e-01
6.458475325925603805e+00
3.307126847937710279e-01
3.516270227404155735e-01
5.282906544317321540e+00
5.885090703592427142e-01
5.225558122333250344e-01
4.971150660610040850e-01
1.560635256600316323e+00
2.053548392631423081e+00
1.092630958695831045e-01
2.593457207367517725e+00
4.106598271702713299e-01
1.730441230967085242e-01
4.540936075277764994e-01
6.923927488421784127e-02
8.787139227854057211e-01
3.822348283505700994e+00
4.310807297318852704e-01
1.500082055410336235e+00
3.960551611677050610e-01
1.567886605347415641e+00
1.047581975300987178e+00
1.682831900481061682e+00
1.348579086048396380e+00
8.311328496760324924e+00
2.475573492186786240e+00
5.637649476462749387e-01
1.515131495043284815e+00
3.562321433589592523e-01
5.792119459632272260e-01
1.181322070097188481e+00
1.269924757975737561e+00
5.079859110431833580e-01
5.667248986117439102e-01
6.303183460719725240e+00
5.051644888383469700e-01
5.458223314769901080e-01
2.655657844911167853e+00
7.025417745887492238e-01
3.799525506631811211e-01
2.141384150603923009e-01
8.406815948465223842e-01
1.093125231005600995e+00
2.527070662089663244e+00
1.181461699445625291e+00
1.257960584510713797e+00
5.904661377412024237e+00
1.357502061882313038e+00
6.602039461673143705e-01
1.400899273160986525e+01
8.289802675586555480e+00
6.924754996231571091e+00
1.480875386645376546e+00
1.439809483195111373e+00
2.896052483934559163e+00
2.962654474032380691e-01
5.040941860699572619e-01
1.405813397771672024e+00
3.673887245341723062e+00
4.052424629865343242e+00
9.548532117274953768e-01
1.989254533398427394e-01
5.237119894433226452e-01
5.550072833771817926e+01
2.322973336948707868e+01
2.579764931293645480e-01
4.173333045570575828e-01
3.428476162119079795e+00
8.555237964917562721e+00
7.009949394481439500e-01
2.079062124883859397e+01
1.078420335471910851e+00
7.726134743807311356e-01
1.065752530546464127e+00
3.041058234197130616e+00
3.907754148616511825e-01
7.002857012515223412e-01
7.073402816479861244e-01
9.330303824282975000e-01
7.592179550118741682e-01
2.635529331046875812e-01
4.932525464199908893e-01
3.555692733352194157e+00
9.680700627580381967e-01
3.032563644356720101e+00
1.001327791184327021e+00
7.603423562453632822e-01
1.449774915257653340e+00
3.013425534061120459e-01
4.446814486130297173e-01
2.784812336531855337e+00
6.228078670443764064e-01
1.047517783158159022e+00
9.413844228853237572e-01
5.497484318711733930e-01
1.602303593632686374e+00
3.482951900895138664e+01
5.987403820996423098e-01
7.147903915420461551e-01
7.497793040373399442e-01
1.513737486530204457e+00
2.845361973602970052e-01
1.346980673724198940e+00
7.224916447559134314e-01
2.424095428900494009e-01
1.456816983415547773e+00
2.149872250797895568e+00
4.013021172678484128e+00
1.370322110734943921e+00
1.631561174987176788e+00
3.018170646315990524e+00
1.150293228596161343e+00
1.029729141889076383e+00
2.759468884929648924e-01
8.730603099059740524e-01
2.623279471880834990e-01
3.991761217559557373e-01
1.234706984560042464e+01
1.147814883093085880e+00
1.028790725449073573e+00
2.876520987203822211e-01
4.533998879537289639e+00
7.680044246743095160e-01
1.814969472443731036e+01
4.765597874011226476e-01
9.113113463219031374e-01
1.212705636994117819e+00
1.078745710663777446e+00
8.951326119196726383e-01
2.893004831597986715e-01
6.734486394861580294e+00
8.490648866123546856e-01
1.399986379353527655e+00
2.976936812148356370e+00
7.353796562413913440e-01
2.085161340369464433e+00
1.049611020754117191e-01
6.436975925751313721e-01
1.104526394298340986e+00
6.504754740483492670e-01
5.629143974446176868e-01
6.491530208582240169e-01
1.641568849933006335e+00
9.304400269981465410e-01
3.682409268123197910e-01
7.094999838276992987e-01
7.321091607384517808e-01
1.437024167716812184e-01
2.490547980039845566e-01
1.048981529074342056e+00
1.053401677493575939e+00
2.537127511987924411e+00
1.711135135813341535e+00
3.593965501658267780e-01
4.172677221765650479e+00
6.772629469340182284e-01
2.357071602870242366e-01
4.207357875628626731e-01
3.510829083509361404e-01
3.950922465884645352e-01
3.946607150811808351e-01
7.295559483697806602e-01
7.407976626387391406e-01
2.187733304215121188e-01
8.734344963476977641e-01
1.800000000000000000e+02
3.479693329986409900e+00
2.558203557751609569e+00
3.079071479925821198e-01
4.373444925170547615e-01
3.730510334986186116e+00
9.101110604615856303e-01
4.532605716232205317e+00
4.541440807778392985e-01
2.964275729867985043e-01
1.208976070064227359e+00
8.796406121796569444e-01
1.258998080606302805e+00
1.976190906341268372e+00
2.712736692118449700e+00
9.603154971211778079e-01
9.379471908608404407e-01
4.541088481288389489e-01
1.855483001764131057e+00
3.182501525022893851e-01
5.705349492839594916e+00
4.921146796710786919e-01
1.532301092136544973e+00
1.559560403373495996e+00
2.421349006521190672e-01
7.182850442664030499e-01
1.318407192768110470e+00
1.797729081366419512e+00
1.311375659679699268e+00
1.882925913202587731e+00
1.559480481121435780e+01
2.837707712531239435e-01
1.051069229532804572e+00
5.270429331131166073e+00
1.172803549063196948e+00
7.568282190292427103e+00
