1.958384865746706671e+00
7.610714218912845164e-01
1.606592263450844049e+00
1.927957583751080950e+00
4.760360746870385129e-01
3.783241462341026207e+00
1.724665611903089868e+00
1.294819221479514670e+00
1.722856252719364711e+00
7.748653478398278560e-01
2.060243562221917735e+00
1.969817691465534315e+00
1.158610496028521730e+00
4.630169972245632981e-01
1.048304795830314973e+01
6.578980020149265140e-02
2.617510080936596317e+00
4.701540343240633746e+00
1.683280807577363092e-01
1.048964838340033845e+00
3.181155580529900551e+00
6.078781591400418405e-01
1.496512441719987929e-01
1.085004876530907714e+00
6.118586212351738718e-01
8.332378315395303492e-01
5.260877637559508990e+00
1.482951795160968533e+00
2.779939864640111669e+00
3.232887479266998376e+00
4.628861986535314443e+00
2.684637568387740814e+00
3.387680704641323093e+00
1.318392089812926571e+01
4.222436849932032499e-01
7.431917081980883300e-01
2.893857860707282903e+00
6.017437269839860381e-01
2.799127017019794383e+00
4.566435330715077789e+00
4.621978226587696859e-01
5.219028926498212595e-01
1.741406192472610970e+00
7.500631227986130689e+00
1.591545509874497499e+00
6.268512237685270883e-01
3.747546809296096626e+00
1.623901101713458806e+00
3.830717884801176609e+01
8.190837621938767965e-01
7.516110114768016714e+00
4.450925700115550221e+00
1.575808182475243413e+01
2.117684582950436489e+00
2.515792678544761518e+00
7.378915492525079500e+00
1.009393936224602228e+01
1.789119226319900724e+00
5.434206767652371539e+00
1.529179439760063319e+00
4.199859516843075014e+00
7.607785171691863191e+00
6.107026302000679863e-01
2.134932321136794986e+00
3.935715173861114913e+00
5.397575338568622705e+00
6.295292915661527822e+00
3.614543689645028923e+00
1.564657422363815664e+00
7.175401053419233621e-01
4.074093862604765803e+00
1.335150140274490305e+00
2.240371456895030366e+00
3.426125844825321565e+00
8.519549489213957827e-01
1.972766738072642134e+00
1.134542450095818555e+00
4.048717209859807320e-01
2.871143134360492066e+00
2.537414731524639144e+00
2.487420899161184806e+00
2.192107904699415410e+00
1.839364391856965542e+00
4.587152656790794758e+00
1.971244926326287228e+00
7.950071669441143296e-01
5.840614058553915022e+00
2.996449298749262358e+00
1.941819926010746933e+00
2.378173468786684008e+00
8.188391151846355909e-01
4.053626151883706008e+00
5.335253948899079113e-01
1.587222046325991620e+00
4.256027828036033078e+00
1.862290116576284404e+00
1.920008498039019074e+00
1.556852432924508145e+00
9.854232800691502536e-01
2.019865760959872247e+00
2.540210537167245874e+00
9.104326152904814728e-01
2.473648414931563622e+00
1.829783582200589898e+00
1.568363707229039061e+00
1.483611028808935695e+00
1.339288687751935214e+00
2.993193564094386527e+00
6.993758603074403446e+00
2.304422331505904697e+00
4.425069665555178666e+00
1.007433101940726550e+00
1.255258825283674273e+00
2.225323761613398510e+00
2.227853080924261597e+00
3.368390235807843247e+00
1.238979441576490537e+00
8.720700308323037220e-01
3.001052571178042694e+00
9.415482521826622486e-01
9.665393595834415041e-01
2.034796628968318366e+00
7.772436627007930365e-01
1.114940093895380402e+00
3.901930802403175136e-01
9.975137310547100844e-01
4.535571410248415702e-01
3.105549302087800001e+00
2.714639011539472513e+00
1.719012492943520840e+02
2.889777841638985212e+00
1.468628822722677807e+00
1.190255509470376838e+00
1.500494303173849797e+00
4.245924000797838715e+00
7.379023618962610165e-01
1.249186154255454095e+00
2.132761814736931161e+00
2.382331392422750493e+00
1.412306989417752012e+00
2.996390999683056666e+00
2.061960446343984898e+00
1.559862227246202604e+00
2.451738733798010106e+00
2.146861701866604299e+00
1.814814774451044777e+00
1.260474903840185901e+00
1.621838223329324924e+00
5.051578965067559102e-01
3.256396179372133659e+00
9.734573364757109770e-01
1.971181956186113249e+00
2.546222580102734057e+00
5.304193729626924814e-01
4.868936121583581911e-01
3.452403919442221802e+00
1.617837935045804088e+01
5.077928609238863800e+00
1.495992495406583078e+00
1.702615296369784481e+00
7.638888881489769744e+00
8.316746259889863380e-01
8.558765860025336902e-01
4.406537612596990172e+00
3.568341573980381654e+00
3.960804073082538235e+00
2.061469547418380177e+00
2.591552668488321221e+00
4.773884565287420112e-01
1.477817489380595095e+00
1.761434535440202565e+00
1.141308795880321414e+00
1.620099683411303948e+00
2.752281789429243397e-01
6.754020072467842972e+00
6.684053202686962569e-01
9.587664535486568607e-01
1.262855252169729381e+00
6.027962481525082072e-01
2.353489797034308495e+00
1.140497707616862089e+00
2.115822895381347379e+00
1.260562758097857561e+00
9.480777497519945474e-01
1.010931931174517517e+00
3.994085386257253401e-01
3.939434230914431900e+00
2.594863597117703868e+00
6.687782205098091737e-01
4.864885371588006713e+00
9.348647190527420436e-01
1.195502388376197045e+00
9.803330832001915240e+00
2.094932010311467252e+00
4.614887102703599808e+00
1.391277357982463325e+00
1.791614801349614039e+00
1.361868510741173655e+00
1.652505806895116391e+00
7.461148060500991663e-01
3.476437059667689677e-01
2.018243203721386436e+00
1.791396994879894748e+02
2.474032970196773817e+00
1.194392468314334321e+00
1.841800935530046868e+00
3.442786735241037732e+00
2.107280254893603821e+00
1.907250127707076803e+00
9.573275719992023758e-01
1.608072169636627580e+00
8.326755217739131965e+00
3.418164405402146944e+00
4.797129152755442161e-01
8.426396479643465387e-01
5.733256895361651395e+00
1.862954539372291496e+00
3.668649471240691406e-01
7.878075750786076581e-01
1.061136490665108179e+00
1.075379652979866707e+00
1.887733672683865604e-01
2.425741976779321796e+00
1.983639609255773983e+00
2.964326809602165214e-01
2.923069051687682274e-01
2.758573179408775555e+00
1.564409742273895620e+00
2.006201477310203818e-01
2.015277565844222796e+00
3.429867530309711476e+00
4.365069378592340676e+00
6.674144452998827859e+00
1.725188489884291299e+00
7.026265909790453401e-01
1.089913807053906503e+00
2.519025228189218257e+00
5.009278762943648822e+00
1.644664831209364797e+00
9.907486332019810327e-01
3.087275367160598361e+00
8.504777808169033948e-01
4.415074717870504095e+00
1.092302337498176401e+00
1.413158005096992464e-01
6.135740232633031255e-01
4.943688076580512458e-01
1.105521353022240305e+00
1.588548060913358206e+00
2.036174549716390558e+00
4.514902495298779961e+00
1.119830269243470955e+00
4.888504605141181791e-01
4.083792061528215278e+00
6.975013983864210010e-01
3.056238802187959180e+00
1.785634276423246547e+02
1.860617176048298793e+00
5.850446392411018381e-01
1.082870467648287427e+00
3.270827223465503142e+00
1.618186869386102789e+00
3.356545421991292133e-01
1.379376205232042407e+00
1.276035132080181711e+00
5.203536988108596972e+01
1.761246613892411883e+00
1.783992114113868377e+00
1.213104301309926747e+00
5.973162994038387907e-01
3.469312753931852011e+00
1.735788032905929157e+01
1.038213473909062046e+00
8.718651910951239481e-01
1.310785211273836293e+00
2.428756719626335325e+00
2.208720321877034820e+00
1.363979691139068251e+01
1.886085381097529101e+00
1.037119751516522914e+00
1.743719480904979413e+00
2.822175291112334783e+00
2.219780435953771835e+00
2.923398885393492797e-01
9.659664406135967107e-01
1.268426623252915109e-01
6.950221296482773425e+00
7.210386158935246925e-01
2.531838624007399563e+00
3.273562739685066947e-01
8.314364737624460044e-01
1.051400174374518937e+00
7.929196509739873111e-01
1.232906900494170399e+00
2.066667340640898409e+00
1.301407282079528116e+01
4.147039878517346650e-02
3.113126932206909281e+00
1.751875030466049754e+00
3.544418054027760334e+00
3.204759590070898412e+01
6.321940527877536020e+00
4.385624994863757564e+00
8.576304899011081284e-01
6.357225551664307694e+00
3.946105157080352033e+00
3.656971726773998732e+00
6.275748497751021393e-01
3.195602429218921792e+00
5.669744412147769808e+00
8.676002238776100439e-01
1.776643948466426925e+00
3.079899808015695850e-01
1.478461915191586096e+00
5.022174000148807993e-01
2.486872706258686616e+00
2.040587389481487879e+00
8.719230838559667296e-01
2.134075183359601890e+00
2.054710590264401837e+00
3.978955529214711628e-01
7.450960677349426353e-01
2.165452875096951502e+00
1.067830420418681259e+00
1.368503871489546331e+00
1.905844447327385671e+00
1.285011224260391050e+00
1.910898404540667528e+01
7.395699179913727273e-01
1.448948590136210024e+00
1.729267448567424426e+00
5.941821769399592945e+00
1.028368196319378258e+00
1.304816671369309899e+00
6.282657693931097853e+00
1.425203394638572041e+00
5.045313079422200531e+00
2.700998467670063619e+01
2.027093217299703820e+00
3.534804089976288477e+00
2.828241941369863177e+00
6.796746990008416534e-01
2.822212494655897075e+00
3.727887962079958761e-01
1.315398775041483503e+00
2.479923942663922798e+00
3.075618865757531850e+00
1.133587845995231103e+00
1.081277764207082548e+00
1.719230293872465509e+00
4.353001483574444386e+00
1.732912155833559842e+00
1.171381279830387090e+00
7.902624353697298432e-01
1.743638647972865607e+00
7.073593391835345523e-01
1.526600684918855366e+00
1.784803785605084681e+00
3.919886381156049815e+00
1.854406701529878854e+00
4.855085521458216924e+00
3.935150892263509004e+00
4.004473155973496290e+00
6.360837160352141417e+00
8.994283875293179742e-01
4.222510842530106778e+00
2.130055277509520284e+00
2.579045064220832462e+00
6.183179743562166042e-01
1.070621363054456987e+00
1.274177760932868164e+00
1.739397303390911809e+00
1.087406883850665729e+01
9.831794835790998999e-01
9.950681321721049910e-01
1.675701840808622389e+00
8.424498769040077439e-01
5.080700802830742546e+00
7.203286318453110404e-01
7.286132194118893679e+00
2.837643989954307777e+00
5.076312688379631233e+00
3.318698793840811234e+00
2.811843691008993673e+00
2.242081499800496314e+00
4.598609883934373643e-01
3.225996948780110785e+00
7.833820306347537565e-01
2.097172467420481912e+00
1.130429147508618559e+00
1.204922991156127665e+00
4.607135107607413516e-01
2.668537521357501774e+00
1.065220908915557096e+00
8.926596101987149368e+00
3.332992992671531596e+00
1.464481342826990939e+00
4.749038271084577434e-01
1.805046871966095035e+00
8.540204563715559916e-01
1.083527096916663934e+00
1.238515229383415184e+00
7.199879208341705805e+00
2.587332262309070874e+00
1.471479797515430343e+00
5.951937346014489760e-01
6.875147938636573919e+00
5.313654305463598071e+00
2.717570293115094238e+00
1.912257202930947697e+00
3.023054708254028355e+01
2.415748403388596977e+00
2.338536964504890570e+00
4.505905142648827244e+00
1.644041610175957402e+00
3.011063913442829421e+00
1.245036304145120676e+00
4.821635065292461775e+00
9.448274171320798498e-01
4.707972563545014033e+00
1.439694845302382342e+00
1.089487885214654561e+00
8.123387310450903342e+00
3.548876993716563177e+00
2.025638809427160680e+00
2.573684235837365164e-01
8.010378147150336581e-01
1.483664333982043226e+00
2.603640450069162338e+00
1.605905070454267891e+00
2.508764131680723430e+00
1.002113141859566126e+00
2.454561221292999473e+00
3.699929961808984813e-01
1.320937791462210242e+00
1.600772238221255472e+00
3.819347158377077722e+00
1.309451447346126285e+00
1.928496831436013359e+00
1.058204626348735822e+01
1.255669170077308605e+00
2.846503859966536432e+00
2.478557797718425437e+00
2.008006667096881248e+00
1.780014076114884176e+02
3.842425057522587672e-01
4.006630493349799593e+01
3.712426235435822175e+00
4.120253620773232095e-01
8.226411757090921206e-01
2.979896230611684516e+00
3.624039259343845298e+00
1.654414937776213179e+00
1.382101290407922622e+00
4.033156373652646209e+01
2.100002170506218402e+00
6.470957111656895355e-01
2.295047883007728107e+00
1.803951697762363970e+00
1.505508689390311794e+00
1.466721921870504541e+00
2.321083505922624468e+00
9.055375848778746128e-01
1.029892563479672951e+00
8.415305658020433288e-01
1.054761239140852291e+00
2.691335260539498897e+00
1.017397054355929420e+00
2.460192348223919634e+00
4.007336286916320489e+00
1.687435179683882902e+00
4.802802972104655232e+00
1.769001116698175169e+00
7.970254739377463649e-01
2.669835970879575360e+00
1.142055727703483292e+00
1.995193355067555574e+00
1.275554167366198755e+00
1.307071764550754800e+00
1.148718065244128450e+00
6.465876460076813714e+00
7.567171377203544935e+00
4.891835974766944872e+00
4.574697151664349093e+00
8.822882591671576957e-01
1.061822094534126348e+00
1.669631950368078321e+00
3.552820757189216749e+00
4.674189218847788041e+00
6.144765291303614596e+00
6.871827190706158994e-01
1.755852231023564247e+00
2.184932964562956936e+00
1.002722096010360664e+00
3.539845433223188231e-01
4.397384570816683436e+00
1.838712361891048142e+00
1.376050993851291038e+00
1.503658347137038609e+00
1.244912605887475543e+00
1.180736500791652183e-01
1.136133014363850169e+00
1.049866612486560991e+00
6.729785703969943800e-01
4.738988526193849360e+00
1.166468169074753591e+00
1.785431092062330360e-01
2.071583269458229459e+00
3.961002292131439617e+01
5.589750268809150491e-01
1.447615002574350829e+00
3.466630193525881420e+00
1.624200324802000717e+00
1.411348402915568068e+00
1.453859433305763726e+00
2.971587336596521189e-01
2.063820998475048896e+01
9.297446959004159739e-01
8.160480800086949316e+00
2.939772147473408426e-01
3.312207616160717016e+00
1.264097127261667675e+00
3.859694770894444016e+00
1.630330243856584982e+00
2.121524778221170582e+00
1.267021623208389869e+01
2.650667969574633798e+00
3.806814591867059061e+00
2.038681133599367090e+00
4.678408572214301842e+00
1.909323422485605937e+00
7.596780625814724131e-01
1.531908125461347403e+01
2.978823870861815770e+00
1.185395604341787479e+00
1.118678337238169229e+00
6.567727612349083977e+00
1.786241597958613925e+00
1.231104739083018540e+00
1.462212593719040221e+00
6.474470851107211322e-01
6.425099990227551849e-01
1.370794735211273707e+00
2.332478804393155691e+00
1.974402237818385197e+00
1.911152387709247114e+00
4.385540091830480769e+00
5.550374333932752258e+00
7.449309003402513341e+00
2.265145370608078412e+00
1.184915093071637227e+00
3.823498308573727300e+00
1.244717771685561747e+00
1.954425742890671724e+00
1.262173068212299798e+00
2.381340042067022988e+00
2.987297055031762572e+00
6.587914545021612334e+00
1.255206828061187707e+01
2.726816808627396060e+00
1.714329674885204380e+00
5.790137717997298594e+00
3.261357364983933138e+00
1.059639254189816082e+00
1.718569569021119348e+00
2.452153239758643188e+00
7.825936326736302462e-01
1.366678261360274149e+00
7.929300613030835221e-01
3.391105053587832874e+00
9.697664567122600943e+00
1.069488486219321022e+00
1.072544240681944316e+00
2.584254673454378537e+00
4.185149342674137962e+00
1.448417042100426766e+00
4.639169917839870649e+00
8.966664548727003137e+00
3.166921056999101758e+00
3.780180106314213528e+00
2.457605071578840672e+00
1.772508472139495472e+00
1.539164054334668963e+00
2.428861877508598222e-01
9.930256354340860625e-01
1.397845694955246909e+00
1.800047015697315622e+00
5.056457374643732017e+00
6.390314917790145266e+00
1.370947784937635472e+00
1.549798172636838722e-01
8.332047144669703087e-01
3.769833516363725323e+00
1.296898688851256143e+00
1.968089789632276654e+00
1.933512778183589464e+00
1.546807918841433427e+00
9.789107815110131838e-01
7.260805230235221508e+00
2.245213392516653084e+00
2.909660939624532094e-01
1.941566220570068557e+00
4.657985100149888980e-01
5.665973365888929969e-01
1.021882393719903970e+00
3.426143191121139520e+00
1.790755904462710379e+00
2.892144028393681676e+00
2.800273812231534265e+00
7.805220174654632359e+00
3.193066064530914350e+00
2.469159316004142291e+00
1.635966661914697529e+00
2.137827244210609212e+00
3.341250374516518407e-01
1.311747161593908473e+00
6.625425781381713008e+00
3.194443378895944541e+00
3.070018232704441630e+00
5.073776812451084339e+01
7.478621508885289204e-01
7.524938374289148468e-01
2.273696637965305190e+00
1.362623741708468561e+00
1.961051621615678364e+00
1.895305150246916037e+00
2.271948913520384750e+00
2.702485055001921488e+00
3.122476495905782468e+00
4.761431944120695370e+00
3.612883575078262055e+01
3.539659106569294611e+00
1.159139033697814236e+00
1.790751168410330081e+02
2.006218626964140217e+00
2.730417206767620186e+01
1.793357207789900931e+00
4.189884263882057702e+00
2.141551824740234533e+00
9.340522687335011121e-01
5.511525796253130771e+00
7.473388774234285492e+00
1.331205093470370304e+00
9.108095359822881987e-01
2.753294935767705454e+00
2.085833216045222815e-01
2.208497560048485742e+00
1.305286919561905457e+00
1.412309274207043108e+00
1.601826231541072731e+00
8.389972392415390168e-01
1.085680732227269463e+00
1.873104506322145646e+00
5.621372810762501615e+00
1.323823574941128012e+00
2.056676417183486905e+01
8.914683253221110659e-01
1.035033412416843657e+00
3.698386706005740265e+00
1.212625688512793731e+00
8.476018938689833249e-01
7.139876955013921389e+00
3.526100826285259782e+00
1.661151578350877456e+00
1.499065537930469372e+00
3.028592159177645904e+00
1.543062882402584102e-01
1.172182721238074876e+00
5.491080553450889745e+00
3.651219302872231065e+00
8.310094880141505325e-01
3.290004254705071740e-01
8.069850783623797597e-01
1.306423616879661687e+00
4.734335227247347788e+00
7.989279880193721484e-01
7.866492048645552515e-01
8.118669881067624994e-01
1.958577424550648871e+00
1.384996226601784564e+00
1.804072212172223022e+00
2.989622239393467051e+00
3.348862672128970708e+00
1.151175865232074269e+00
9.748655778673731120e+00
7.574135640765217170e-01
1.546908608047596445e+00
4.246799758407280301e+00
1.559277056447992083e+00
3.434399497307238480e+00
2.582718606924333304e+00
5.343831589821055328e-01
1.866409072013744730e+00
1.796428384253858610e+02
1.837664506205709314e+00
1.288833863256046985e+00
1.580744914913914778e+00
1.545443371231652874e+00
1.166955886569708500e+00
3.362481751064104429e+01
1.675121387949078056e+00
2.445966564366478746e+00
3.338277076189404280e+00
1.048753020430594818e+00
1.700004444805693904e+00
5.358992274099873221e+00
2.275654911503871780e+00
2.101377635112449571e+00
1.845278692230477580e+00
3.638993898447302922e+00
4.525519394962881137e+00
6.701913175543006140e-01
8.629433782528066477e-01
1.573594162726536627e+00
1.302565448582606589e+00
6.814865268798818043e+00
1.034362383546028941e+00
3.624309486014394288e-01
2.428989128030115463e+00
1.991414130209202993e+00
9.459194293533754738e-01
3.651494899232782809e-01
2.420940819513285547e+00
4.650615224736244890e+00
1.464665420038759880e+00
1.173811651768941644e+01
8.147244587857980225e-01
2.587105229803186024e+00
5.656164467155066156e+00
4.002509545014993897e+00
2.417056824373515322e+00
1.568494081731729217e+00
4.719910241411473528e-01
1.169090683460331848e+00
1.959207240551252172e+00
2.411741879023811652e+00
1.774072139385716396e+00
2.422981168270464725e+00
1.062788454901413493e+00
3.481355058690019710e+00
5.436518159821410734e+00
5.717805915841236875e+00
1.339545827859367488e+00
2.542946603245676673e+00
1.696727963202082856e+00
4.065064563059491709e-01
5.402983191539159069e-01
3.137393974558170484e+00
1.677397422765119606e+00
2.435133697169447498e+00
5.453218985087089798e+00
1.151984208092288675e+01
1.659547455169827934e+00
1.455868286818143709e+01
4.799232775542046525e+00
1.480497286233506182e+00
1.553963672558922759e+00
9.067330836905165281e-01
4.808719978132257600e-01
2.280423399238442173e+00
8.762404001970109491e+00
3.719750388847073985e-01
6.632777809446768202e+00
3.294337932926481027e+00
1.692020095120499690e+01
9.947362981326727249e-01
2.082229056581610394e+00
1.076476918456308551e+00
8.320305024604748301e-01
5.001350772092857389e-01
7.040025537224744445e-01
1.003860452079378129e+00
1.708366053954857762e+02
5.729639063077561767e-01
1.120906009232762512e+00
1.190714871436147293e+00
3.158915098510668074e+01
2.195515362387868485e+00
2.153291064689494050e+00
1.427738585791287207e-01
5.339154598125519513e-01
1.242189166546244117e+00
6.658033364266869869e-01
1.455264167403007791e+00
3.372245351801199664e-01
1.372492330147782491e+00
3.453217157408755345e+00
7.222004859572763280e+00
1.381520117271844761e+00
2.070551853121631147e+00
8.011973494739872415e-01
4.352307417819430424e-01
4.323980480882707589e+00
8.819419149896982058e-01
4.264511336240782491e+00
8.550220619107199438e-01
2.171468263880344640e+00
7.120411362696150093e+01
1.899981188247991337e+00
1.842176015792341692e+00
3.613483939926347421e+00
4.085132483097525302e+00
2.438697619263807681e+00
2.605945640617633341e+00
6.078275480795586994e+00
1.338366389834605652e+00
1.727848805979744329e+00
1.918181710807848361e+01
2.325273818784642899e+01
1.920419231138855265e+00
2.200552600582041052e+00
1.320731933660550528e+00
8.025882944632387606e+00
1.333149686733988148e-01
2.071342340776549218e+00
2.053280897672724148e+00
9.922282690847085362e+00
1.620017073389452111e+00
3.207249163600507824e+00
1.611432523186074883e+00
1.827514686958666035e+00
4.992481941670779966e-01
4.119750955780849822e+00
6.958201573584092969e-01
2.202438156608450104e+00
1.547872506382542213e+01
5.558299347787297728e-01
2.386504757664688281e+00
1.543700564041989765e+01
3.894789227353368855e+00
8.615823998388556504e-01
1.559534202501231537e+00
5.839433451982642076e+00
9.723693120085452612e-01
1.624257382303669006e+00
1.417964321025299457e+00
1.742472507369381418e+00
3.549474654123772499e+00
1.379679224197531306e+00
3.829321451028008805e-01
2.397454923537094373e+01
1.598947648300294011e+00
3.928265559730701018e+00
2.568361937099751469e+00
1.706255226539720615e+00
1.025097013313237992e+00
1.002034403217042513e+00
8.004651581422530526e-01
4.364351850591365434e+00
2.160857699215970484e+00
1.375408732065921402e+00
5.854743778375744334e+00
4.387574374033432756e-01
4.579835452008073626e-01
3.877114096856955516e+00
1.630520396104863545e+00
3.257627481233124733e+00
2.004616326832071493e+01
2.967976612291063798e+00
1.100440487013135904e+00
4.286914021391840635e+00
5.982545426491216567e+00
1.809829093061611438e+00
1.251120304636403890e+00
3.375528640092535060e+00
1.804040503970400833e+00
2.099899878601237391e-01
8.208834824010611264e-01
7.645129945678174721e+00
2.261664152286241514e+00
1.877791531632318378e+00
2.411339563722573409e+00
1.204907608459200974e+00
2.316385409652413241e+00
8.419870723180804539e-01
2.371973914979524256e+00
3.194116609488559799e+00
1.250972525323204110e+01
2.896750076376763072e+00
1.875403088781019800e+00
1.066827006833204861e+00
1.569728678330415628e+00
1.155227595116103734e+00
1.277192729720965980e+00
1.206011217199865371e+00
1.181363801636914790e+00
2.369834747454289126e+00
2.333471758711007205e+00
2.057113682324877679e+00
1.481540406727307690e+00
4.850450480476319548e+00
1.984649901634481184e+00
4.739319604680656717e+00
2.737661285645114351e+00
1.219548962731815012e+00
1.696714630017039038e+00
1.661977509098600194e+02
1.732620874549483991e+00
9.765755946752529004e-01
7.080269129075136281e-01
8.757660901812515775e+00
1.515072492374081703e+00
1.888066711446751311e+00
1.541792473741665059e+00
5.297464346852908124e-01
8.242083456368501260e+00
1.072284104404282346e+00
1.591659636580923465e+00
3.275218911015255419e+00
5.673516078114413830e+00
8.599462180520095478e-01
1.777897997115780004e+00
4.148848850926879273e+00
4.813303802781490504e+00
1.297719707829024793e+00
2.668189830133834040e+00
6.313633076779390230e-01
1.705459412339754399e+00
7.881389743655573543e-01
2.551270899190808183e+00
7.528744839901133190e+00
2.850154540528516023e+00
1.377642668260123271e+00
7.995866636197376254e-01
4.582124426121466088e-01
1.865493667093531371e+00
1.019047120472151180e+00
2.946907357707528874e+00
2.065602295073712735e+00
6.690866231802825581e-01
2.419555653843313003e-01
3.856297775433270125e+00
3.721169398376578674e-01
1.129229849783378592e+00
3.264806398071551374e+00
2.512037569618075672e+00
1.290368401026963152e+00
1.848973387419394321e+00
8.534901698169536921e-01
2.439216052191668094e-01
7.715011164031015944e-01
2.849711797978174488e+01
2.075505051035354320e+00
3.320817331473421063e+00
2.910811853030840002e+00
6.072489241587697428e+00
1.196756648970797476e+00
1.612438539482094146e+00
5.975097085771790439e+00
1.164972754896304030e+00
1.442893610815971783e+01
1.620002357622742029e+00
2.150645345869349523e+00
6.968020783731930790e-01
4.101889152116983683e-01
3.466021322513423097e+00
1.924829013920764886e+00
1.096213521936728164e+00
1.130160107802348352e-01
6.454419927198051798e-01
1.214514890230387723e+00
1.001463322629226660e+00
8.869512261685266186e-01
5.772392870850825419e-01
1.529366279590047117e+00
7.347682718520496259e-01
2.913160437042950246e+00
2.104264039064837277e+00
8.801788807835710937e-01
1.837309838678806706e+00
8.994053624274949144e-01
9.582007203487268310e-01
1.840965747955978005e+00
3.270966287452977905e+00
2.957942500478973447e+00
1.616462856008064275e+00
9.800490596102291452e-01
2.444517717416814229e+00
1.143472466925473663e+00
1.910201146722609877e+00
5.924135232891195590e-01
5.154035333444906719e+00
2.777344565405356125e+00
1.393702051278566723e+00
2.588170636862564322e+00
1.409610611076074438e+00
1.521989719675470099e+01
1.853655704420360095e+00
1.257442084399920113e+00
2.436166353777441618e+00
3.099795803901245606e+01
5.991941128729830091e+00
2.883385493555291390e+00
2.358671821673160807e+00
1.207495060742711956e+00
1.418085219959372312e+00
1.384967778049849940e+00
7.134667654995841879e+00
8.241205004622245145e-01
3.995697881453404987e-01
3.893880942982273830e+00
2.859787114486395776e+00
2.380480175923475050e-01
7.240554510006900202e-01
1.826032697938335447e+00
3.842840259135348324e-01
5.254051983654413061e-01
2.511217788154221697e+00
4.889280289116509359e-01
5.989620259773526634e+00
1.071734865941910364e+00
4.015739579109168789e-01
1.752775805713518986e+00
6.902172210004320352e-02
1.396497999204193263e+00
1.009884608811036699e+00
6.368216835527158448e-01
5.013736270601398815e+00
1.741790236774880096e+00
4.740295359946933296e+00
1.980903570035670969e+00
1.320023796370838332e+00
2.366802536848386040e+00
5.244376733559749093e-01
2.283491585297578297e+01
1.678758331166858131e+00
5.539777250746845461e+00
3.314087570218642309e+00
8.380631478527255096e-01
1.807907028198206145e+00
4.181021402937445397e-01
1.516745152013075471e+00
1.337343695141840261e+00
3.340090353478818663e+00
1.674484626261741438e+00
7.787043539427174643e+00
1.411099931491105242e+00
1.549026120818097763e+00
2.695323670971039309e+00
1.127286385188469175e+01
2.590239595923848004e+00
3.809634584851381844e-01
2.987203295173069151e+00
2.002088570755699681e+00
1.041697314017205001e+00
3.425356386930304531e+00
2.486953058100070280e+00
8.381124624905869069e-01
3.146528641096939527e+00
8.073949164971516712e-01
1.086938227250684896e+00
1.901415219367415421e+00
1.123200921795867124e+01
2.510177148234181477e+00
4.140812253046701308e+00
1.404388336092966316e+00
2.510797765533087089e-01
6.370620774006523490e+00
1.923995114451195532e+00
3.953853734087476313e-01
6.246684100437179810e-01
6.871510074161945036e-01
2.649227886611047467e-01
6.418299485489135092e-01
2.847126452836512200e+01
8.747395036451894867e-01
2.312001464556001196e+00
3.291866421503461737e+01
3.777927455587758443e-01
1.090893384017094236e+00
1.136933534912909050e+00
4.974039752991222252e-01
8.848170556501628425e+00
2.157041140005497404e+00
1.697406275683942978e+00
1.130104367491316264e+00
4.722126035429180746e+00
2.576838888267721228e-01
2.366795175055561362e+00
7.989067134001092141e-01
9.919566060996093393e-01
4.392036989491147736e+00
1.334873410638090618e+01
2.019055059239387440e+00
1.057250853031255350e-01
1.182358318083481796e+00
5.902709096457848581e+00
3.057544026679821503e+00
1.776309302321865458e+00
1.152133867231262210e+00
1.349352247830055251e+00
7.967284581663011123e-01
1.982545418333395704e+00
1.199689354790956486e+01
4.191750461606310041e-01
8.388806387513971785e-01
3.527590784756922915e+01
1.765998787351580335e+00
1.808416818797352610e+00
7.906562864090148635e-01
2.610031650254219127e+00
2.555033208977929848e-01
7.698188844632539718e-01
3.272251871611608465e+01
3.808531203958634426e-01
4.736623124212262503e+00
1.942549167972748902e+00
1.927085339022247013e+01
1.128655930662811002e+00
2.876811909947730728e-01
1.153151345172266140e+00
6.950320498383136814e-01
1.121298152734264475e+00
2.246037976401949354e+00
5.113281892596068801e-01
5.805559021316507584e-01
4.892165174930412697e+00
2.220785411714811808e+00
4.452550784702627440e-01
1.112079015070124299e+01
1.454501499228509687e+01
1.403650654672044196e+00
1.537435237255865950e+00
1.152069995313584228e+00
6.475425551321426276e+00
1.732445152461850171e+02
2.114278871649511782e+00
7.693553649405979744e-01
5.527094237424319090e+01
1.217930767363847311e+00
1.030063825759615970e+00
1.920512814879532515e+00
1.565914102201946934e+00
9.569886673799407051e-01
4.794647177894315604e+00
8.888987691881371944e+00
6.877322916705208566e-01
4.128240952423772647e+00
3.554914863970095240e+01
6.480122588245443183e+01
1.116086481657671881e+00
9.765317827360751046e-01
4.766717532677385294e-01
1.611012955650052092e+00
5.556249941916864277e-01
3.216578839671678569e+00
8.623316940834332422e-01
1.161472616415155423e+00
2.077038361401611244e+00
1.249600003948399651e+00
4.216667638443754029e+00
1.538539403994200860e+00
8.265785156598571604e+00
1.118545583958726608e+00
1.436476644571636818e+01
2.816366037946247403e+00
1.410783660142618468e+00
2.381272575080022325e+00
2.924591673528498248e+00
3.738889821787981571e+00
2.890330347728242155e-01
9.582302321166316084e-01
8.124287125227979800e+00
9.496338543531006593e-01
2.106232432789218123e+00
1.230563189390188938e+00
1.380926065043331485e+00
7.589222035619054285e-01
1.426471455619911843e+00
1.313261650321701168e+00
2.091615658733616545e+00
4.561974597906591766e-01
2.513229168579023565e+00
7.260062992186373521e-01
4.869591237492605917e-01
1.981321173364084531e+00
4.717214272853963997e-01
2.809116235389125471e+00
3.588370450784742260e+00
2.752670711229916911e+00
3.438208093006814847e-01
7.217002501890816824e+00
9.258109567026806985e+01
1.119698483064062611e+00
4.735201967013431545e-01
7.932361888298848029e+00
2.678477120977019177e-01
2.627824242268118393e+00
7.879283545392583576e-01
6.779869515622195530e-01
2.572232026888859213e+00
1.911565267103973120e+00
4.979623187821628605e+00
7.123707731054349512e-01
3.167130381669926109e+00
5.671787486412413593e+00
2.985239985638981963e+00
1.456361316926588767e+00
1.304227702839624525e+00
2.038157842825674582e+00
4.465807852347974460e+01
1.705785841416289728e+01
2.068248016878219175e+01
5.016141221434167186e-01
7.269155170282861622e-01
2.048763114999687218e+00
9.363322722110684060e-01
1.055514416532551403e+00
4.468481010868795567e-01
2.285121145154155098e+00
4.835769848662418546e+00
2.049173897931416466e+00
4.788001847187308258e+00
1.940273017495834473e+00
1.751059974688914611e+00
2.029114809669990471e+00
9.737274653908185584e-01
5.996212641321466030e+00
1.300027121042101053e+00
4.973971809411069955e+01
1.074967025864448589e+00
1.767938386879837509e+00
1.026612369196999275e+01
8.533462125892666839e-01
2.682473862329968650e+00
5.465472120504857312e-01
1.414667648866493099e+00
1.027405962987281596e+00
1.856728780823813540e+00
3.924181292362228124e+00
3.080438883244094761e+00
7.125956111731832632e-01
5.976971009954356040e-01
4.671220838273720588e+00
6.427740315324208531e+00
2.125072796347025061e-01
9.793822981618838242e-01
2.289221262708258209e+00
9.805617782559444828e-01
2.178799470185110443e-01
5.876524542365559878e-01
9.172923242917342401e-01
5.379207223652611169e-01
6.358123167022783351e-01
3.904978381262083631e-01
4.648846665339908535e-01
5.084420735246143686e+00
3.667231889493049457e-01
6.751729871953792150e-01
4.393254891133389073e-01
4.284780448170465439e-01
3.145737515931981143e+00
1.122280046044959789e+00
9.987262183155356521e-01
4.285493621321144198e-01
2.069153839676033613e+00
2.880661743049102164e+00
1.399832255787547552e+00
3.934195801915664870e+00
1.386522400593128701e+01
8.291278587459687266e-01
2.184514009324693973e+00
2.070051239192828518e+00
8.521638941361646680e-01
3.523136523532795827e+00
8.025761428791196028e-01
4.875391938990720209e-01
3.118326867001263158e-01
4.435940058558659693e+00
1.838908623580008284e+00
2.294096984340730838e+00
1.467229224138765442e+00
5.047619716506348553e+00
6.672191020180318066e-01
2.905255114131211069e+00
4.054850863518588255e+00
1.143638461192619360e+00
1.733064046256743929e+00
2.195009830784437066e-01
3.081372141895744043e+00
6.846246240299927344e+00
1.423236159327642625e+01
1.463407207094234552e+00
3.888849006988006063e-01
1.550454089691177151e+00
9.264101605620708169e-01
1.634979896175917702e+01
1.795817865292037352e+00
6.683481832921758237e-01
1.105515910699195636e+00
7.966199649754338585e-01
3.304918656216151884e+00
6.620223778232452894e+00
1.592899828829649644e+00
1.098712681341828645e+00
3.038804787985566858e+00
1.125007818782003177e+00
1.669837688040093360e+00
7.312820753825254316e-01
1.138411387094085292e+00
1.305062655381248049e-01
2.288642448907346250e+00
1.626355686723262917e+00
5.743939861215530129e-01
3.548436656435124403e-01
5.759651634271684806e+00
1.394896794827179543e+00
2.790645672255398946e+00
4.783443480078606314e+00
1.473627590595177894e+00
5.433798077729019571e-01
9.681812760376572458e-01
1.961897261827509675e+00
1.360049494158376326e+01
2.118541090904011159e-01
1.128343243144384944e+00
4.962581455635892702e+00
6.705241888523257865e-01
6.991272272202456728e-01
3.902333738060025592e+00
4.067618865276510398e+00
8.744200788870322150e-01
1.614134016714537712e+00
2.934229460384492061e+00
1.514836482443884913e+00
3.678792291343936927e-01
9.704876545491186945e+00
7.075875213035579314e+00
3.109069892583438577e+00
1.227399027772616780e+00
7.993399404201401159e-01
8.086151014899642941e-01
1.409812075758491323e+00
4.389978192355237496e+01
7.779241576439742012e+00
1.434511230069150045e+00
8.958401027907125780e-01
1.943538454903996016e+00
8.444784745464957165e-01
2.186114885099109895e+00
8.166826695174286277e-01
7.379475787372893336e-01
7.337526260800236066e+00
5.678078325329440901e-01
2.345991013613108134e+00
1.935875429459245511e+00
5.535536065754387280e-01
3.033548136936752293e+00
9.440713921522556618e-01
3.446530279352672466e+01
3.891257142275255987e+00
1.375814186160717822e+00
7.096849755378396019e-01
8.585489663486877143e-01
1.050681903478821511e+00
5.540498240241698014e-01
2.658474291102734455e+01
1.803997798242984230e+00
2.503689559044075530e+00
3.294604067446823548e-01
1.838857142777378106e+00
2.907988232210127144e+00
4.208166333350312271e+01
2.194551633433285520e+00
4.266030229443935062e-01
1.900416476314002567e+00
7.286352994927668414e-01
1.109265573109877945e+00
3.481616711796416741e+00
8.139637044987244607e-01
1.224034359990830767e+00
2.293014416790696508e+00
6.147808001561341218e-01
9.186354869599623996e+00
1.202780619115089822e+00
2.015940988470553918e+00
1.621727763879428608e+01
1.581518582031107290e+00
3.118159769289368111e+00
1.202517844150589710e+00
1.292996905296495136e+00
3.943200135548840191e+00
2.612426360697051031e+00
2.651843417148605386e+00
3.006197864177654888e-01
2.466396920943060067e+00
7.747135410032330860e+00
1.152758994341917198e+00
2.965009390902379138e+00
1.806962185194393777e+00
1.640847869789411773e+00
3.121464379790116261e+00
2.286289931130230269e+00
4.757894432851620947e-01
1.413015033450995217e+00
4.605338219245563858e-01
7.135692007712837182e-01
1.315138703533722975e+01
9.408562517460783425e-01
4.312289404082990885e+00
1.124519085439859012e+00
4.520434114175495566e+00
1.331864618063596462e+00
5.333731715802705509e+01
2.990130309127455810e+00
5.290609411755001767e-01
9.146609050457640278e-01
6.851936072255039312e-01
5.603599078261219546e+01
3.520535312561769103e+00
2.621726309126122256e-01
3.831893330225711214e+00
1.352005162914915957e+02
1.682221138362273383e+00
2.449544719952322591e+00
6.000725702947761198e-01
2.859770766891579719e+00
7.847653418635230915e-01
7.751417442736896479e-01
1.123589014580952394e+01
6.831655577745900487e+00
2.601298624002899906e+00
1.238967977718150593e+01
3.355623969281550600e+00
7.804046294823179242e-01
5.748489506694607343e+00
2.241944971478044391e+00
1.351246711394044064e+00
1.048556749723585702e+00
4.093646612535702944e-01
8.138763964908918291e-01
3.831084726985776712e+01
3.299915393918275264e+00
9.735183396119585497e-01
1.241384347604073124e+00
1.014076812102055136e+00
1.045060546322540196e+00
1.125004403973703715e+00
9.083218563114201061e+00
4.293929005018873313e-01
2.445452096559643351e+00
4.483540903572829639e-01
8.702085921953142122e-01
1.858949746605372377e+00
2.879088828691262147e+00
1.275905510055151737e+00
7.573076024845531995e-01
1.839837857805891375e+00
1.724053954625130336e+00
4.077628099918288562e+00
3.663968332865187305e-01
2.383652396480401281e-01
1.381977232276121725e+01
1.706443579718039727e+00
9.011234501632630067e-01
7.993913403939029161e-01
5.075487178424796753e+01
2.226791608640182218e+00
4.142253614018510666e-01
1.828437991055150702e+00
1.687706798406588826e-01
3.073855836965285193e-01
1.670802265793468777e+01
2.003423624828598815e+00
1.396011062886995724e+00
1.922303089949135790e+00
4.163880366774966646e+00
3.953391748553570295e+01
2.206470797192321864e+00
1.844372489251265179e+00
8.401728907268671831e-01
1.966348682703515927e+00
1.856580732692634905e+00
1.451420834697549234e+00
7.413551444313594807e+00
1.901193395026730215e+01
1.660035538175701504e+02
1.679869426897069085e+00
2.962455989423672387e-01
4.713576835916611252e+00
2.426411446922119630e+00
4.148928153500348048e-01
8.824650728777968522e-01
1.297076614864377753e+00
6.995564545053358785e-01
6.278773957590794152e-01
1.074364099865434463e+00
8.052394942150064017e-01
3.655613514682739318e+00
1.086388570834259548e+00
1.137099143981419092e+00
3.189108478252202228e-01
4.354373030899328922e-01
7.617943022091205885e-01
8.976250726165551086e+00
3.806800808190328400e+00
1.646654341100010965e+00
2.488931281193673684e+00
7.634214202348349465e-01
1.712066235309240181e+00
8.386300752631100641e-01
1.651659298063727688e+00
2.634996343697847632e+00
2.669008701904004965e+00
1.162979373362498237e+01
9.405235116460499700e-01
5.472298204674136413e-01
7.089166819893157889e-01
8.383448209776099835e-01
6.574724114346698345e-01
1.637690543511883590e+00
1.547997702157726918e+00
1.973042413076552926e+00
2.291037879116637033e+00
2.975140376479060933e+00
7.270878608515586317e-01
1.406241840092642192e+00
9.783431278555916322e-01
1.520137629322127815e+00
9.455831197607903249e+00
1.020245831644896128e+01
3.058494301858192443e+01
6.734969636286678440e-01
2.333781819360578602e+00
1.707904130984201130e+00
1.905732951690131571e+00
3.022143338051782369e+00
1.276584321240081810e+00
5.758781752863565417e-01
8.561026735843205726e-01
5.586589921361575506e-01
2.466838989582682018e+01
1.406433208885210728e+00
7.723776420266924569e-01
1.473594802376070101e+00
5.179747108101207864e+00
7.867089382790501961e-01
1.766296598538754425e+00
2.398321306106903528e+00
1.769390348331294938e+00
1.578129105208000871e+00
2.900691558747426235e+00
3.787816688666742482e-01
3.423878316828402046e-01
1.406121020417943956e+00
2.859733168939142089e+00
3.883781921252061342e-01
1.724307103499598481e+00
2.156201405682594885e+00
6.537305618306557875e+00
8.294209069360315434e-01
4.300868055912374088e-01
8.563036569460092950e-01
1.007421534297789911e+00
1.592783959622732226e+00
6.952432822978082072e+00
4.340371231155481624e+00
4.441394049262608057e+00
1.820477220333413804e-01
1.396395684476610555e+00
3.600420383832534377e-01
2.403914480721990321e-01
1.785631927920923845e+00
2.174489531980763779e+00
2.416490050204168849e+00
5.464593972191252869e-01
7.979588917336939424e-01
7.920404462849736094e-01
6.043935699843275833e-01
4.556810342246905066e+01
4.845400604936659361e-01
4.746336449695614412e+00
2.325750242376328991e+00
1.777102298550018133e+01
7.452715484028719084e-01
2.781793535555130870e+00
9.365036028731701379e-01
9.136597173290650353e-01
2.305692293139375515e+00
2.205480661234314521e+00
8.432071157158782526e-01
1.024784593896705065e+00
1.188905607093775130e+00
1.995355628942930393e+00
4.096436183484719606e+00
2.091188444542630087e+00
1.188062963584588072e+00
1.105631123451097153e+00
1.950402176875631888e-01
7.588461489991907172e+00
2.065027099407759081e+00
4.320463969312392516e-01
3.824849416911750843e-01
1.564881983688162226e+00
2.126697178939143673e-01
6.599198441175264662e-01
1.027546188035339814e+00
1.218973905867361651e+00
7.735673645125933362e-01
4.930796583543806122e+00
1.790182966435688305e-01
2.523837415826777897e-01
2.005573403281608602e+00
8.935152132278385562e-01
1.130712148945657081e+00
8.109104903045095680e-01
2.332966387514449735e+00
3.365666111631151036e+00
9.877777313458563357e-01
1.636632507894141941e+00
4.260623199489825264e-01
9.737596126786174366e-01
5.096965890832920287e+00
1.077294676641834759e+00
1.714741084886979516e+00
1.955611791053319948e+00
5.487833679789032360e+00
9.343293859785840594e-01
8.501165326625108598e-01
2.024376320098418613e+00
1.390546978537432032e+00
5.772984962912551810e-01
6.905339399078883611e-01
2.682850564755906997e-01
6.004908439616665206e-01
8.917091020582468275e-01
1.560209506971110827e+00
1.072008255551661682e+00
6.835099175443265507e-01
2.922612242901013513e+00
3.877368478271603358e-01
4.024152674943477948e+00
5.842271748477673166e-01
7.456371328652720010e-01
3.116359551653141491e+00
7.831269800867468600e-01
1.584208794783617646e+00
2.012504073418029726e+00
1.468787595618526176e-01
2.278384314641746400e+00
2.853175825289121725e+00
3.771177873380135104e+00
6.517199986645821896e-01
3.099692380489835752e+00
2.722191876131260901e+00
1.231202031662823160e+00
2.750098498294384797e+00
4.340716326654181501e+00
4.424702064168601345e-01
3.253120168943161250e+00
2.454932619213653577e+00
1.605093640890564721e+00
2.238724219797279424e+00
1.819013301198669108e+00
1.782795264537463842e+00
4.325038920349669525e+00
3.012720406265324335e+00
3.216407618764884457e+00
1.855972947671363782e+00
2.711668961914844189e+00
6.235193059395172099e-01
1.216062217706382897e+00
2.637077913082756520e-01
2.452536627979167605e+00
1.642243549459462271e+00
4.292702153036256907e-01
8.892056070707230475e-01
3.512069334711538926e-01
2.793271708235125494e-01
3.659675603472958838e-01
1.296165782939057820e+00
3.671057121690557423e-01
5.697362865754365124e+00
1.276150521214317823e+00
2.400449377499800807e+00
2.879127839275276712e-01
1.281468060040659385e+00
1.428334185189854777e+00
1.267413697513823934e+00
6.450207625155467417e-01
8.518810107373665730e+00
7.622150024769939192e-01
3.720120275333905369e+01
2.658578472970156259e+00
6.915386937485564545e+00
4.393938330579278961e+00
6.343074638250375541e-01
9.062738717317027071e-01
1.490881028972709244e+00
5.153749234840627746e-01
7.835120014147014977e+00
1.715159280195051261e+00
1.240323428401145733e+00
3.887046756429737737e+00
3.135832081650895109e+00
5.539461323674068183e+00
3.619540223681712021e+00
7.128604670047186787e+00
8.915406075712972722e-01
9.432099561782337771e-01
1.546755236898876396e+00
2.123799232672257009e+00
3.318253704071945975e+00
3.664071980013641205e+00
1.592430829865285613e+00
2.256707531683389001e-01
2.653452947158795872e-01
5.510101250790381044e+00
1.680981668633535930e+00
6.607082609871929968e+00
1.917587775582139331e+00
1.417566685023442075e+00
3.191894482154635782e+00
1.356536145297485563e+00
5.544203971587062796e-01
8.460069086478478440e+00
1.421730482040003629e+00
4.955667336252165711e+00
1.128411495168506251e+00
6.391397350711538472e-01
8.585629548346330742e-01
2.884307623134524934e-01
1.724623374454440583e+00
1.614038040838551291e+00
7.045591219788401860e-01
8.235696649402677316e-01
2.780756016343925552e+00
6.684865281120666580e-01
1.987787357526064058e+00
3.110414491085728539e+00
2.768018150512026598e-01
1.366805938344021643e+00
5.544973985476898903e+00
1.082944542850615921e+00
1.735015756212632265e+00
1.191654077646729926e+00
4.968569508968374571e+00
3.409127645267301610e+00
3.011556809525694156e+00
5.353030893119845146e+00
1.004413677044539988e+00
7.657785437371182979e+01
1.631773165492185207e+00
6.695972154218677863e-01
2.397102692684138336e+00
7.061549054656692803e+00
2.035246453182017845e+01
8.547883796002677670e+00
4.664116156340159591e+01
3.159500746241322933e+00
2.175646009346775767e+00
8.935329508347048533e-01
1.136704637803967577e+00
1.690081154691078780e-01
9.109169948958155683e-01
2.420047793403254133e+01
5.429610369344628040e+00
1.415435183073874281e+00
3.644565024055717917e+00
8.112443676834666384e-01
6.520982466391883614e-01
3.840114107626782847e+00
7.176771120519624958e-01
2.092829136073685703e+00
2.035505233509361300e+00
1.769189599362133158e+00
7.510944624486723953e+00
4.233200842725960422e-01
1.535252308443955549e+00
1.573225858947056022e+00
6.665439419223438966e-01
9.345269142919674366e-01
6.021444050626912903e-01
2.442457729425302482e+00
1.011322728985009523e+00
1.059749487707393634e+00
3.490586788148966235e+01
2.761552243301718779e+00
4.496047974221286836e+01
2.505133387051565297e+00
2.405414987177072028e+00
9.127026176965825854e+00
3.498879424626881729e-01
1.785300405453801886e+02
3.963275916041187230e+01
1.189235169004069226e+00
8.122608918692417745e-01
5.228024262421432367e-01
3.315100549967213261e+00
2.308262554022922242e+00
6.798003814163873226e-01
3.321398227474017251e+00
9.154465379420295701e-01
1.883657528972950412e-01
1.708895158032631922e+00
5.177214904257128048e+00
5.486799430972492120e-01
6.776779489957391878e-01
3.441659703474853504e+00
1.480525033685432978e+00
4.563319472064404358e+00
8.771691233898243345e-01
7.812483837724968350e-01
2.239057888221720471e+00
4.186973867237548497e+00
1.102767911829307756e+01
9.142705861745199503e-01
9.035240440649059401e-01
4.766823446301849998e+01
1.044859662831889802e+00
1.128425322672217179e+00
1.825371302525654382e+00
7.072622133037685899e+01
7.751881506129976174e-01
2.389912481965466462e+00
1.018206658732392800e+00
2.522715881972699137e+00
1.527356504916902891e+00
5.678086964340241849e+00
9.630970179013262111e+01
3.675640028282030070e+00
1.088154686780437919e+00
1.519336703785753029e+00
1.172048588560692828e+00
2.036916234214242394e+00
4.499671078412388336e-01
1.213428642535634427e+00
2.707515940596060267e-01
7.469550145180091638e-01
1.607411842400541468e+00
1.858397539615473049e+00
2.865273058167179698e+01
1.326771851083548670e+00
4.423434490930835850e+00
3.730869655740284951e+00
7.523455191833238187e-01
2.854068742933318248e+00
3.505783899316775809e+00
2.114876260693774768e+00
6.457546855022969767e-01
8.288219248125041627e-01
6.211890674280378111e-01
9.738053444394042524e-01
3.219024499631222369e+01
1.304392704927680890e+00
1.411081788680912386e-01
1.185114815779642150e+01
7.137076094160584638e+00
5.477104899007598782e-01
9.206687255300322059e-01
3.073455867068271563e-01
9.686986073922708718e-01
5.734924258521312268e-01
7.677100762279609469e-01
1.770177733383706320e+00
1.144792304766785174e+00
1.273301468602481457e+01
1.795105569049662453e+00
1.397890840595360507e+00
4.131237229944351164e-01
1.465973540932402841e+00
4.422504334249434343e+00
2.946851025275732283e+00
3.369469085275784703e+00
5.196923929283155941e-01
3.038071894385552696e+00
5.598276924347441508e+00
8.455413697471176881e-01
8.387827731608332726e-01
4.860118424209169952e+00
7.159807300355670590e-01
4.952951521615702291e+00
7.509593056734094052e-01
4.747831328973212806e+00
5.470680546060837646e-01
3.673045828074609176e+01
1.600043148775947888e+00
1.616957278798592246e-01
2.396471961527976813e+00
3.219696947050693758e+00
2.976219804944017500e-01
5.038706739395567569e-01
1.159355630103134871e+01
8.150952403092128762e-01
1.850384212451104737e+00
1.234512952952233844e+00
1.169622184631001538e+00
1.112170486237117562e+00
1.102659635950589845e+01
4.075871604973428930e-01
8.216786438482116539e-01
6.399156448066661840e-01
1.182900116793153877e+00
1.657456567983947027e+00
1.972912658244450501e+00
4.442090926453790556e-01
1.625577603045629704e+00
6.968501033628650143e-01
1.783059558357796837e+00
1.174194707624535816e+00
2.014444772084698965e+00
4.836385480687048766e-01
1.942268196439733918e+00
1.504675607772502755e+00
1.048351771696740320e+00
5.209423216465119966e-01
4.326508328524885094e-01
3.267757088880842709e-01
1.768025508833348525e+00
3.281675861238051994e-01
3.114244077945042211e+00
2.868864271047536718e+00
3.972997070950783915e-01
1.510728725092246094e+00
1.458702647039836986e+00
1.171141593966285477e+00
2.543802851289697742e+00
3.677042691416371412e+00
1.633840145516937126e+00
7.796858707622859042e-01
5.954608192271015454e+00
3.224821429978685039e+00
2.314813708394567904e+00
3.343402244276960644e+00
4.138780030144606492e+00
8.823655640585688076e-01
1.477559801934167805e+00
5.983071333704574890e-01
1.958874803064945269e-01
7.307982035026764356e-01
1.768948676755018046e-01
1.764143369799027283e+01
2.727219674643948100e+00
1.310308948556533259e+01
3.788089643333780732e+00
6.627980862259145178e-01
6.326220178531252181e-01
2.545997779043284837e+00
1.327429174495789344e+00
1.805694047704956118e+00
2.606503604081259251e+00
2.390639425120307582e+00
2.052829957885069501e+00
5.151069070853363518e-01
2.079787796908421971e+00
9.594697843360872058e-01
1.888532227935358243e+00
3.599859443067515485e+00
6.248924944456332176e-01
1.009987152074990790e+00
2.296859956714321971e+00
4.103796495646245268e-01
2.360845278554564164e+00
1.300251715613744086e+00
1.142559928327148366e+00
1.062409191512811324e+00
5.007813952050116368e-01
1.620447595632516835e+00
8.088462301745428240e-01
7.996850702556964618e-01
1.976411938411640534e+01
1.019183831141757146e+00
1.277777171284617541e+00
1.879134656637539313e+00
4.274229226281106575e-01
4.182793274402914485e-01
1.753774209339490797e+00
2.306411503863015522e+00
1.335242914137215919e+01
1.333088214729343246e+00
2.938537971425394524e+00
1.351239601149252234e+00
3.800029878518649262e+00
4.392659378052431451e-01
6.496297913107651478e-01
1.669100283700627907e+00
4.793013567165925082e+00
9.492928540222432821e-01
1.378851817047506367e+00
2.806806953896451073e+00
2.654175510325413878e+00
1.996786284775507125e+00
9.342555131763442544e-01
1.395263292797570109e+00
3.688616060640537153e+00
6.625300090787927809e-01
4.027771559345641350e+00
1.446287311895824601e+00
1.645372338589660366e+00
3.343663539391222850e-01
2.757409624109099955e+00
1.278550518210411102e+00
5.821283234345865587e+00
1.788257380239418604e+00
2.107792312947848412e+00
4.527934549715562973e+00
4.744250378629538467e+00
4.451522854784401573e-01
1.855351804060196619e+00
2.283957118282852861e+00
1.329558000834110354e+00
7.929661404283019355e-01
4.771624056846529349e+00
2.471535981437910756e+00
1.988450853210579072e-01
4.571907414418121540e-01
5.278592138520674659e+00
2.038978431031669203e+00
8.845814247566458066e-01
2.573710270830105173e-01
6.919578858873911553e-01
4.587072988485190184e-01
1.031332077913277523e+00
1.122580237137428272e+00
5.239883424149072155e-01
2.885692904584418184e-01
9.590147178479512258e-01
2.064552317813456384e+00
2.913112318600050710e-01
1.912107980716602484e-01
3.218134250511338057e-01
1.564147029299096436e+00
8.538677082503574045e-01
4.427120625317425562e-01
6.565098799023842968e-01
2.359194850990709302e-01
6.976909010593927984e-01
5.783010326870363649e-01
7.328438309552242069e-01
1.343701258141589472e+00
4.633904853278359992e-01
3.923881327322519486e+00
5.011145411006004968e-01
7.868972250171352156e-01
7.927710546185067209e-01
6.200690930222322317e-01
2.404693898738730629e-01
3.526577871283727572e-01
3.935710677447460948e-01
4.752538791554938857e-01
1.100138555145212110e-01
3.574266409744787931e-01
3.610772621115516667e-01
6.899066954011604524e-01
3.119241247424727193e-01
2.230755915376044118e+00
5.950784551690381896e+00
3.619935615974478882e-01
1.255993679021949916e+00
9.878316671758207157e-01
1.379715883332097937e+00
3.667087608250019226e-01
1.747441436324429498e+00
8.878592746015409043e-01
3.527591513969856596e-01
2.694255475991578774e-01
7.507641478860646034e-01
1.098850420254906313e+00
6.731602523170332475e-02
5.090552389786577869e-01
3.747281328428402336e+00
4.655053944019270085e-01
6.576658928290722850e-01
1.042401274746104889e+00
5.701203008138875372e-01
9.830296900946394745e-01
7.088633605027280238e-01
2.296967484901813183e-01
5.716782388591977737e-01
4.764653800464357380e-01
8.699865852340402661e-01
2.772647923446250884e-01
2.929098695251314277e-01
5.949149698477820269e-01
2.164533468884487777e-01
9.737760815177776141e-01
4.470417522327330140e-01
3.363687084331836163e-01
5.015568103649992171e-01
4.759183553914222986e-01
7.922912774035875128e-01
1.337650342415105831e+00
1.147756246661714608e+00
2.368253586309367886e+00
5.965845506301916679e-01
3.206100998887161380e-01
6.507786757377871378e-01
2.239778742407882162e-01
7.751114509835228539e-01
2.918174223938652112e+00
5.805235216971812662e+00
5.039746942130970409e-01
2.341444188023397377e+00
6.059656437864583411e-01
7.939323649660664506e-01
1.076930197231583675e+00
4.374844743010373183e-01
4.696298946929092222e-01
4.766085032450322889e-01
1.284915950272704777e-01
1.264781617979655159e+00
1.617751195205578751e+00
1.991861978686969015e-01
1.355969268070918554e+00
4.387538869125536811e-01
1.733938478297321284e+00
2.609426246082324763e+00
2.215266501053791137e-01
1.506199646743835885e+00
7.841624359069577777e-01
7.871234831116046271e-01
2.065482787370360451e-01
1.099118205212035182e+00
7.826692425781349716e-01
4.965766813744378894e-01
7.697867700320272233e-01
2.109814986649143798e+00
8.524334784147343802e-01
2.742366941153285609e+00
2.362787072249881437e-01
1.542399939704856837e-01
4.463430862481457817e-01
1.707526250022343151e-01
6.498344125722403941e-01
5.524979776175784618e-01
3.269404270337035179e-01
1.685161466280625575e+00
3.032137202830598732e-01
2.028505343403242289e+00
5.114394587572432815e-01
9.730358122197411141e-01
1.662525795268871232e+00
1.504472591297638662e-01
1.696993478376543907e-01
1.787423941706099972e+00
9.844709530944129039e-01
1.199287922294118847e+00
5.172344688424512782e-01
2.674238810841161329e-01
1.628544754203265832e+00
6.167398476820837860e-01
4.434212933826725767e+00
1.908840336418704986e+00
9.558508195494458404e-01
7.727070717301627312e-01
3.651809211469695948e-01
4.577740235518877876e-01
2.338639070178458457e-01
6.956841599988309310e-01
1.075655369699687780e+00
8.926871889059072585e-01
1.259373854285771976e+00
6.469326149839444984e-01
5.141231316337387947e-01
1.077055531505338060e+00
5.817089391300165335e-01
7.138244783180754949e-01
8.185383333779120418e-01
1.014215406306617773e+00
3.841985938826301128e-01
5.881378559451118093e-01
9.115632795187762483e-01
2.470898036317177748e+00
1.715557570424716682e-01
9.272612844289949141e-01
1.705516771768492923e+00
5.558126725532718249e-01
8.884040290341379542e-01
2.680774024821364065e+00
1.080331674639305906e+00
6.935643643766201683e-01
2.467635371610117367e+00
2.979039385306039844e-01
6.209536017167526234e-01
1.663088426267240072e+00
1.823219604292894314e+00
3.787915368061424148e-01
7.253632857061909078e-01
9.601407002252819733e-01
8.539999907021320613e-01
7.285427916107278801e-01
3.291292121178054919e-01
5.843340746324091617e-01
1.508773250950248945e+00
3.415321134464462394e-01
7.413969180436136286e-01
5.457812579070489001e-01
1.720819753250772299e+00
6.027869552020355126e-01
4.203135924632389053e-01
1.048937951470448215e+00
3.151676781602835709e-01
8.311992875537621561e-01
2.972505290074759277e+00
2.342180702080648713e-01
3.230087794899077824e+00
1.839592816091157879e+00
1.107386027048382182e+00
7.462009038000064765e-01
9.497465158136092489e-01
7.019363505207640852e-01
6.900414503384487697e-01
3.183881259630698235e+00
9.309449386563046769e-01
1.155225977356368006e+00
2.686120455251193917e+00
1.193701240725920210e+00
2.082469203528398705e+00
1.105975346280750671e+00
1.900347433692570753e+00
3.420325494269145672e+00
9.231194692124200518e-02
7.127961891602808686e-01
1.907111033471766914e+00
4.608006853443225581e-01
4.862309177002729910e-01
5.705656059450230355e-01
7.532683815783892678e-01
4.501722700425077051e-01
1.254681184875889421e+00
2.512541955616384159e-01
2.015400989555193423e+00
1.084488958152427740e+00
3.102363776098996384e-01
7.273037092130831827e-01
6.458417785199196404e-01
5.026132158964876639e-01
8.056014811722091995e-01
3.554946930068250688e-01
3.395907865635172662e-01
1.487857546533050135e-01
2.279063142677127951e-01
7.795967660066759342e-01
1.034747930834068574e+00
5.664675767229269132e-01
9.211583893918454669e-01
1.466606791219472017e+00
9.834919876558008145e-01
1.612448985915719613e+00
6.685846188319739536e-01
1.966710681631828050e+00
1.009409328067060629e+00
5.447877746162844703e-01
7.218622067821787169e-01
7.703019024475550314e-01
2.911796426192022613e-01
2.927799020876883374e-01
2.468758865792962387e-01
6.384151487729112784e-01
1.022415177466164948e+00
1.146282931277841088e+00
3.470412129744749330e-01
5.046895720163685484e-01
5.909164287940018578e-01
5.812805737572774856e-01
9.699404044166911598e-01
7.280570531690628844e-01
8.984067731000984214e-01
7.877915521878274818e-01
5.108070773100555906e-01
1.524289312420253895e+00
2.543425129403945828e+00
5.801225758819102962e-01
2.060880835978111669e+00
2.092390556692300230e+00
7.518068172785520309e-01
5.088010796476321040e-01
1.039871029650735412e+00
5.923465363630217029e-01
8.572773518727442310e-01
7.686750962595003678e-01
1.867435481185868884e+00
9.402586267594525982e-01
1.291216184400785894e+00
6.434553981396955447e-01
4.268917296197820566e-01
7.428268074517710984e-01
4.296922763406940682e-01
7.254726266531099643e-01
5.132789328276565755e-01
5.939842835466293547e-01
2.589439821978476441e+00
6.495503761949834587e-01
7.411269216037333907e-01
1.065688974150006851e+00
1.816481584614062283e+00
2.873163107114402592e-01
2.950915864191633875e-01
3.657688373971589302e-01
6.484821669053936199e-01
5.740503934046516932e-01
1.180682446954107734e+00
6.504478553580019806e-01
5.298108386976226880e-01
9.343244962101715512e-01
8.643373194785709535e-01
1.811440116429825498e+00
9.442210164542365058e-01
8.740039587526708953e-01
2.457971113627736237e+00
2.992254540299361665e+00
5.337149461559740349e-01
5.133261574890812806e-01
8.872931302462581105e-01
1.444791249340193540e+00
5.477027152083317141e+00
1.507135340853285932e+00
8.899006930387650671e-01
1.985967636206266596e+00
7.250801281281585853e-01
9.487706411325984579e-01
5.835648820105023837e-01
4.884134685548772725e-01
1.888126311518365519e+00
1.021363109473173658e+00
1.675931154713823368e+00
1.667928137929176879e-01
2.332035423710126398e+00
4.840472211185607443e-01
6.914937887409432216e-02
3.409933381739579605e+00
8.326894774511084396e-01
6.766740833353450668e-01
5.431880331348086788e-01
4.647409097620108787e-01
4.220060416000793735e-01
1.468876756137028172e+00
5.928588450811074217e-01
7.251353490117583567e-01
2.513499584621565197e-01
1.328650631293178064e+00
4.661999989352287321e-01
6.823720661813859056e-01
1.844985951146447256e+00
5.876892695441501280e-01
7.245471864240633497e-01
3.953419820552135922e-01
8.446311897520784040e-01
1.302236935716619914e+00
1.026635521055620615e+00
8.606612983749690748e-01
3.041057529841954543e-01
6.015478645310760042e-01
5.166779186221617248e-01
3.087884752460923199e-01
9.325043862176642939e-01
1.836798948383481678e+00
5.395904719741461131e-01
1.001302035154196662e-01
9.969324244819158798e-01
1.677742959211632190e+00
1.423402687303463088e+00
1.880785259467805393e+00
1.628534345729050425e+00
1.038026157226262347e+00
2.764404291996369611e-01
7.716827000179697915e-01
5.338390383406801387e-01
1.183828803832098098e+00
1.874775260736061822e-01
7.821563939084585915e-01
1.462551743791361769e+00
4.458677331769275165e-01
1.656288111905812377e+00
1.330377959418096223e+00
1.202129726965261547e+00
1.332069996979156734e+00
2.520737037965890437e+00
3.313374754387515830e-01
1.672311588771965007e-01
1.245420214474874054e+00
1.619099191170059848e+00
2.803872988729042004e-01
3.307873689679015627e-01
4.762030820989099911e-01
8.823844633172378549e-01
4.342797879502994784e-01
3.204526083814144832e-01
4.970037459611205577e+00
3.284771187191730113e-01
3.178633493385569220e-01
1.611706824728389664e+00
4.339317056973805431e-01
1.634900028248220893e+00
1.370789532669646205e+00
8.768009788255386461e-01
6.424359148494562799e-01
1.060806839239901045e+00
9.419282498947021409e-01
1.898473483710616527e-01
1.664190483399013543e+00
6.059996580611345385e-01
4.214334870642539310e-01
6.214786354070249708e-01
4.475038124243853610e-01
6.356707868828205266e-01
4.871621486868105144e-01
2.498461441202618261e+00
1.347030052028861835e+00
8.647688073726107483e-01
1.462814534238094710e+00
8.036106309634354350e-01
8.875535318263039208e-01
5.182146994027589937e-01
1.156686061937569399e+00
9.117052984538254190e-01
6.739686343002290192e-01
5.702995546484315170e-01
5.329833072776709813e+00
3.169181385555753572e+00
4.205076114441718693e-01
4.255531783344354002e-01
1.296339324320588293e+00
1.011813570829701137e+00
6.378632825677490459e-01
3.122881367966492405e+00
6.929557430182382571e-01
6.286291861843342765e-01
1.575481815400170849e+00
4.671660117445686211e-01
4.018860495278138156e-01
2.680883684295483627e-01
1.112986709582221456e+00
7.201137118139512294e-01
3.644959116723736625e-01
8.120806319283047081e-01
4.535580589028117005e-01
5.842124768710706961e-01
4.901474844170719547e-01
6.706479798358461197e-01
4.287414341145339702e-01
1.066476958819400300e+00
5.649789054509471997e-01
1.044520313341231965e+00
3.430124185686965754e-01
4.537842117201511094e+00
2.814368497660645341e-01
9.702850714929210918e-01
2.544953697854962726e+00
7.837507115873699748e-01
2.321703841571610971e-01
9.870127318966708252e-01
3.209441258685195031e-01
7.930393306379225349e-01
8.099167335863295403e-01
1.129641629653663770e+00
1.192904693358804114e+00
9.707764572418838833e-01
5.162252867325819450e-01
1.731735702160575263e+00
3.068434920149488154e-01
2.399645892608579523e+00
4.835708798977158551e-01
7.359243681005193105e-01
2.782098415443504891e+00
6.719114890381679972e-01
1.807654037147495396e+00
3.323454453975944745e-01
5.314723912442513853e-01
9.038435090475320788e-01
1.915679150598147140e-01
1.922112973542656755e+00
1.545825908937223936e-01
1.446455468371610431e+00
1.042894043970600926e+00
4.566501065285151206e-01
1.191571810910706075e+00
3.500090389672710245e+00
4.933837157241915405e-01
8.450557536687359761e-01
1.210331962479402668e+00
1.896989704114906861e+00
1.092196237294621008e+00
3.854542188109152945e-01
2.347905137732074765e-01
2.285059326840486182e+00
4.147555806558444469e-01
2.469211244072564981e-01
5.403780476031355695e-01
4.883391346981353909e-01
7.689999215259638587e-01
5.218110151441717193e-01
6.015350950507079020e-01
3.870211714442121087e-01
4.068730019245807572e-01
4.879527019573832169e-01
7.905789955977465810e-01
1.202828390923118107e+00
2.623827546589152071e+00
8.200836996055955730e-01
6.351439857907253961e-01
5.121681222833035507e-01
7.820673939107671835e-01
1.574872798863728107e+00
4.761365225218041619e-01
1.151774246787698130e+00
1.113329174600759641e+00
4.012803750142908132e-01
4.202813534117600391e-01
4.279768639530867058e-01
3.131728125054400458e+00
1.133895153534562050e+00
1.204957845002947003e+00
1.335934227566696553e+00
1.721697106041709002e+00
3.171736121333159630e-01
6.417473862223286307e-01
1.889935689816929498e-01
1.700493017031862619e+00
5.116043757376005363e-01
6.235633222782057672e-01
1.136304359700881506e+00
1.056015979427521012e+00
6.653152314184639371e-01
5.813420192141210974e-01
5.145667564539980754e-01
2.265600475823829896e-01
6.907132616776369138e-01
1.310241923828481259e+00
1.015774449186295003e+00
1.140477065839106130e+00
5.874263015845220259e-01
8.582696299806356066e-01
8.551377739493596364e-01
8.273262834810650723e-01
1.682370733101504534e+00
5.001549128171233205e-01
2.263406106724313027e-01
2.333869260353903796e-01
4.752066135252183687e-01
4.318098932657907230e-01
1.074254724510599113e+00
6.395444126624142411e-01
6.987502067536419670e-01
7.228408025048279617e-01
8.067271344936179922e-01
2.513686338620004235e-01
2.310135595798434860e+00
5.370867931417964147e-01
6.544447250770346614e-01
3.660009156086266646e+00
5.412798629053695576e-01
6.437634216265450959e-01
1.491818835812052657e-01
3.189179064878988612e-01
2.647509639885242128e-01
4.598718534411369574e-01
2.181263729551989883e+00
1.668550796304496320e+00
1.070991135956973761e-01
4.020020801633481966e+00
4.506567791480515783e-01
9.826275387223043500e-01
3.367823387537525748e-01
1.805691986600821974e-01
6.950851913180776664e-01
1.187085989907637806e+00
6.317839719218881767e-01
9.577678601707870221e-02
4.607729554094364688e-01
4.175540950367676585e-01
2.010781956563811035e-01
1.544150464405111833e+00
4.147947454148187774e+00
7.235923449240508898e-01
6.911942589827657635e-01
2.762240079180327879e+00
1.461188320273115959e+00
7.983309795489516025e-01
4.931054610373095670e-01
1.771991469682598686e+00
4.719686344425333413e-01
4.968204248332671047e-01
7.150323159973330789e-01
4.520598768007145773e-01
8.182273192802834716e-01
3.294221428271658092e-01
2.663112918820699893e+00
5.629541045990993364e-01
1.650384887969660319e+00
2.435152231213766894e-01
1.228959076227213121e+00
3.062931828878452944e-01
1.328729421849642822e+00
1.179582275410448577e+00
3.332780182021136683e-01
4.228552184052583041e-01
1.462845574885746069e+00
1.095125989809679234e+00
5.746599681020370110e-01
1.048129287387651098e+00
1.861256740211109650e-01
1.103982747954421528e+00
7.073597777211905191e-01
1.431433532911611461e+00
6.094240507994218570e-01
1.361764021963910665e+00
6.294785036776505693e-01
7.997263861376658900e-01
5.597700635478168874e-01
1.571601606294732001e+00
3.274801289546176442e-01
2.140723125971702168e-01
1.324840718076946811e+00
1.199693870463544254e+00
1.893620384581472305e+00
6.168033705455350235e-01
8.133852624214904514e-01
7.527647086091142636e-01
6.365629308041950152e-01
1.650493100673097846e+00
3.856755252073840734e-01
1.132016075122852738e+00
5.237686890583650445e-01
1.034292898673680794e+00
1.010898446164514741e+00
3.404469843422456066e+00
1.049051356708060156e+00
8.115064280152306520e-01
1.118876705352770951e-01
7.344153761691492033e-01
5.136140271825013759e-01
9.163118450718401586e-01
7.635725689663425131e-01
1.244100882525416507e+00
8.142214431457052148e-01
6.606234207632029065e-01
1.350641333059078741e+00
2.253752708698857354e+00
9.625266112591414347e-02
1.121163609053463350e+00
1.294708602108245898e+00
1.735018732461939828e-01
2.776980964615180514e-01
6.731112117145743312e-01
9.499462751246997572e-01
4.216604052464248964e-01
1.353750742449590483e+00
1.605097174756943801e+00
9.806142282537901878e-01
3.676877002520506088e-01
1.325769618882173706e+00
2.671991291816107505e+00
4.366435957833691428e-01
7.430321969187289044e-01
1.461221559680163651e+00
1.752205985792598453e+00
5.731903954645115595e-01
4.076865954798244984e-01
5.391431785519602560e-01
8.460253035640520336e-01
9.670344713367309275e-01
4.638573331171004788e-01
8.834949967549250438e-01
4.490036478465030956e-01
2.748536230805037062e-01
3.595661760807171148e-01
1.839710245807713029e+00
9.508384422373948874e-01
5.713509142512258610e-01
1.670044699097744223e+00
1.492660549742895082e+00
3.946048348301124942e-01
3.374236902161697138e+00
1.660100540329467966e+00
5.192419406863048259e+00
5.816981947567968492e-01
1.962344228710311889e+00
7.639378706984943923e-01
2.765732392296132991e-01
2.810694634716448981e+00
7.839395559719551931e-01
6.687872419104340382e-01
4.815916006506123281e+00
1.110954627765432745e+00
1.524043464700559847e+00
7.253527863694170241e-01
6.149441671973463475e-01
3.273881005109108844e-01
1.166936787612846471e+00
3.295744260575710904e-01
2.010128002271768910e+00
8.695660600701585752e-01
3.440129026179378768e-01
2.457130671710435976e+00
1.068059982217309578e+00
1.562337904663194443e+00
5.251039870562880907e+00
7.183214011902813168e-01
7.618976954588222439e-01
8.000738998847435335e-01
1.350324136680978726e-01
1.367909770152186288e+00
1.198241060822207382e+00
5.656049203489236232e-01
4.911840829876539805e-01
1.547789302776032772e+00
7.334603332399080022e-01
7.100667410557209847e-01
6.066099579675023890e-01
9.843076382511282141e-01
8.684150493761635392e-01
2.922971280555140550e-01
3.036171130207604429e-01
5.188116806987257412e-01
4.185633860331356981e-01
9.557168405411164969e-01
1.717749704356554830e+00
5.669315439098630005e-01
7.307287917339611028e-01
6.381977118112891478e-01
8.837742212920566276e-01
7.470751216964710562e-01
5.486096587259648993e-01
1.830393904849368036e+00
4.121914416053681363e-01
1.343807919991439448e+00
8.210350459610455953e-01
3.073187744867078575e-01
1.184684032635324069e+00
1.650466552896989292e+00
7.334967054340889581e-01
1.033578902440224878e+00
2.760809437406007150e-01
2.583991326143987854e-01
4.989890214305874316e-01
4.957952928672288428e-01
1.288483236902164375e+00
9.155918590995895112e-01
4.501264092725260069e-01
2.265349935361519851e+00
1.450867494642743782e+00
1.765575101779851108e+00
1.457791798097378910e+00
6.493177330581064721e-01
4.326462957127337194e-01
2.592945971516287695e+00
2.476766285762347142e+00
1.890906079458772204e+00
7.288756747986095963e-01
9.087636957518915315e-01
1.569781652403273942e+00
3.651478498139655304e-01
5.347461256110880301e-01
1.974274216615071298e+00
6.244824147612741960e-01
4.404789776000365142e-01
1.528567995356135745e+00
8.223838502157566621e-01
6.678318161751530813e-01
8.333084771603160856e-01
1.310458503667463859e+00
5.593150307197932714e-01
1.680461381759036810e+00
1.490081372623280664e+00
6.138614979695288243e-01
1.641775755415120885e+00
4.649881815465485846e-01
1.284686907770939079e+00
4.976626720120352898e-01
2.939321390092304309e-01
1.681743413691229483e+00
1.119787517687104383e+00
3.795349415502076718e-01
1.886985868398427302e+00
8.923018263473654343e-01
4.382250850357809036e+00
1.867812856774530295e-01
1.238085994294615133e-01
1.442771232210239951e+00
8.800320586750726148e-01
1.847069914622024855e+00
4.319737200554216172e-01
8.102892381882238482e-01
1.027067810416943505e+00
7.292899874881950684e-01
8.204282269016529572e-01
1.810325748793902290e-01
7.396301953169988064e-01
1.604405082111710623e+00
7.630865316715196300e-01
6.024222854793326309e-01
9.891497966853869395e-01
4.114865038687088861e-01
1.263303303916694986e+00
6.018458344230256385e-01
1.312808468128469297e+00
2.069724555720991788e+00
3.824266062387198795e-01
4.360118803252878705e-01
1.086409075830938376e+00
1.578966069804103700e+00
1.063160453004931894e+00
1.316370566700939326e+00
7.501057873454830549e-01
6.283500387545987165e-01
7.780088547725929615e-01
5.971466602121265899e-01
6.844567967044520529e+00
7.446858888310921021e-01
6.871885804990174318e-01
8.786410164365051623e-01
6.174607143203831860e-01
1.329908246779500258e+00
1.437871777348008306e+00
3.104011080852857596e-01
1.576669866176120260e+00
1.385924167705402388e+00
5.957313054314755663e-01
9.844275180496628863e-01
1.473341563352521533e+01
3.389000572567433256e-01
7.372214718759388941e-01
3.169324227788594683e-01
1.549418956062224906e+00
3.046712747837121427e-01
1.331853524877727901e+00
3.705504800597417603e+00
2.152766576363958073e+00
6.331768069914913699e-01
2.277866327430667415e+00
7.801435057278720553e-01
3.776249437097250472e-01
2.474531528280450032e-01
3.077477111240878305e+00
1.658832916687502212e+00
1.220519687287272115e+00
2.740225519221337169e+00
1.998121763504706383e+00
1.985715305983100087e+00
2.013033776985741152e+00
2.343103617955566431e+00
1.274803860163622904e+00
2.725825701837070181e+00
9.413597271438769454e-01
6.183552359233187579e-01
1.596008994843322260e+00
3.251121674269670248e-01
5.357922120360842921e-01
6.834874042796729166e-01
5.826936435952233539e-01
5.599778641996601136e-01
7.415711137786994422e-01
1.434192852158916009e+00
7.258352521630564436e-01
8.453221044276291174e-01
9.319048021997053954e-01
7.200796531423870883e-01
6.857727037344376608e-01
5.688111782605554945e-01
2.769314289659417505e-01
8.037877794519759922e-01
8.698366897992735325e-01
4.946569224886392391e-01
9.245142040866100031e-01
4.055784685451152005e-01
1.392982986087004660e+00
7.142662366614326297e-01
2.832474271820366152e+00
8.955995959306500831e-01
2.040898646955150719e-01
3.767522914574335524e-01
6.781555189977392928e-01
7.345538001770773873e-01
1.131620606141605867e+00
1.752668171467245128e-01
5.596194116043425870e-01
1.375012696499909870e+00
5.939476252308497628e-01
1.216714730441450065e+00
4.984772847591501521e-01
3.111712029672583757e+00
7.080662550335427019e-01
7.321708341396689912e-01
4.854109051931309038e-01
1.264611422249750872e+00
6.410250445266220787e+00
9.644215053356020029e-01
1.874105116455558440e+00
4.942706795284432242e-01
1.093488883559748270e+00
1.996374813585873431e+00
1.315779289838094002e+00
1.905350874559318619e+00
1.301633859162840468e+00
2.301591452636473356e+00
1.199127041609498595e-01
1.171900174673006001e+00
2.544167099046505953e-01
5.478372071312392899e-01
3.387767075298098618e+00
9.770850039545634358e-01
1.203942900960676132e+00
3.071507965027954867e+00
9.077078809313526842e-01
7.896450995294341801e-01
1.396998203545825934e+00
4.304950332009149228e-01
1.453530203373106566e+00
5.150016745050737255e-01
4.843313487902439762e-01
4.413505576355213345e-01
2.755138672128928601e+00
8.907010259810386188e-01
3.007195545175301854e-01
4.454124291627001297e-01
5.873538951363571625e-01
1.471095730357838027e+00
5.780362263521334754e-01
3.268205033982733432e-01
6.396987512098420980e-01
7.639736643297413421e-01
6.932152848689959734e-01
3.553466117838848803e-01
6.861582840712910913e-01
2.427513784330516788e+00
6.827810779010431430e-01
2.157942746946260204e+00
1.413333579916170368e+00
3.353212189148314093e-01
1.400663220180005553e+00
2.202452160088767541e-01
8.000473492032145195e-01
1.801722181704975556e+00
5.142648985705746689e-01
1.010012918464574749e+00
9.853914392865182892e-01
4.942570470755085488e-01
1.134149757058662722e+00
9.011459113001175636e-01
1.528432948298021621e-01
2.661973478056384845e+00
7.648723780473900558e-01
7.786472946860968358e-01
4.137234141018282241e-01
6.609263865649839254e-01
7.063760064002588823e-01
1.861120203254780447e+00
6.487815300883466030e-01
1.485185710173819951e+00
8.128780014720788927e-01
9.890169735435666576e-01
3.203031555640739048e-01
8.695543668032712503e-01
3.331956849070816240e-01
1.926401853293119082e+00
1.014293177384080424e+00
6.454275631134320790e-01
4.915003852422001329e-01
2.006237845266411135e+00
1.737951934720859848e+00
1.610067946772033298e-01
1.593290073637427529e-01
5.145739076208519336e+00
1.572303462433235932e+00
1.696789713639277997e+00
6.697905292919970055e-01
6.952653381210720518e-01
3.560219527953905616e-01
1.313535660182039821e+00
2.142414735861094266e-01
1.183859156950919589e+00
6.019428088476118655e-01
9.326198391719180414e-01
1.265271603083362839e+00
5.788806611503386490e-01
4.575259865607273491e-01
5.951912774352414726e-01
5.981533607383432427e-01
3.139016829412353271e-01
8.926639007640275736e-01
4.497215838529437626e+00
2.847850912259737299e-01
8.704076980802752939e-01
9.261308541061245014e-01
2.989957355698691366e+00
2.156957454151135767e-01
5.471022483683084525e-01
1.457835480336246770e+00
1.021083336438673772e+00
1.236537231864079267e+00
4.005627762794972679e-01
1.213092534945153345e+00
3.627323710073454555e-01
4.307836760205942528e-01
5.604314809825804433e-01
4.607158948618084171e-01
6.827444182939309547e-01
6.640880698289622908e-01
2.848988393310282419e+00
1.192944682795543665e+00
1.580106083008425477e+00
8.202535682643499193e-01
5.086148223089617115e-01
6.893477263905780639e-01
7.901841600333351368e-01
1.675466118025230378e+00
9.719777818296292393e-01
2.135595917219488271e-01
1.331122374709313716e+00
1.078493304490884430e+00
2.670176749571200325e+00
1.975402888857986428e+00
2.407959489324206448e+00
1.031618318300310921e+00
3.148865688264107732e+00
2.009059362279580263e+00
1.895207176577751840e+00
1.546038329931315403e+00
2.422349667290067399e-01
1.615292832464128470e+00
5.773390116511171177e-01
1.903855148543302400e+00
3.102225588581774551e-01
1.332487780556123935e+00
1.193232813221386301e+00
3.482277379638866188e-01
3.985568534580604116e-01
4.299968886172065852e-01
6.822632973648548038e+00
3.616040715716667409e-01
7.860154161626643488e-01
9.795773133624992024e-01
3.443159837220238995e+00
1.142013263121967270e+00
1.265959690745820820e+00
5.964581531140604742e-01
1.917664844909452659e+00
3.183562805707695897e-01
1.753309583963517382e-01
1.645334149672699482e+02
1.763250458719207359e+01
2.996527042279244490e+00
1.895848866299777447e+00
1.703861325280290606e-01
5.039424381148849275e-01
2.174107772340844402e+00
3.351330428970676900e-01
1.723931415496784636e+00
1.352123448971387643e-01
4.869486008076091554e-01
6.467998970737579567e-01
2.299923463542549729e-01
3.636980383906008862e-01
1.212514158229364369e+00
6.370876854234128750e-01
1.746981918288661229e+00
6.685732978998970566e-01
3.865952324759196923e+00
4.501071924493057486e-01
4.604921935916773124e-01
2.127347811744461303e+00
2.578705523993670923e+00
1.447015655477766227e+00
5.368947329628778187e-01
1.587358451911677237e+00
1.586042617605365024e+00
8.259778832417685734e-01
1.920103109077162085e+00
2.694269209505015250e-01
6.365616623886557468e-01
7.511341234280314083e+00
2.493139810471397766e+00
1.185838904900698987e+00
1.263902455129960245e+00
2.298909837029069203e-01
2.626963026939499457e-01
7.793359672289849049e-01
1.067410522965151154e+00
5.536508078296913382e+00
1.101631437380375722e+00
1.645253344826055897e-01
4.603855525911527913e+00
2.289272708628116604e+00
4.423803679687260959e-01
5.089702996705907978e+00
2.102737366816683995e+00
2.806633531855561969e+00
2.263019883983118596e+00
3.839067669954622786e-01
4.246695958803629045e-01
1.028492818340966952e+00
1.870080984168778215e-01
2.101973052558867017e-01
6.007337623656462400e-01
2.661889763870991032e+01
2.127441936203266604e+00
4.886876216242819204e-01
1.385547454919272337e+00
8.133844399832217409e-01
1.727277786726624909e+00
2.008547795220002374e+00
1.120390419434463425e+01
5.235674039294873072e-01
1.231656200869629902e+00
2.312924199264311031e+00
3.862176979021129775e+00
8.655395169960131696e-01
1.344896231646346640e+00
8.669161000236508485e+00
1.509640297320768543e+00
3.848394364995592287e+00
8.228959444978766413e+00
7.421227734468255344e-01
2.247019312136809166e+00
8.586176391671768826e+00
6.620458751263077479e-01
7.210727653820662164e-01
1.365501330504666821e+00
2.911463323670483438e-01
9.925433983168100438e-01
1.983997526081132889e+00
7.665400837611268114e-01
4.716253442366155069e-01
5.537710624898194212e+00
5.877175412995780945e-01
1.567022346166353497e-01
5.375850827720225489e-01
2.275560281193741430e-01
1.194069677432879062e-01
1.200434613873198497e+00
7.327783438720647524e+00
1.485447837930406800e+00
7.216924990195479062e-01
3.524482496386479036e-01
9.876574812143037008e+00
2.598222962063243102e+00
5.116944710237818050e+00
3.881847441660919440e-01
7.799507192801907740e-01
1.974793363715178884e+00
8.357328524160240191e-01
4.683984750247886630e+00
3.873663061992457801e-01
1.583791768521341181e+00
4.956535501749971817e-01
3.191648882846082280e+00
8.757051553680218481e-01
8.791719915316047462e-01
1.931240621656209466e-01
5.831524371822446318e-01
3.699041500332012511e+00
1.025152862807155962e+01
4.555626426943187646e+00
1.802044612962738102e+00
1.930712420743042390e+00
1.407229649927675830e+01
1.935286565126877190e-01
8.188291255731096063e-01
2.352652067985624207e+00
2.388162265629077685e-01
3.940214317835453728e-01
1.600881385098881671e+00
4.907891169584530644e-01
9.022177242732629665e-01
7.465823704140952533e-01
3.226789220129601676e-01
2.473798810617669486e-01
7.798632161278272745e-01
9.203634808924691102e-01
1.151441972791394086e+01
1.674864466450202150e+00
9.197249275688649917e+00
3.583457495884905808e-01
1.384855910971207971e+00
1.909189409451137465e+00
1.805568390750419860e+00
2.764122260339453852e-01
6.812619973743503365e-01
6.544047708009755882e-01
2.256512726644616773e+00
1.227227673705183930e+00
1.130376024355743025e+00
5.616946341626172234e-01
1.326712972384126443e+00
1.179976758047928787e+00
8.495398436863875746e-01
3.367503873667019310e-01
3.204971945749371720e+00
3.345365775917573670e-01
1.550310197966998160e+01
2.313340772427235681e+00
5.054842534837077350e-01
3.463513705085558669e+00
4.057017663331553003e-01
5.820726245764523687e-01
1.751281677194693964e+00
6.650232914796445627e-01
2.230310109732085877e+00
2.166210039221013739e-01
5.124772530793636482e-01
7.179815912086031648e-01
2.853524832032152125e-01
1.044330469133055672e+01
4.613250952084403389e-01
5.718982270939113599e-01
1.005274626937821436e+00
8.095920227856117091e-01
2.864846926517257697e-01
3.339222876365036674e-01
5.181574767191028386e-01
7.269957017025646673e-02
2.397807617119079582e-01
2.246659979070074975e+00
9.460599438639596404e-01
8.743336334137769006e-01
1.058509193255001923e+00
6.259215604092403851e+00
6.243325290340779876e-01
1.169884408545438792e-01
1.071675446590602210e+00
7.321857791696391171e-01
3.359564612464409072e-01
1.995189954044995773e+00
8.697176078119988052e-01
6.431225289062630912e-01
2.693136300933991478e+00
5.529971490619439045e+00
1.252681067717091601e+01
4.393341868383480731e-01
2.103857699203490750e+00
2.476005958795762241e-01
1.321122714853889990e+00
4.011424251069402591e-01
8.072107963223660310e-01
8.123402215444042174e-01
5.638654081886226299e-01
3.143275473102444373e+00
3.549904631359155349e+00
1.504534715167580972e+00
4.631796452897029015e-01
1.770059622629286955e-01
1.155780419737026249e-01
6.389831972974513441e+00
2.031341934734049115e+00
1.784033073359890531e-01
2.348534967804280615e+00
4.024696973744790185e+00
9.594577548730276462e+00
6.504639658975468197e-02
9.995738443302558396e-02
3.974846696866358275e+00
4.198747090459732156e+00
7.190388990891665166e-01
1.511993821444889807e+00
2.420062810369639550e+00
4.108524010702849782e-01
6.811257216247649460e+00
7.378489303012638612e-01
6.936690590343789209e-01
4.897246145669637007e-01
7.512908200652547164e-01
4.896511909559121634e+00
1.337768411604144170e+00
3.026648762852807373e+00
5.071686604307219515e-01
4.419428366094257044e+00
4.696907056375684952e+00
2.157375626653978529e+01
3.530738369957331924e-01
1.910157749377805469e-01
1.003804486810866869e+00
7.264425956492736036e-01
1.824349402321718605e+00
2.101093914643999694e-01
1.015550748179940177e+00
6.154937742867482298e-01
2.380575382981589883e+00
6.150833543945491977e-01
6.137112958142876273e-01
1.643240914113076157e+00
4.835354665387683326e-01
2.489654763444836938e+00
3.048155416949584473e-01
7.937190829246095758e-01
1.780728907915861825e+01
1.812452454424119175e+00
1.272363741341212551e+00
5.747836836380549874e-01
6.773085942700056705e-01
1.627122258515850683e+00
3.881704016912893573e-01
1.855182657434115034e+00
1.573718053907886771e+00
9.763546746534739196e-01
5.123268872657016360e-01
5.744436044101529637e-01
6.853014919997190146e-01
2.152667807049405413e-01
4.564345478059359529e-01
9.893257641169568295e-01
6.738313416664643896e+00
6.718128227162680766e-01
1.194929267655016503e+00
1.084783966300116198e+00
3.154332054321392076e-01
6.329003547745600811e-01
4.971878877029112687e+00
4.689723473405617571e-01
2.307844296978273646e-01
1.028448808245023383e+00
2.744374187933393827e+00
4.234740987661318457e-01
2.256989259116732871e-01
1.169125872949397626e+00
1.085542140262174549e+00
4.211502331672850041e-01
1.017404919572817645e+00
5.562149619912182263e-01
2.458378246629563946e-01
2.718348246143839630e-01
5.067392023826556846e-01
1.402075707944882010e+00
2.200355270564705368e+00
1.537298278003865315e+00
5.374854586617239249e-01
3.783673356339007476e+00
8.355614740158419096e+00
3.070503095911881197e-01
1.015314792138432232e+00
9.515605411494484356e-01
5.511351202736032739e+00
2.184444010027975835e+00
3.219429768022486482e-01
6.097252408166716764e-01
1.585458213929107574e+00
3.675566794084470068e+00
4.039601151992926908e+00
5.252053402087085709e-01
4.460518446787895552e-01
6.666704992872969360e-01
5.011704559674569071e-01
1.191636193746901551e+00
1.099243333630513852e+01
2.325105756963882775e-01
1.045033183361286699e+00
1.873183134323351950e+01
3.186316717890396166e+00
3.869677418685979919e+00
8.180163520590209847e-02
2.055276169893425653e+00
9.705352905056809920e-01
5.041864977619435750e-01
4.931710078217098059e-01
1.999737549015496274e+00
3.018590229668594027e+00
2.047140807778715099e-01
7.852663782783029234e-01
1.988389672174991629e-01
4.871764511135933118e-01
7.883026337975794773e-01
4.331043165537550088e+00
2.374595432424347674e+00
1.277340617303609926e+00
1.294789533177519436e+00
2.635658113776361833e-01
7.222454674996089397e-01
2.173981211633232657e+00
2.311622570422602330e+00
4.337686396306278946e-01
3.241897339826613766e-01
8.449732295618053168e-01
5.010074963834690864e-01
3.757649096478855033e-01
5.333539201459950307e-01
2.607726233412564487e-01
1.822886149809635814e+00
3.283150042507811395e-01
4.369692597334779438e-01
4.650844631222169623e-01
6.585460122587707410e-01
1.511560489672035823e+00
1.760357709958248751e-01
1.211584842783084204e+00
4.747492880279837180e-01
1.186976587376808823e+01
5.884934409602158301e-01
1.081509686568686623e+00
1.289713268640660271e+00
8.983832089806158272e-02
9.144543372985871610e-01
3.645000659916670938e-02
3.880115228752648027e-01
3.181594861439286159e+00
5.293040113764460042e-01
2.007642830651778176e+00
6.865914699040145397e-01
2.775067367374329241e-01
9.689920937783671473e-01
1.921293414365341234e-01
7.282876145606470564e-01
2.724249241258675625e+00
1.501751674957340965e+00
5.572678980858667419e-01
6.905573130013659133e-01
4.584718471062496081e-01
1.879168311968204275e-01
3.253181643213346064e+01
1.445303395441495775e+00
6.185089889062024504e+00
2.814951576319246751e-01
2.063892227474633412e+00
7.186500000437814339e-01
8.814565957934720197e-01
1.012457964825926648e+00
7.836054481133999161e+00
5.337553716392157144e-01
3.936270609828202094e+00
2.274030707858458733e+00
2.753457669866114510e-01
3.403279110813090647e+00
5.524899560769157780e+00
3.303071198473789050e+00
6.629769872938607866e-01
3.058675333438747312e+00
1.439977423691682357e-01
6.081957268442368392e-01
6.817581515858200936e-01
5.722882537038801454e-01
3.717978756085746350e-01
8.679886716401417068e-01
1.737056496644143189e-01
2.860052831914931537e-01
1.339077672081370185e+00
4.911761091057283979e-01
7.018148618011009754e-01
3.207813374683112340e+00
3.894210062719319354e-01
2.671518019658324583e+00
7.746099508964556790e-01
9.074760569999776871e-01
1.611670385368760172e+00
2.142985813114825611e+00
7.867533855945846311e-01
9.629440226345814535e-01
1.132709755697713039e+00
4.469427221969925479e-01
4.715090992479131771e-01
7.918799176818687169e-01
2.615202119709822415e-01
6.456592355492349888e-01
1.339450125899393773e-01
1.231664419145108047e+00
6.648073108775918172e+01
8.849491154771563783e-01
7.012149767989459548e-01
2.954113930715500103e-01
6.067603339686754582e-01
4.946259440629369730e-01
1.462383262369524317e-01
1.058287651681947494e+00
3.399997070803706944e-01
1.520082113208409469e+00
1.455625438925385984e+00
3.760536430792957674e+01
1.794643974241652284e-01
7.717639531164237621e-01
3.484499952267800182e+00
9.149075349562900694e-01
9.667928769936570133e-01
2.167149443832266709e+00
2.428398818091731248e-01
3.741475890275992588e-01
1.684920814729651828e-01
3.407838141893940076e+00
2.549435224451347182e+00
2.542515018608305866e+00
1.144648017118447569e+01
5.086687248523145133e-01
1.665599667338548029e+00
2.670152347767690504e+00
8.534322514231250656e-01
4.783259219212432356e+00
3.887563709039889570e+00
4.119162720566996727e-01
4.161081448697908081e-01
5.136604353660070288e-01
4.562516986102366778e-01
4.306027145684206414e-01
1.218947090709110670e+00
1.817791089294936047e+00
2.281850116452971700e-01
2.285514711479274208e+00
1.175858824559057103e+00
2.084589970613513477e-01
4.030860029556130875e-01
5.416758190029664632e-01
4.238252561746921887e-01
1.032968906616570148e+00
1.087040759440955684e+00
3.190192060010408337e-01
4.096176390200933604e+00
2.452649218461091241e-01
4.605416395440444788e-01
5.126701090015750584e-01
2.139745359192815943e+00
6.055774078735171040e-01
4.397153877721106108e-01
7.902756914660423737e-01
1.375835980221161936e+00
1.055540511284627447e+00
3.831821322701455812e-01
1.671971198873500875e-01
1.229700974524368773e+00
4.194857645810987634e+00
8.749576837126517015e-01
2.241981940107033999e+00
1.121936647203154447e+00
1.892772056490048815e-01
1.392162635606158716e+00
3.522608732415977162e-01
1.472374792313754455e+00
7.772146654552698486e-01
1.829767572776427764e+00
1.126102410853285107e+00
2.184571988811734311e+00
6.890206601245736806e+00
7.162798760658681818e-01
2.417526022288952969e+00
1.495252338904174971e+00
2.494869444156428528e+00
2.295919154708484289e+00
1.272946566038597016e+00
1.089540183398250317e+00
1.174691509689100188e+00
4.953262014542263891e+00
1.838772958055102791e+01
2.267067840915191645e+00
3.099713606266925492e+00
1.186871636100747418e+00
4.819743794131323700e-01
1.872538447857914568e+00
1.238614226765247572e+00
3.643357463815672381e-01
1.732498375719200734e+00
3.889474511665647505e+00
1.750426388010583700e+00
5.842739326050366166e+00
1.840319831349038537e+00
1.176034142618805234e+00
3.182843576235404037e-01
8.419838633634509906e-01
2.952956437098300579e+00
5.884362245580190276e-01
2.042192458116834641e-01
4.018811716844929993e-01
3.662541233844911481e-01
6.076943335225126752e-01
6.017742387893181277e-01
1.325204654702378360e+00
2.761492584054263122e-01
6.301217202547537699e-01
8.773380514372536298e-01
1.027810776024560502e+00
5.692532915152115347e-01
1.763046905485706473e-01
8.005603764067227290e-01
6.442072763019845993e-01
3.260927306358564204e-01
1.850081225389856199e+00
9.463018348618150721e-01
3.633406985870530348e-01
1.605203760622785636e-01
2.187361025329928876e-01
1.746165886734939932e+01
1.222871329293592435e+00
1.737944923531781871e+00
1.508479331799133405e+00
1.515835455385604824e+00
2.688230252537650022e-01
5.223464000178290600e-01
4.544540991168671162e+00
1.857488395264434766e+00
2.673637548679327125e+00
4.862380522169598152e+00
1.351499429895380855e-01
3.935092839410219590e+00
6.540400063888008875e-01
5.320743555379850775e+00
1.885976200993927376e+00
3.024323197846240929e-01
7.808261259150254263e-01
1.454900084816481920e+00
8.603276867453597543e-01
1.864764640077696711e+00
2.657356053342698754e-01
7.336616381873625192e-01
3.253066369044994133e+00
1.654899482982441716e+00
7.261095057857259727e-01
5.472210114638528244e-01
2.885032680560546958e-01
6.832026401680370009e-01
4.249647708678478963e+00
3.850544991895238356e-01
3.842278083582278403e-01
3.332357495847360629e-01
6.547382276780152610e-01
4.532511462515939060e-01
6.884372710325360467e-01
3.253294715829549766e+00
5.391359116959367759e-01
5.049430133011012511e-01
1.793428744852759715e+00
1.681843480796831614e+01
1.519514685718167113e-01
3.062404057482017716e-01
5.246906612619930410e-01
4.168008525134079822e-01
1.993114982712616001e-01
8.776284365204496396e+00
1.622997439492081417e+00
1.037746835302746140e+00
1.249428448686043858e+00
1.033832913787501306e+00
5.890318318461003955e+00
3.637143498774343620e+00
1.994463873808659804e-01
8.911016352943434971e-01
3.765132531669123650e-01
1.945388998115278989e+00
1.065578681592381560e+00
1.834300114917023272e+00
1.467486153057781406e+00
6.464700378845933404e-01
8.130720999722553799e-01
9.697667517739774201e-01
1.038214644200040837e+00
8.723012781492480716e-01
3.484669194953126770e+00
4.897223076718221213e-01
3.586188944400856560e-01
4.189479219914299946e-01
3.196157967794634569e+00
7.653073905730666260e-01
1.243788847778953377e+00
1.875970220763185869e+00
4.474978554039560130e+00
3.461685158039060073e-01
3.487239842124612466e+00
6.629082603253231287e-01
8.685997451019989990e-01
8.204583940355945071e-01
1.186008413755180291e+00
1.638314222898905603e+00
4.305867974765794637e-01
2.504265614324239664e+00
1.512905453868929606e-01
2.863229186599276943e+00
7.793103003003122309e-01
1.995510566282000076e+00
1.046481829141306275e+00
1.839786146910463049e+00
3.467354213424086451e-01
2.550150101108218381e-01
1.653449582456603117e+00
7.539375573527933305e-01
1.365906061827945051e+00
9.999570732143384655e-01
6.823140861823508985e-01
3.286338140748776837e-01
6.587558922195813071e-01
7.755930150426921799e-01
1.496886519009559713e+00
9.267368483732983941e-01
3.252466321778912373e-01
5.446378130105531401e-01
4.028885885846186787e-01
3.183892782728724669e+00
4.012375316655035218e-01
3.870363750557730409e+00
1.412312499146423983e+00
3.151406355216954669e-01
1.148253362081437468e+00
1.281612598859050101e+00
1.891058227550737492e+00
5.807164799095224650e-01
1.828011148085699977e+00
3.603438138794695100e-01
4.759287872248286200e-01
2.284689569001571163e-01
7.017436009271260655e-01
1.025432839275649100e+00
9.091487474969800475e-01
5.632567625931089061e+00
1.379977137389566677e-01
2.191619333579974072e+00
1.151390831452644842e-01
2.907572771354908769e-01
5.430893453694500828e-01
7.192079471158296933e-01
7.064360689840140095e-01
3.865123818844101167e-01
3.168624822079765924e+00
6.799445632345991752e-01
2.010916546339180488e+00
1.973036424364151553e-01
7.799412908115436416e+00
1.973241168278162538e+00
1.826349551362255408e+00
8.804269400859775496e-01
1.844533098952960914e+00
6.900558649561154556e-02
1.671112473266538778e+00
4.347195363169019444e+00
9.895677968814348135e-01
5.140641483524848177e-01
8.798741657551456541e+00
2.609669312514416806e+00
7.352886423886443312e-01
1.755405622017717771e-01
1.094321171945106252e+00
7.009557284072995831e-01
8.732159447955416265e-02
3.401527167564482035e-01
7.836028432925673526e-01
5.729832480808945139e-01
2.646552977256681483e-01
2.887649337499050173e+00
5.837810746376452808e-01
9.085983267791368778e-01
4.326892001013079359e+00
1.939069418588302840e+00
7.514635943687295594e-01
1.687064414768460807e+00
4.403281360165721692e-01
2.537653964237407966e-01
3.200735910470301704e+00
1.378784764451326694e+00
8.489497918582236125e-01
5.056336716431954592e+00
6.015571752965607644e+00
4.019944844798088113e+00
2.156161970952317652e+00
5.223470978755462291e-01
4.025752675808116354e-01
1.815524232078319145e+00
6.042532472450748982e-01
2.881889123324557489e-01
1.454655114397249038e+00
2.579307200550926549e+00
1.262705108973810164e+00
1.338361127018859564e+00
4.141647083079512903e+00
1.410594400173481811e+00
1.497107263517933662e+00
1.235740432758211105e+00
8.864770453366317693e-02
5.832356746619125065e-01
8.274803899286753417e-01
6.326836486232408241e+00
1.900172584619579108e-01
5.847382163851302384e-01
7.103739083511015906e-01
4.221137951591982684e+00
1.225623880815519096e+00
3.097098355007922299e-01
7.929617774498809446e-01
1.843906464651948074e+00
2.806629587126168612e+00
4.128889721305654681e-01
9.339751300449061766e-01
2.488713371594507284e-01
6.874717763960845884e-01
2.305762125352022185e-01
6.351020975673710822e+00
9.233393735274221248e-01
6.285939381650159641e-01
5.132516362775303431e-01
1.045126828028171695e-01
4.467890197868589763e-01
9.880175723878206195e-01
2.199726224442853706e+00
9.240780690230433470e-01
8.087747801816937976e-01
1.510301348303694446e+00
5.909838866219556675e-01
1.843360048127651751e+00
9.842036749096818582e-01
6.102433418848645097e+00
2.813359004326301704e+00
2.966367514253575699e+00
1.218968448192465220e-01
1.461764693474126409e+00
5.116098824411777768e-01
4.887992245370895161e-01
9.597032579449449319e-01
1.222302294944004997e+00
1.478057125609234967e+00
1.428167322188905297e+00
1.222055399733791958e+00
8.032348124520872545e+00
1.565642430756563508e+00
1.141020921155767365e+00
2.765401338769313710e+00
6.036058955011186500e-01
2.836961287334888726e-01
8.985757773998815923e-01
1.844652170122196289e+00
4.882172521679675192e+00
4.048333671222335894e+00
4.005579057520453623e-01
9.625672748350924124e+00
2.289551298050448214e+00
5.086982262161711121e-01
5.958789742280093948e-01
1.944115769851874898e-01
1.576633478414208200e+00
2.940257212531431352e-01
6.990508312957154358e-01
2.713255855377511017e-01
4.721201015033038573e-01
7.374057579646373650e-01
1.727371276053583371e-01
1.044825595427017362e+00
5.178960812413282433e+00
8.271882640732275416e-01
1.353794055981009103e+00
1.065199319789154497e+00
1.610357271056052308e+00
1.214473389565476680e+00
9.655878196400889957e-01
2.223789247144578596e+00
8.177246188499985635e+00
8.294937946290273922e-01
6.184401728602346715e-01
1.019505773320022790e+00
2.451593580252306170e-01
4.159654533083719796e-01
2.607473239515872288e-01
5.013679812464248986e-01
4.263730921332717361e-01
3.347889523478164153e-01
1.478075365778514394e+00
4.160136631828240117e-01
2.320026195182372242e-01
1.064477465101602904e+00
4.113549914990373702e-01
3.751479699518884270e-01
3.520190760179792155e-01
1.366924007901551663e+00
1.461802912695551182e+00
2.212815352030585547e+00
1.469475671488978286e+00
2.070534012568299609e+00
6.101190944288440221e+00
2.192112752105619400e+00
3.823332588478451921e-01
1.361501559311183840e+01
4.887625754323599025e+00
3.578459165473843462e-01
1.779295752408602604e+00
1.305563017271792026e+00
1.463132467735142717e+00
4.363000043493887037e-01
1.192047048818454691e+00
1.846713630131387784e+00
7.636032530433328747e-01
3.373788062192506043e+00
8.758004662337143253e-01
3.446643774995609699e-01
6.183369326121173071e-01
5.293739050791844392e+01
2.196548480944290915e+01
6.331594663235485809e-01
1.904147199283214298e-01
5.612883323884344300e+00
1.639675621197300037e+00
1.744989948915028066e-01
2.990182944683166966e+01
1.210163293217694669e+00
6.748912994510931629e-01
8.731670726869351640e-01
1.500205876818970996e+00
2.655679192216222062e-01
3.018718457401615707e-01
4.914693270373272083e-01
2.739541991936411680e-01
7.199571386222475278e-01
2.182078286100255227e-01
9.890824333172487659e-01
2.058855917334543761e+00
1.846086827072125791e+00
1.541050952687031073e+00
8.130939938981120996e-01
5.640989338029082090e-01
5.581548930991138135e-01
7.113907488673046897e-01
5.721589118000324214e-01
1.137163204597206434e+00
6.398905803192085351e+00
8.437092864935165082e-01
1.229522459501341869e+00
6.078143247455071174e-01
1.369424524967170376e+00
1.822630114011930758e+01
5.198812756095483323e-01
3.857456563503599001e-01
2.323943255939817099e-01
1.344841811509225993e+00
3.859125199919994365e-01
2.263019383119442285e+00
4.887830571371476474e-01
4.857511124342124842e-01
3.284854878677693435e+00
2.092496164009630899e+00
9.457577008247928241e-01
9.937894556655119116e-01
4.153872497076148917e+00
5.005539893163325482e-01
2.146997289770370188e+00
6.501878825178364352e-01
1.286955462934113559e+00
1.253026082825613452e+00
1.760595012532347459e-01
2.383951857760242543e-01
9.077814654533000294e+00
8.556587152229737647e-01
1.143865413106925466e+00
1.840620474969938136e-01
1.291274643657992982e+01
6.798451114637188430e-01
1.682356850339451171e+01
2.568119819626895506e+00
4.364664267495959593e-01
8.722380289729307901e-01
8.925121991501940855e-01
3.668991279264876559e-01
4.275629729563818482e-01
1.797470055952962609e+00
1.901835726468460996e-01
2.991144539965046256e+00
2.312517422692148106e+00
1.135975422210391717e+00
1.736660991245603913e+00
1.443382846612496717e+00
7.390643638619396327e-01
9.623344334776899878e-01
6.652903010546430407e-01
1.380906968229730580e+00
9.471387389038762317e-01
9.921555702891192707e-01
5.973897696741116148e-01
2.444305842865892864e-01
1.580317154010266734e+00
5.466536846980269981e-01
5.822615083392073121e-01
1.672783429805318134e+00
3.857709112185198630e-01
1.079756788841831128e+00
2.903051794472152558e+00
6.346016694883367393e-01
2.324535697934688727e-01
5.245223060021893424e+00
9.544123497445576865e-01
2.718908027163868119e-02
4.925462969634240573e-01
3.147450014214204228e-01
6.231484723873185194e-01
4.929566385389616001e-01
7.193906606384525837e-01
7.490332990655407253e-01
1.297055516198257541e+00
8.694096016274618366e-01
1.799999838458445254e+02
4.182773651016537642e+00
1.534436093138786372e+00
4.236427422571880097e-01
3.715798020333899720e-01
1.099815200413587046e+00
8.210826613244037731e-01
1.788494305929023369e+02
3.084983049386610388e-01
2.436830036603260918e+00
1.896256606537755907e-01
6.845225300380131106e-01
9.104574628751131993e-01
3.845099072310209087e-01
2.516550266703936778e+00
6.958240221024495353e-01
6.885033229580880265e-01
7.541843930933369577e-01
1.748966907481745547e+00
6.420357572087356246e-01
1.468599196446076505e+00
6.452068442270992854e-01
4.008328352196452116e+00
2.062335000848257049e+00
8.889082703240873684e-01
1.152363144675585538e+00
1.978458319936343690e+00
1.775768576041492741e+00
8.303341192055471165e-01
1.396919866920779851e+00
6.620395785653869325e+00
1.110411178452944680e-01
1.324472309032714845e+00
3.216960199292422384e+00
1.029183807348781343e+00
3.131695224802479416e+00
