4.175690702865878734e+00
9.195256046657219073e+00
5.584744157704927936e+00
2.458763239241605003e+00
1.152232265130447963e+00
4.808388457332542387e+00
7.208092695683205875e-01
4.242098682701930024e+00
5.583668241576554614e+00
4.026436805194033575e+00
4.507024650364091833e+00
2.505898805626059822e+00
5.945769927147749989e+00
3.642235657725002085e+01
1.110711602539219101e+01
3.109499611059237445e+00
5.576989613943928781e+00
7.846487592797305233e+00
5.756996082816426830e-01
1.017373161792424208e+00
1.989269412432452810e+00
2.023421126059890884e+00
3.402903715470235735e+00
9.496809337530986994e+00
9.706449008165874970e-01
2.264944002574768689e+00
6.906209251740132338e+00
7.287962971381572785e+00
4.396414534471531965e+00
3.383863308592669483e+00
2.963955986075689442e+00
1.801119576359615726e+00
2.382841941770156957e+00
7.577178646998010692e-01
7.476092567716410286e+00
9.149856467985630903e-01
4.043687771658110108e+01
3.618432102811536932e+00
2.422052462716781562e+01
6.387047378616922622e+00
3.984340524966069053e-01
6.089682686748102647e+00
4.220904229452940193e+00
2.185612593761220079e+00
7.638270589369285268e+00
4.693961688262034748e+00
4.755775693032986418e+00
2.164813938968759732e+00
1.529851808438992293e+02
6.343649871262268647e+01
1.560349386297100338e+01
1.254479352686765026e+01
1.682078269807496440e+02
3.209203846244434111e+00
3.032233452698570364e+00
7.939080845409876908e+00
1.085628914674659029e+01
3.414570791386487780e+00
5.213079029147481336e+00
3.640191168036501779e+00
4.282710837633505463e+00
1.047797856958039375e+01
2.748586305761163029e+00
3.477947138355834245e+00
5.232875687460568415e+00
6.339334234534115708e+00
3.820396234492404375e+01
3.683592638389880047e+00
2.865210735630879579e+00
6.334038555135960147e-01
8.946680251095645575e-01
2.937016004237305111e+01
6.907434256907379222e+00
6.943683108985201358e+00
2.303711024098300975e+00
2.079018657602321518e+00
3.189582131061958314e+00
1.319509741376936551e+00
4.099930723544736644e+00
4.058504074788122473e+00
4.249562520467767968e+01
5.621781972764502200e+00
1.789073012421647846e+00
3.744817356133401276e+00
5.433870805028316653e+00
1.358206610861926400e+01
6.109336292989961059e+00
7.485991098450107017e+00
7.220754714766553839e+00
1.275064251887652311e+01
1.776094885357449860e+00
2.667706722367238825e+00
1.573392667829545566e+00
7.927604990390391126e-01
6.027258726465331229e+00
3.064580996838699889e+00
2.023280985030448509e+00
6.665237142783031921e+00
1.299611301936257624e+00
2.997909169294556975e+00
6.137539005984028684e+00
1.599549391563314593e+01
7.191086192334512184e+00
3.987906389810474739e+00
3.358134155996642001e+00
2.675519536048405200e+00
5.701200568390373924e+00
9.629484387436017201e+00
1.718191320577579262e+01
1.810451838167350047e+01
5.182234081823064997e+00
2.123604352154876196e+00
8.358413741375061434e+00
3.309445802235529754e+00
2.069750352399795545e+00
7.476452734562072600e+00
3.689945425573035287e+00
1.799888873818760393e+00
3.117946326689893688e+00
3.097487511470879973e+00
1.869749654692845597e+00
3.711737781786776935e+00
7.545340813995887963e+00
5.612175095394769997e+00
3.936584912928353108e-01
1.608792655985494946e+01
5.307764179996648402e+00
2.846247888105017054e+00
3.194475968567977553e+00
3.768688630048448829e+01
2.304833363487946762e+00
2.517473657121921171e+00
1.534048789487077791e+01
5.050776368236478575e+00
1.842982889596775031e+00
4.837232426229888915e+00
3.160042331640517510e+00
8.027994103623921518e+00
7.727098553222182531e+00
3.183205124930919894e+00
5.862847315540968829e+00
1.435960295588409963e+01
5.295628965532425347e+00
9.002262924397092192e+00
3.369338271539630281e+00
2.953221843022654891e+00
1.222013390240682895e+00
3.551190572304780080e+00
1.480857836587811782e+00
2.877085151768371762e+00
4.318855205273673725e+00
1.068486410636540818e+01
2.396085148286013933e+00
1.005947966665247151e+01
3.844837750680843325e+00
2.708904789698578064e+00
2.382495443334991947e+01
2.803213455809596244e+00
4.214588994733711402e+00
2.747438657860722611e+00
7.370207385000141720e+00
1.154885536893032771e+01
2.771338049866277409e+00
1.233938649118611686e+01
4.312220176406111882e+00
5.799686739307670535e+00
6.120706537857307783e-01
5.149284037938014258e+00
9.454052881253932616e-01
3.075974882885988748e+00
1.398651387600565599e+01
3.875809601702539631e+00
4.117902496614617824e+00
5.052433257695884139e-01
6.767814190125654328e+00
4.927689923564124719e+00
1.504748173737653127e+00
6.038195341796843252e+00
1.844718581749451136e+00
2.145670621388197308e+00
6.446849584184179527e+00
3.451116614702967045e+00
9.652950658316489907e+00
5.038569600591334741e+00
4.376904665289962360e+00
7.628365927456202122e-01
5.713107511698099827e+00
2.941011680960690544e+00
4.554413251587959621e+00
8.181074860251200676e+01
1.751102713486240603e+01
2.318686253420097376e+00
1.887421624719253188e+01
2.100666802270238609e+00
4.674001516146109481e+00
2.025635019381472279e+00
9.948843101571259950e+00
2.580686327469670527e+00
9.437543671662718126e+00
1.137513544157380263e+00
1.208340626600179046e+00
3.215321530066947098e+00
1.744420469703804315e+02
5.753654117057045880e+00
5.038418404451806509e+01
3.118079914646898931e+00
3.560396790378705045e+00
1.249800781289217255e+01
6.174711225996227881e+01
2.797586940196999716e+00
1.883722601455569468e+00
1.829846625699582896e+00
4.401404948387660276e+00
3.227319228129905682e+00
6.271771563428415242e+00
1.034055037127703613e+01
4.731805631791895728e+00
7.385918791751711510e+00
2.247506913634834458e+00
2.517772892220950243e-01
2.893277449074178165e+00
3.854644215548304498e+00
5.363729897637179889e+00
2.366339122974765452e+00
9.165968521183742723e+00
2.566517470101160825e+00
5.872811242163533230e+00
2.416604161937712547e+00
5.120478120076596973e-01
3.027430833169557189e+00
5.636696100053218750e+00
4.955020706325444557e+00
1.670427255225092367e+01
4.413684473128456909e-01
8.169437267019000970e+00
1.176764955455761541e+00
1.974005786384020578e+00
4.150762069715714375e+00
2.204920749724070816e+00
2.639474518074028442e+00
6.788516455279695272e+00
5.300083160678248362e+00
3.404524238351583243e+00
1.656280515565759837e+00
6.514541644629949779e+00
2.801057752490921704e+00
3.162497842335432630e+00
2.566309694096124971e+00
2.088351734438625318e+00
3.117859837880637919e+00
8.216719549166050740e+00
3.745909567924750938e+00
3.744973561866557166e+00
7.084949022846658728e+00
2.368243675857900854e+00
3.257681736096602165e+00
1.699581710959902807e+02
4.299647660801728222e+00
4.403511036077902396e+00
1.742137451647536039e+01
3.007043808039055133e+00
3.494507473943389897e+00
5.977427992682298452e+01
2.551086736159287049e+00
2.030279848020176026e+00
5.265369460623316655e+01
7.825413241028174482e+00
1.673577590901910828e+00
3.342970566520528930e+00
1.437392849340298540e+01
1.072936834108275228e+00
2.158195023333030704e+01
2.319601284845068889e+00
6.802275241294044861e+01
2.987560581860098985e+00
5.532399620556452291e+00
1.838987010984264359e+01
1.581701097396333111e+01
2.464797473970046227e+00
2.743204825224924548e+01
1.797159948854384126e+00
4.423140704756217012e+00
6.566029920469990344e+00
1.763739035605968564e+00
2.776835235659392609e+01
1.494827133481916537e+00
9.179233738816412469e+00
5.870329135025665890e-01
3.903354654829499726e+00
1.385030487274249156e+00
1.784339993782122713e+00
1.972708602294662272e+00
7.318839695846065529e-01
9.539363418518814086e+00
1.125419656228921816e+00
2.931365216639311377e+00
4.593386727118351498e-01
9.198474245297132867e+00
4.672941160973417496e+00
2.602507749098995404e+01
1.623536128053907746e+01
1.017406672668083090e+01
6.850501563511142145e+00
9.389456055131038426e+00
3.925753121641864851e+00
6.746388412374589194e+00
4.345243315667267403e+00
2.538940929802807389e+00
5.455627838905873439e+00
6.750586305954267452e+00
9.771974300933546909e-01
5.918599580916855452e+00
6.969005768913475229e+00
2.455487355195539845e+00
1.762899414531386988e+00
3.326750164642794161e+00
5.796866772433764581e+00
1.664986051857169747e+00
2.393239637276971621e+01
4.683658763739340536e+00
1.152850387098767859e+00
1.990856314323527387e+00
7.206946767603983339e+00
2.304442004116126430e+00
3.790041112945109258e+00
4.521656518847379402e+00
1.398424088873446047e+00
2.858530746646374965e+01
3.634334243417581156e+00
1.859420877252604187e+00
2.048551273627674085e+00
5.273952274039524823e+00
8.650950520816599321e-01
2.037554428601483725e+00
2.529632500469084277e+00
1.363532124834081039e+00
3.015557816840490624e+00
2.594052840782625324e+01
4.414053700203404595e+00
3.414131575683684083e+00
6.554207587911991872e+00
3.730157523146010234e+00
4.451132697014518413e+00
8.877797014795232311e-01
1.205951609595425023e+00
1.950534713035604550e+00
1.334296258822913650e+01
1.015773259422452224e+00
1.634652559177636988e+01
7.069635344222324314e+00
7.649509124143526684e+00
3.113864125378825509e+00
2.304128103058712185e+00
5.440781771622941854e+00
1.413844830378102602e+00
8.269525326407783927e-01
2.478363154725364836e+00
1.988164834618322274e-01
6.710445738276746841e-01
1.612905662368568471e+00
4.844141733003473504e+00
7.311236971990742184e+00
2.778218959495847518e+00
8.469691759543712450e+00
6.294942091022255326e+00
2.930112617388469065e+00
4.810048551253381710e+00
4.876564927657680570e+00
2.192723455505029229e+00
1.153547587127702112e+00
4.500390219632976141e+00
1.177884886828887545e+01
9.178064502832961580e+01
2.153250154492524437e+00
1.474738471873144219e+00
5.533358268104355382e+00
2.392543681887859375e+00
3.903450202017979098e+00
2.813987049269166096e+00
6.248004122633400215e+00
1.121573619363739782e+00
6.312070679165604936e+00
8.610997657474332101e+00
6.361486674699631472e+00
4.910409014194397237e+00
2.806291846673163004e+00
2.578876006421063849e+00
2.692251571372392149e+01
2.289658997390835893e+00
3.376079558549452742e+00
8.268505703021354236e+00
9.449973304191490175e-01
8.091330458493459776e-01
3.927562369733321734e+00
6.918283088965769601e+00
2.039375299898279437e+01
2.858140707113845380e+00
2.730277412516810109e+00
3.563663153765344038e-01
6.235934313175403254e+00
4.158078358618229053e+00
5.312054744201167189e+00
7.360748595699050156e+00
4.157733040002837832e+00
4.480134279553666943e+00
2.420066424283399353e+00
7.192637197592782528e+00
7.166375406903012113e+00
2.785169506876877588e+00
2.662790190100510213e+00
3.125624037038789638e+01
3.104813642147644659e-01
1.730328967236836490e+00
4.002824779874185168e+00
3.461629813268693567e+00
3.418735689734152317e+00
2.979910314116774206e+00
8.248131356506242184e+00
2.794839842776029482e+00
4.336756634271193178e+00
2.055850571457094933e+00
2.094639373187074050e+00
4.966894106358862970e+00
3.058104140312301933e+00
3.279696704019666509e+00
1.771118367092154200e+00
5.008083516333841079e-01
4.623808746329564734e+00
4.666287957651369389e+00
8.470083731113192016e+00
3.036685075802109335e+00
4.536146854862904476e+00
3.907526703567201665e+00
3.190119022523213665e+00
2.134480644103613933e+00
3.864389738756609738e+00
5.005667810393463313e+00
4.937212345043066719e+00
2.874342174179683518e+00
2.311608632856056555e+00
3.438032685103619812e+00
2.239808993403756610e+00
2.358364810250711319e+00
3.957162829250354452e+00
1.108469534992290129e+01
4.960888476218739385e+01
1.226415652881842675e+02
3.989257218909833647e+00
1.206913902312933118e+01
3.970212065775066801e+00
3.063035898206690977e+00
6.205696343355264766e+00
3.238151786610463656e+00
4.830354482229419766e+00
4.749389291445091033e+01
5.076612691629102336e+00
5.126985763320382361e+00
5.059741879902589723e+00
1.584277047075282496e+00
4.332128474285070752e+00
2.345170777774241877e+00
8.500631327000700566e-01
3.122881108651249793e+00
3.790388067682746609e+00
3.545573136976924555e+00
8.155217519057046616e+00
1.783933970530377522e+01
1.342482297861594454e+00
1.091432570493209830e+01
8.269825828708722781e+01
3.007428500882709077e+00
1.691108971043158604e+01
2.489701664071355403e+00
3.297970553799681070e+00
2.702291732790745193e+00
7.238759144529578471e+00
5.659206303761461498e+00
1.874633270653635719e+00
4.362744647374967144e+00
1.683882873400731617e+00
1.200954330273467541e+01
8.597277186857160691e-01
6.697848146713515582e+00
2.717206982784078129e+00
2.019861741248394349e+00
2.128355343835267366e+00
6.125821900994334435e+00
6.484963644258775695e+00
3.862984987986922469e+00
1.374552781511957100e+01
9.247368200402785732e+00
1.274650088980320284e+00
1.660453534370979867e+01
2.551545507941871183e+00
3.352982861846314222e+01
1.211044159822799671e+01
3.525512863353525983e+00
6.204622977092252967e+00
4.988283532183049318e-01
2.159408960394137988e+00
1.823596374018246827e-02
2.052756039067659355e+00
1.685870084071886765e+01
2.261219642336604885e+00
2.803657083877009626e+00
1.553753227326191144e+00
1.327044120520631365e+00
1.432151348402035396e+00
1.799446930391733019e+02
6.888878632341275399e-01
8.043826095734022630e+00
3.769500130030904561e+00
1.694642456537468256e+00
1.791979138538016825e+00
2.923397354869002651e+00
1.311447273262467839e+01
5.475537728015154926e+00
3.574046922287078321e+00
3.914850713370323643e+00
2.553352183491157223e+00
7.562298613133693337e+00
2.576875579541410222e+00
7.630184099532288933e+00
1.199815928062518910e+00
1.310731424692239022e+00
1.682189800042809580e+01
3.527904314607288594e+00
1.064454221048402083e+01
8.428982925989175756e-01
4.561923029462093382e+00
5.297727952932967277e+00
2.710467907890381944e+00
1.696101025185685884e+01
1.119015089064484059e+01
1.524579812304780901e+00
6.317012543912320588e+00
9.468487617902837883e+00
4.002984183605069468e+00
1.429316943128302375e+00
4.641848778357548611e+00
3.708145985013573398e+00
2.075554035862912095e+00
4.660696668459912928e+00
2.036092727659687629e+00
8.302954561040509773e+00
5.611911806439896289e+00
1.548235699675601706e+00
6.428698404190297033e+00
8.612642823361605693e+00
3.367357748466693224e+00
1.895316507832236042e+00
3.665989497356094251e+00
1.190682446867738520e+01
8.914750824472577051e+00
3.763762274296761579e+00
9.369535899612666086e+00
8.099247294330119473e+00
6.805222558447318271e+00
2.071023259069038147e+01
6.828066378100461797e+00
2.675759007970462289e+00
2.999077413594177788e+00
7.267018762231045592e+00
1.336056923947958275e+00
2.700655523439844607e+00
5.701830302255858740e+00
4.600458646151740716e+00
7.583583020367186123e-01
1.223919644344883118e+01
1.095114063981981545e+01
6.816897135349784698e+00
1.186144458800072021e+00
4.157217953883719730e+00
4.715012998014774581e+00
5.267356890040003847e+00
1.594898063895897611e+00
6.925395380345936935e+00
2.858164407288878106e+00
1.723383842230419916e+01
6.255865658210372438e+00
8.098085072124259653e+00
4.171529164281171376e+00
1.013251985805894684e+01
7.192386261189509522e-01
4.839608416793971912e+00
3.383713916861895488e+00
3.235417541545147824e+00
4.898994585143164215e+00
3.054724473653216421e+00
4.637779919799983830e+00
7.315190815890738385e+00
3.708785459285772190e-01
3.726913668666268276e+00
2.058771529324223248e+00
3.039082414354409956e+00
3.738814174903798460e+01
3.421094583651839383e+00
4.751007207908564567e+00
1.585387970559607673e+01
5.273465830965121448e+00
8.998775608676486959e-01
6.180103554392285758e+00
1.067256948995305876e+00
3.331456901995590414e+00
3.020509726130349737e+00
4.133663138961625627e+00
2.212583370940981009e+00
3.233061452728050789e+00
2.758801341221555958e+00
9.699660930324172980e+00
4.097906484637081626e+00
5.770464180959284484e+00
1.483640522986756238e+01
2.521117758746101334e+00
2.138736457319754702e+00
3.560022238229631153e+00
2.184563363825092974e+00
3.278532943133325883e+00
3.017799229728859167e+00
5.330355739230859768e+01
3.879806214640817874e+00
3.914526902319007018e+00
1.446691226976662970e+00
3.197946867003666149e+00
1.753136064189962795e+01
5.869299928069162675e+00
4.542265849619605333e+00
5.422244912973146924e+00
2.420596975788739336e+00
1.589391900728655038e+01
1.696548522922040547e+02
1.000685217374483926e+01
1.464818550518294016e+00
1.481357906233289334e+01
5.243634541780686220e+00
3.048734276743923388e+01
2.666296358851298010e+00
4.487413091550028987e+00
1.738564999473584338e+00
1.352645698764857185e+00
2.475167194583225871e+00
6.568228515752978502e+00
2.310140579020153240e+01
2.977231343697831711e+00
1.255523113409696734e+01
6.101744936727231838e+00
3.413623127881240560e+00
4.678990688671029297e+00
4.314871014597422061e+00
3.436668295016933161e+00
3.271140477996076878e+00
2.676570321986515122e+00
1.035892246934954386e+01
4.849016770667232024e+00
1.866778008507211872e+00
2.874408628767396934e+01
4.821354241805098972e+00
3.516578366577472359e+00
2.096408310155176036e+00
5.353618784335619551e+00
1.307051859012658301e+00
1.151830611102626634e+00
6.277769268369100431e+00
1.027190955299356467e+01
1.513036827722658240e+00
3.394741595501287623e+00
2.611086046398646943e+00
4.390204912993517894e+00
5.578861252126401382e+00
4.158307606587050564e+00
8.934861224178285433e-01
4.151145528753428793e-01
6.600916033191141175e+00
1.732814737814627248e+00
5.565421294449356182e+00
3.320035722479317553e+00
1.316634561486100807e+00
2.720128521799272558e+00
1.129180450058452800e+00
1.299255251596425520e+00
1.891447370252659743e+00
5.465886488141751265e+00
4.103997905435247340e+00
9.706669900312522303e-01
5.772702470576461131e+00
1.132823354105180336e+01
2.415294367949400112e+00
4.054338686076704334e+00
1.090776426868748761e+00
1.510777590337259557e+00
1.546144020281124654e+01
1.213865086645690150e+00
1.014729264946752885e+01
1.487182644099486239e+01
3.427151360304611760e+00
5.534505791274518138e+00
3.003233735456031450e+00
1.024493928025497214e+00
4.355596454111109850e+00
3.466188543720414827e+01
5.466802018287945764e+00
1.456730163192962024e+01
3.441929703045021327e+00
1.656256815590454901e+00
7.207694550889190310e+00
4.998672966687863983e+00
6.185636350109868786e+00
1.461223015913720946e+00
2.932635727930602343e+00
3.768884326782518279e+00
1.295025279914098348e+01
5.447596089918791407e-01
4.683321729503904685e+00
1.214136956425067915e+00
3.463276848896407412e+00
1.268677231613845358e+01
3.471476411259517114e+00
5.295054232627451007e+00
5.400643740615040045e+00
2.668423362510263352e+00
1.101362349913362015e+00
7.887686620465754572e+01
1.416945080728275563e+01
4.512603815198683144e+00
1.087439861122039630e+01
1.960254933710742975e+01
3.832349510229730694e+00
6.217925463896015970e+00
1.009141944977902128e+01
6.521088235582376491e+00
1.435630409595786716e+01
7.570260150334424232e+00
9.391079421532871896e-01
8.354042531187861886e-01
6.208433381873998513e+00
6.520490068666252803e+00
9.880497572141564433e-01
2.959789761772131378e+00
2.993182894570753039e+00
6.070001838718844134e+00
2.074226641444833596e+00
6.566162146345667416e+00
5.157003527993087033e+00
3.863841394805779039e+00
5.069571734360026838e+00
1.348049626026853520e+00
8.717974519609985595e-01
3.186899617136219387e+00
2.016602870845397355e+00
2.236426335551310540e+00
8.862174313083773569e+00
1.173899482914864834e+01
3.883423956624429074e+00
2.619906901012268818e+01
1.988652297892992582e+00
2.286668022175201376e+00
1.513062198151384941e+01
4.062872045986121172e-01
1.031413791672960878e+00
7.967423948675940615e+00
8.197856160804471770e+00
5.404790180992595783e-01
3.110830759493292241e+00
8.393707113683165133e+00
3.712637567382599002e+01
3.649668054315282628e+00
1.863378922414933747e+00
5.703577082882596905e+00
1.485355018021754514e+00
4.640648913894926508e+00
3.062950850618389786e+00
2.315792033744308753e+00
1.755120992894139818e+02
2.576478027657364667e+00
5.757703896277305944e+00
2.549221098427643994e+00
3.208418777689598045e+01
4.275549349213257244e+00
3.625907399513037976e+00
1.697568181496627693e+00
4.834442342767102940e-01
3.090350364869986599e+00
1.204778625148870752e+01
1.723861636639718808e+00
2.709180007646901367e-01
2.822672493938471749e+00
2.652997227324191964e+00
1.228282831710511580e+01
7.874342266345152552e+00
6.101199124991367739e+00
1.425787936678428292e+00
2.984442951896662422e+01
4.889643065411850564e+00
6.740180041890655893e+00
3.035805652658535525e+00
1.614270277595749148e+00
8.989840138108009526e+00
7.892747068242563557e+01
4.348932812333228703e+00
3.007244262746463548e+01
5.229086373882551264e+00
4.235389408123600319e+00
1.364733957911606010e+00
7.194519619582529835e+00
7.735467004981674277e-01
5.603512623005241444e+00
5.252939803235219252e+00
4.629629394123224984e+01
2.854252989027453680e+01
2.661066667715797696e+00
1.697052570211771183e+01
5.547967717694356260e+00
1.117846481755980470e+01
4.880184770140010286e+00
4.412693672465449524e+00
3.858149937015993736e+00
8.850703546796580667e+01
1.735057821431489344e+00
9.156294151728516795e+00
3.230229627645953006e+00
1.660228709489218080e+00
4.841076179129991885e+00
2.348889952422137828e+00
3.012750280211732967e+00
4.288974442226439976e+00
1.643531449558094337e+01
2.314653867340059890e+01
2.256108354463460142e+00
1.649526150308682437e+00
2.002062620352803890e+01
3.397669894735060758e+00
3.851817117847425465e+01
8.448744471818121937e+00
6.536478775623749016e+00
1.557592255287364935e+01
2.033796191405823350e+00
1.627060164829638556e+00
6.280892530922823624e+00
4.360215439205858523e+00
1.717621051205327154e+00
7.693035280109141638e+01
1.875002666297547194e+00
4.191176474175891009e+00
1.785835460563407251e+00
1.692471633671802200e+00
6.801039927711092226e-01
1.213033941648113956e+00
4.251210494828842279e+00
7.067727688155668320e-01
2.816694160476575615e+00
3.247528086984798446e+00
3.324996662259221747e+00
1.796856274757538952e+00
1.267121891417805069e+00
2.693739455320027343e+00
2.323624539653447396e+00
6.437954551533480618e+00
3.108248392377961622e+01
5.346774403771356710e+00
4.875741078449401522e-01
7.354279080523915546e+00
7.913552283380301589e+00
9.100629335591995384e-01
9.296041347678112743e+00
3.859730739414472644e+00
4.101038033357278678e+00
1.282640008247470265e+00
7.969164310596272838e-01
2.898854439868676991e+01
1.796580938172995445e+02
1.239775530149975324e+00
4.260458872219347271e+00
1.411109464797694102e+01
3.274934400939554457e+00
7.089287284562159641e+01
8.388853374538802754e+00
4.658692144000583291e+00
1.349398255010274816e+01
3.502490185788377453e+00
5.266079465259386971e+00
2.842552837678726352e+00
2.649752975495586416e+00
5.638524457572144044e+00
2.219586658095236142e+00
9.766584917035471491e+00
9.026054064824369227e-01
2.510386858364405338e+00
5.063041477652875599e+00
5.820373818872438321e+00
7.672198606103143304e-01
5.293947335616420169e+00
1.600401812086009290e+00
3.914067827955456380e+00
1.906588940322363257e+00
2.740400798900502366e+00
1.700576562592002183e+00
2.871277129104147363e+01
4.285217486365958450e+00
1.585821847335409318e+00
1.158987864153534053e+00
2.163821373838678230e+00
3.159263989750609625e+00
5.752714020036870046e+00
5.631391007272266158e+00
9.777414461066596729e+00
8.187468838643125579e+00
1.594474786476656858e+00
1.976880444011788640e+01
5.813187280517536415e+00
6.120919803715161756e+00
3.264359197932790835e+00
1.036444724536596773e+01
3.228183911053271515e+00
5.519423074837956023e+00
6.464720493837207371e+00
1.635020217562917377e+00
1.263823260108962820e+01
7.156969846754929199e-01
7.824910661522342537e+01
4.190566250925605196e+00
6.432255884900373921e+00
1.593215553789508299e+00
1.573254598535908100e+00
1.629388729218242560e+01
1.254937217940977678e+00
2.436995592812816636e+00
1.214468609101513108e+00
1.206168176926071212e+01
2.852238583771492308e+00
1.880278706481974815e+00
1.552914634676929584e+00
1.178333008033952689e+00
4.988291935249897335e+00
6.230899906853388792e+00
4.928971389457123209e+00
3.843586730558409936e+00
1.834060023203397671e+00
9.568441555617980265e-01
5.159919821127141315e-01
2.077575008958408187e+00
2.218773178626372911e+00
8.913101920247926557e+01
5.150244575160507488e+00
6.678130126536482969e+00
7.530094623741165893e-01
1.791223622195737875e+01
7.713810454638828418e+00
1.195488204101061713e+00
5.782281654270477134e+00
1.717500377774578091e+00
1.100778614490999274e+01
3.143427384598905139e+00
4.760669312808808229e+00
1.351438640627338472e+01
9.291917799634422437e+00
6.900755090274197201e+00
1.509548693429755239e+01
2.018469286095942561e+00
9.915010781811002261e+00
3.769009002169204425e+00
5.740112417447348570e+00
3.340305606888769763e+00
5.047663112417932751e-01
8.199815271330925803e-01
2.184952289039274742e+00
4.552024275880193649e+00
2.654749551219343306e+00
6.842310015669401224e+00
7.959426032560239506e+00
3.382485991143012516e+00
2.650868405650783188e+01
1.916542567938725128e+00
4.569825191878011950e+00
1.870319914289118923e+00
3.153015464076359908e+00
2.456801045929965177e+00
2.277343931815115852e+00
3.733097528537628218e+00
1.019745980060586277e+01
4.701283868955902001e+00
9.936763680128313236e-01
4.390185293297541591e+00
4.056091568228755939e+00
2.178216261248257624e+00
1.609141863379244919e+00
8.262853713099821418e-01
1.201690922643899917e+01
1.485289510732645812e+00
2.702429726453025260e+00
5.570706923833466107e+00
3.169546149169583060e+01
6.537762817475650579e+00
2.304385166618377223e+00
3.475303721985077310e+00
1.281704233406869120e+00
2.916553408951312321e+00
5.729879797150202458e-01
4.609219632099621933e+00
4.776676705529769862e+00
1.131097372968685200e+01
2.439254731150387379e+00
6.373092456676973327e+00
8.691271561961947612e+00
8.871642787855029688e-01
2.864937995761788425e+00
1.453125379334565981e+00
2.018545834330564226e+00
1.056044531690913679e+01
3.347974778311106903e+00
1.621593416426834722e+01
1.542627091664064753e+00
5.428949247948906098e+00
7.321506147145296239e+00
4.027603308195688570e+00
1.209820575993780123e+00
4.373021544393441928e+00
3.909519931101385737e+00
3.917684246045403995e+00
6.575468333302016077e+00
5.092737501713338055e+00
1.744970178681426276e+01
3.218206131855601893e+00
1.455309586835380919e+01
2.539317169301003041e+00
3.224483620485920454e+01
9.463789388489216581e-01
3.175394378276592988e+00
5.170756636587755750e+00
6.697574979355298552e+00
3.227686252132213163e+00
4.816546746923287436e+00
5.477488609800447605e+00
5.602210431015194558e+00
9.741764942170538788e+00
3.020091645552245740e+00
2.276807943449319360e+00
2.880507814445294468e+00
7.227272035841797226e+00
7.074692868768447385e-01
3.128364188663593226e-01
6.413129794318747301e+00
1.939557923142096740e+00
7.307642152762061194e+00
2.340811624850319461e+01
7.896969134746956342e+01
4.896002621063730231e+01
1.870173321527547827e+01
4.282755260487363991e+00
2.557844961218312729e+00
2.413962765347025030e+00
6.854159486322851436e+00
4.000426043473955140e+00
8.841625368444208988e+00
4.917682522431938708e+00
5.271975632378291365e+00
4.248237626368529085e+00
7.317617996940066760e+00
1.628414533182172974e+01
2.979878195169718968e-01
1.472789115281922134e+00
6.858748725351957454e-01
1.872067692682268802e+00
1.031107169926406497e+00
4.445634653573211637e+00
6.532248961704348744e+01
2.661942674019264654e+00
5.541475195849041135e+00
5.699768834334840051e+01
2.796073074768551159e+00
2.175612781326141842e+01
1.303485230148981211e+00
3.138993581793994458e+00
7.878325284918905602e+00
1.478391390358777313e+00
3.737119140793222716e+00
6.518652802331471818e+00
6.154508165979613921e+00
2.070321084959014346e+00
4.085758655228346470e+00
1.614298418991328887e+01
6.314819715017830903e-01
1.700507052691964915e+01
1.790290988153681084e+01
2.058801425149960895e+00
4.827473226193373934e-01
2.120336370627349254e+00
2.218588484032520292e+00
3.444291831388355707e+00
4.027990352838357602e+00
1.622163327460508242e+01
3.351498656409375165e+00
5.701170186697309461e+00
6.920773083758393618e+00
4.081328116208993606e+00
1.280728538984122311e+00
2.002866307948270475e+00
5.217299573481412267e+01
7.888888335504047333e+00
1.749138459082083541e+00
8.680208815716312643e+00
5.144549871655668127e+00
3.025572596705349948e+00
3.509471565121093484e+00
1.268309438034400216e+01
6.955987832215257960e-01
1.529564698357254926e+01
4.547826958913657736e-01
2.126450490914526625e+01
5.559881605114632031e+00
3.109794614770767573e+00
7.840719832944310852e+00
6.409372615453311495e-01
3.392035524867066165e+00
7.346828560555057841e+00
9.305590369805674555e+00
3.771300116751909570e+01
5.511414899564996972e+00
6.081740462768523869e+00
8.519824506697858402e-01
5.901202138410443609e+00
1.340967529412251302e+01
1.237184292829577092e+00
1.993904624749402554e+00
1.442053004404321381e+00
1.085111230524651482e+01
6.172903691815491101e+01
2.616813382711275615e+00
4.303137206094645784e+00
7.649625949107885958e+01
1.732890992817083387e+01
1.562453802658579693e+00
4.199784120161483614e+00
1.771307451711622294e+00
6.127905020637931521e+00
1.071201229987231329e+01
9.057516272526564549e+00
1.465520290923828206e+01
6.098835418562091881e+00
4.224972135122428796e+01
8.092747205333814975e+01
7.978166135165192685e+00
1.159931172977158909e+01
2.244706652946239611e+00
2.163300379933605466e+00
1.123305358942183307e+00
9.108628212770767396e-01
3.289848939519610216e+00
2.906075665897063676e+00
3.977793602966755326e+00
6.511413972991607402e+00
4.625183718172111824e+00
2.025313980815972315e+01
4.913265661252564698e+00
3.182442540884834248e+00
1.231896588532376668e+01
8.936336445819913266e+00
3.022773238383987149e+00
5.262247361459667871e+00
6.148227815923981154e+00
4.036090392826540807e+00
3.589395977954284778e+00
3.699428207828867698e+01
7.513955573302571800e+00
1.715202195848000599e+00
7.654071224144548546e-01
1.347082684920228424e+00
3.969309514836110608e+00
9.638321086541590255e-01
6.526186876528073277e+00
1.011451215538185622e+01
2.952551432763911521e+00
5.966624299501657624e+00
2.165663074034250180e+00
2.451632622694233099e+00
5.994094561769927054e+00
2.733753609636093707e+00
2.219701866531544709e+01
6.336391049580362811e+00
4.398438897323649677e+00
1.831561930912976477e+00
1.726977149044099846e+01
4.302643703346323178e+00
1.376051438438763626e+02
1.890598357495444359e+00
1.474981766688424845e+00
2.653225695923850935e+00
3.865243728717908667e+00
2.652246693365734931e+00
1.292674266870691646e+00
1.734814316229950082e+00
8.396049400769126647e-01
1.321859018695434651e+00
9.439985403609075121e+00
1.316393462272768211e+01
4.980685924545396936e+00
9.565934181864014008e+00
2.270844388031130201e+00
4.492067866242952512e-01
2.093487620325053644e+00
5.324438855409536764e+00
4.617520583682273383e+01
1.587155988885720603e+01
2.472440456086970784e+01
1.014621536624270348e+00
1.451043171480830729e+00
2.325629469445797126e-01
9.783036200799020143e-01
1.229291985425406786e+01
5.843867119903712215e+00
3.487490534689648758e+00
5.752233193812596568e+00
6.297909495454521611e+00
6.028143349444488486e+00
3.518060814484894827e+00
5.968040451366720234e+00
9.203253219677563379e+00
3.240058784629057609e+00
5.953619049516332140e+00
9.829380235402172872e+00
6.296232444595768385e+01
2.484038068479015759e+00
2.382932047717668311e+00
1.507594695348775815e+01
2.190595363451492972e+00
1.935704035887850782e+00
8.366842681315837638e+00
1.614294145887396725e+00
3.308226490914272677e+00
2.854876233377380501e+00
1.911497629105669782e+00
6.871037909724723391e+00
8.438782652038362420e-01
3.377074828218113822e+01
1.336744445030095640e+01
4.623030401717170612e+00
2.636468534060416147e+00
4.830250174456283574e+00
1.542594520156130145e+01
2.448073764734147950e+00
1.419820787343528901e+00
2.176350277202523387e+00
1.525869808928161930e+00
1.489798650391603640e+00
5.723613833211539381e-01
4.210728855366771661e+00
3.476551475819452452e+00
8.284302510403408704e+00
1.151296910765118753e+01
2.267633185203529411e+00
4.375098807118648625e-01
3.355461492028156911e+00
4.519997201250116170e+00
1.998840785157846023e+00
2.839744499714176751e+00
1.358356093753075555e+01
3.017148101705890095e+00
4.793280011614159619e+00
1.618503831983504426e+01
8.967243684879944610e+00
4.266382095511043815e+01
1.552885569734595794e+00
1.096961234883046643e+00
7.626115319574031659e+00
1.051879149842641503e+01
4.086610755087320968e+00
2.639492073115912607e+00
1.547345522922291439e+00
9.744522534198323260e-01
4.307665379211710110e+00
2.392430632529724654e+00
2.250238043642397656e+00
8.861952194326185861e+00
3.592181813241896560e+00
1.143270920576110017e+00
1.494656534652721724e+01
2.438838096430875346e+00
5.737320210963468448e+00
2.962861537709180482e+00
2.128955523197697541e+00
6.952075306596438686e+00
8.232282655516589998e+00
1.586532716128331622e+01
2.851825762569153877e+00
3.407734586975162738e+00
3.591981455908627385e+00
4.726252409280055744e+00
3.599756331367590434e+01
3.108859676765580726e+00
1.097918756737633750e+01
1.212805266231906742e+01
1.354396764593950309e+00
5.344174887865394963e-01
1.464708842534612865e+00
6.239205081616931992e+00
2.083457621818959105e+00
2.615251910556040116e-01
2.645686468879261710e+01
2.057669713211053875e+01
2.812774722232440627e+00
1.232089912800814480e+00
5.995814542203924624e+00
2.573896730087004148e+00
9.567785962769217445e-01
1.183788607010693461e+01
8.604253612428780507e-01
5.442267232337019145e+00
3.893036242796640067e+01
2.783302284052890485e+00
2.953620791005655999e+00
1.481151578186120865e+00
1.502813387068153483e+00
1.758352097440635253e+00
3.340548503270067915e+00
1.229667097746507523e+02
1.291885453840525555e+00
1.649189916439143744e+01
1.379560661767066065e+01
1.066017610509236135e+01
6.965520548866728223e-01
2.783215579039175935e+01
1.006924860834071067e+00
3.500566655282373318e-01
3.291840232545218736e+00
1.776885260277817125e+00
1.799619647805688949e+00
2.024874637066350846e+00
1.781816957637039138e+02
4.483388559589847056e+00
1.130862049465294783e+00
2.004024888640648649e-01
3.117127592038118955e+00
3.369171120705863665e+00
7.789544194779069564e+00
4.769242344077571261e+01
1.062109977010374529e+01
2.341074853781610177e+00
3.300997658075710994e+00
6.296127606462805559e+00
6.497623101468745332e+00
9.630523880469368692e+00
5.126915640519028372e+00
1.419091531385255855e+01
2.271688655747073682e+01
6.999737459928985217e+00
3.780551515739524859e+00
1.504018807017192039e+00
1.067470153955373569e+01
6.684231642758581060e+00
5.094714138091053002e+00
3.603649418329037246e+01
2.348529423618887613e+00
3.275192031386894964e+00
4.264305053815290236e+00
1.649236718404990398e+01
2.243468817251400793e+00
3.629291551957292139e+00
3.344029781871533658e+01
1.296328888956810843e+01
1.990463482735000289e+00
1.516965360964044995e+00
6.240185705473665578e+00
1.236807740379669340e+01
1.212491826917554647e+02
7.236874416144392086e+00
9.957871143004879411e-01
3.378299171668437850e+00
7.807755806089564210e+00
1.183867674999674335e+01
6.143331367712835345e+01
1.639425444025068623e+00
1.298964943797985327e+01
3.054353325000078279e+00
2.245571441979257177e+00
1.026659074547497674e+01
2.931229556060567631e+01
4.783957444591532493e+00
2.293045578225290626e+01
2.860815588649836982e+00
1.800452080030806457e+01
1.550320016916173715e+00
3.011897440890753685e+01
4.551396140056025885e+00
2.101357570898791938e+00
3.239665965203841314e+00
1.828935303863604922e+00
3.118601727385448275e+00
1.661738540300291556e+00
1.459485586681685820e+00
3.016890437102483613e+00
6.335525775320181907e+00
3.753957976636681959e+00
4.410563210861454309e+00
3.245021640665437967e+00
1.083496359942076026e+01
1.606862947169439781e+00
3.788200448155380595e+00
7.561200371744030591e+00
8.046662433140170378e+00
8.486684630592893797e+00
2.727319067210697057e+00
1.332110566945399865e+00
7.532702406682806995e+00
1.198097769769453702e+00
5.699762762110420766e+01
3.498367822683770445e+00
1.018656129749214267e+00
3.582327262574070748e+00
2.165818753264002439e+01
5.947423102343337575e+01
9.284852535314362498e+00
1.487065692183719534e+00
2.726112945935029064e+00
7.940240313022260921e+01
5.852725524859344830e+01
4.664156189361838400e+00
1.396747007340295887e+00
3.595740617506936410e+00
2.272653737784340322e+00
9.602359781807107808e+00
1.614244498429830443e+01
1.836533888699863448e+00
1.226143476183704895e+00
1.653261897662607005e+00
2.683097635816218407e+00
2.390515385367946877e+01
5.954664994624867091e+00
1.625315071748641094e+00
2.185551203723913094e+00
4.174996425517894849e+00
9.118372817357661697e-01
2.888806137164892096e+00
4.463616654782194360e+01
1.293441124139194720e+01
3.803169401286182083e+00
1.658157786916416576e+00
3.296941231570563069e+00
5.610013768651631594e-01
6.751349257625143263e-01
1.597600789586758996e+00
6.031660552118188079e+00
3.652821587188011421e+00
8.492643411266389109e+00
2.584811683756035539e+00
1.798191420848519018e+00
1.668045823683009576e+00
6.571473281772220787e+00
1.517363725269821018e+01
5.249034693000835361e+00
7.899950409284600461e+00
5.520525268137564723e+00
5.901630068829948783e+00
1.898982272582041553e+00
1.602446070704184322e+00
2.193541763340016271e+00
5.568995681447264090e+00
4.635272437434800885e+00
4.813638853352487246e+01
3.485558627409018229e+00
4.820370075224450268e+00
3.613984817231278512e+00
3.614004194088644262e+00
6.601712306749877301e-01
4.497594683641769109e+01
2.271516909100196546e+00
3.793982504956258328e+00
4.057345455521698341e+00
1.859725599210421265e+01
6.077110580754941083e+01
5.064119596996111916e+00
5.291097332680299026e+00
1.420481154018162995e+00
1.956569757981982960e+00
1.327685788874315698e+01
3.311118340695317386e+01
3.490051094632156747e+01
2.179259424361987740e+01
5.468309057732575695e+01
3.038214204295666132e+00
1.052481274531822208e+01
3.541925947885314230e+00
1.041754656553902514e+01
8.674731128929844104e+00
1.493380658740954603e+00
5.460752732563874190e+01
5.659864312737165726e+00
2.547112438553710501e+00
8.621608870715930095e+01
3.874967398101921034e+00
1.215737254881994112e+01
6.193988978514010313e+00
5.999070116636939787e+00
3.015248988620184534e+00
3.638419728107422646e+00
1.212219276766595755e+01
1.016519488169704211e+01
2.490788528652596590e+00
4.392754654239211298e+00
3.389560972494582103e+00
2.537776489177739236e+00
3.045016285210073725e+00
1.033069133106158333e+00
3.126567821584015139e+00
5.043851822810771601e+00
5.445660483736978641e+00
3.998604394391118699e+00
1.538328339740512751e+00
5.625580186181315945e+00
3.622160538132581653e+00
1.643045203300864454e+00
1.950591905661106518e-01
4.578639216267807122e+00
1.417646535486633397e+01
4.507057206285081108e-01
9.566361549809089482e+00
6.488814274625742229e+00
6.929187540434755022e+01
5.903915804738849360e+00
1.814115952396919695e+00
8.037902408380581676e+00
2.184886983485009893e+01
3.770187796711110195e+01
4.015759061743414549e+01
4.174274551440934067e-01
2.714247340211012105e+00
2.097031221571442394e+00
3.375982878557648892e+00
1.936509013186332062e+00
4.878210057864105664e+00
3.310403989104737210e+00
7.503003137850468462e+00
1.200730305103812512e+00
1.264403123413980126e+02
1.055075259658537767e+01
3.646851280624932023e+00
2.094803002182530349e+00
1.248778927764673030e+00
5.480454905177994718e+00
1.382783341696617097e+00
5.612791775475429290e+00
3.458760076601143929e+00
5.407455256662731635e+00
5.903733589262831316e+00
2.505824198663674451e+00
2.233625299079870175e+00
3.664927247854120829e+00
3.300987535675986351e+00
3.262626099899051724e+00
3.763325565605666867e+01
6.018543193457425389e+00
2.829404963255309546e+00
3.549198255476376573e+00
3.436424673148227971e+00
1.322623966158067965e+01
1.980960734933147283e+00
1.374370501612583784e+00
9.024138651561207425e+00
4.410253820044981232e+00
4.657267203563741020e+00
8.170330220957767509e+00
3.061783101790457540e+00
1.105650041472739487e+00
2.776347830961653429e+01
1.072677590606256004e+00
4.448261341460809426e+00
1.492474901101065399e+01
2.586355333979554860e+00
3.139042574920217987e+00
7.756375226698734693e+00
4.584910983757736425e+00
6.059136230651417776e+01
9.967076493406016979e+00
8.291792858196007643e+00
3.776474988356655960e+00
1.124284717673923950e+01
2.309976541701657116e+00
4.986366004972385468e+00
2.558588020268704799e+00
4.615692186510707451e+00
2.853708793373435970e+00
2.387793966459778705e+00
4.434098259375901740e+00
4.003155191625968001e+00
4.033941467921951407e+00
3.581580231528223468e+00
2.727708657077943410e+00
4.235942758752504922e+00
7.931981355092943886e+00
5.219377763137956983e+00
8.311760632764310097e-01
2.433495798678079414e+00
3.724937305881481198e+00
4.426626559051029197e+00
2.415265901110378532e+00
1.601469555194145800e+00
1.584390993137038883e+01
6.298461383451458673e+00
1.706673714913976569e+00
3.275501944092411577e+00
8.854612402585474440e-01
3.566425658151089362e+00
4.272028867871799207e+01
1.922487493430676508e+01
2.505034861887990072e+00
4.733499263426397263e+00
2.484493819107170598e+00
1.362933721280320398e+01
3.074259451702169965e+00
4.228005004257632038e+00
3.459333530870944085e+00
1.135648244980939525e+00
6.625220018367116381e+00
1.925644061175968869e+00
1.172012034245395640e+01
1.387712639474465215e+00
2.719873008168444350e+00
4.014632173975299700e+00
1.818427815703741857e+01
2.145039023186416038e+00
3.449362482920848905e+00
1.488361547612168856e+01
3.954800031399293037e+00
7.310558717130917650e+00
7.318743020978902614e+00
1.502078468111993859e+00
5.823489941723991592e-01
2.477812154655722132e+00
3.656655257990771180e+00
1.615657996273602848e+01
2.947766968613711569e+01
1.037595676826317437e+01
8.011545073953438845e+00
3.640266625685081081e+00
6.465576662091260474e+00
5.426552470869365763e+00
4.454615138136587937e+00
2.238185092720568647e+00
5.684436789799066636e-01
5.523096899522131231e+00
5.856320517159172567e+01
5.882737008758629571e+01
1.756476110052517470e+00
1.642276372000308626e+00
4.928327023944608420e+00
5.601670454473423710e+00
5.068135473271512481e+00
2.453112257917863559e+01
3.981485321079544448e+00
7.423155219996288245e+00
2.298840745477028769e+00
1.188757899508667393e+01
7.201284838128263921e+00
1.998043265744864794e+00
6.392069429009314518e+00
1.524206201238228031e+00
1.923289964232995075e+01
5.760185333811166375e-01
3.572297931686753802e+00
9.015749452839536104e+00
1.976004140227702432e+00
1.764692696528977578e+01
5.806986483864520210e+00
1.304184504137701817e+00
1.682008443199351388e+00
1.262716937196369038e+01
1.136583095113281239e+01
4.904156639452162736e+00
5.655423882791998480e+00
1.124378921504319395e+00
6.072474681689923326e-01
5.756418897298552828e+00
1.529824564424522393e+01
4.034784466835532157e+00
6.849074721030685708e+00
1.013921980404576706e+00
2.212182888826522476e+00
5.826655683237135896e+00
1.700670172298839944e+01
1.546444697691631287e+00
1.228584409840663527e+00
1.374083642767484736e+00
9.852855732582636250e+00
2.940628688840264626e+00
3.165955412708132855e+01
1.534338913657796066e+00
6.593308274815496084e+00
1.098744831778938824e+01
4.268261247909799749e+01
1.503210079784272146e+01
3.185405156721306419e+00
2.763834978803187958e+00
6.477518253252040559e+00
1.443863724462399967e+00
7.261522674814427925e-01
4.647951252940055511e+00
4.487762755156559535e+00
4.441495000976680707e+00
4.593131236619345970e+00
9.294986417261917211e+00
2.025887216343126018e-01
3.285935760112726367e+00
1.471843215041409358e+00
6.200461467088842049e+00
4.665187475256293403e+00
3.619004954169310562e+00
6.212708776295082558e+00
3.444771753715547113e+00
7.495788601059024892e+00
6.578905243482508602e+00
3.466432931037291443e+00
5.370541813761225747e+00
4.076787735919341849e+00
2.463347109107081323e+00
6.053294742754897761e+00
3.182991030813415723e+00
2.078042397575374345e+00
9.136045695980833159e+00
5.008567653903561734e+00
2.766811881018364172e+00
4.421128639878168620e+00
1.812722194088593142e+00
2.641285788375462129e+00
6.218217496014654122e-01
2.229592188888713356e+00
2.897965619374201829e+00
6.931275988906504537e+00
2.015494786983678921e+01
5.818865102921048305e+00
5.703267999302912727e+00
1.928359216185479674e+00
6.514728190730161295e+00
5.128993933902559199e-01
1.122340129444688550e+01
4.190222257957433527e+00
2.030305341842943978e+00
9.530067168121652443e+00
2.683793575098820661e+00
4.642226280148769035e+00
3.840148518966813196e+00
6.346400129236129395e+00
7.844238259418707671e+00
5.130484982460993493e+00
1.000151978444214222e+02
8.523195339185274388e-01
2.727934072356533513e+00
3.769994586302624295e+00
1.852356129879369817e+01
2.641044977116390413e+00
3.833735728896350725e+00
4.730108440435303407e+01
4.429540519100967799e+00
7.504805053089751432e+00
6.165018926131486943e-01
4.892337766170792079e+00
1.910733653528513321e+00
9.566561221123134118e+00
2.062241448397492860e+01
4.554371330359147763e+00
1.949199953520998285e+00
3.263112274811613922e+00
1.748761532240889593e+01
2.126563181256490687e+00
7.252291829186718886e-01
1.112861305313405991e+00
3.211946419917820705e+00
1.665676759063661416e+00
2.517110544859099353e+00
4.270842908701568241e+00
4.312185194586152903e+00
3.506250525369521309e+00
4.770711317504842341e+00
3.271891974813628812e-01
3.614978708707127897e+00
4.340331683123516804e+00
4.960800876713920893e+00
1.510811529082242810e+00
2.215334516971466883e+00
5.728348600631109733e+00
1.493319168968574751e+00
4.484144111534372001e+01
2.007172629244242223e+00
4.821805549111325639e+00
7.775373566652504564e+00
2.086304246966422582e+00
5.120136226621927733e+01
4.850576556685639673e+01
1.293955053837859559e+01
1.515057711075519897e+00
4.728655467897370235e-01
4.297515122509726559e+00
4.700646434768376736e+00
5.556653590480080673e+00
5.039046329697646875e+00
1.268779776729444198e+00
3.241944585206967044e+00
1.851764848258365292e+00
5.920316077493020579e+00
7.254224018029960419e+00
3.200650001189480953e+00
5.943972832898454683e+00
6.554334411940848426e+00
4.573447349365369341e+00
5.157093979477926915e-01
5.863183498405024174e+00
1.380336120799720767e+01
2.833619828733914048e+00
1.433302922186094008e+01
1.527561194606495976e+00
7.514530629656359650e-01
2.365341905577401960e+01
3.082182193456091568e+00
4.124135935161892696e+00
3.971658263859993543e+00
1.747345532045293055e+02
1.563334505987959977e+00
1.599604250525128535e+01
1.427660535776689166e+00
2.172767546122281068e+00
2.694098013533726466e+00
4.096709166845972305e+00
1.073646027057407650e+02
9.105219051749584125e+00
1.221344965858938147e+00
4.984379617464407275e+00
8.203506201401907560e+01
1.204274933904206080e+01
2.476333838991318093e+00
1.583935741558495369e+00
1.444341173407501122e+00
5.784217294787220354e+00
9.052976848600799542e+00
3.685597472265731867e+00
2.941330349193140137e+01
5.002614286297270674e+00
1.893592539635942096e+00
7.022955689322845529e+00
1.392380683434591537e+00
4.135398472111840107e+01
7.081047530954822200e+00
3.473804397097035146e+00
1.132923714330322440e+01
2.795404633212476675e+00
3.988553028061245342e+00
4.149661882682316616e+00
4.901723277243372223e+01
1.304321305714768009e+00
1.587057964168049562e+00
6.039448843722774996e+01
6.113311377631138299e+00
2.940731603918078640e+00
4.007657104932033088e-01
2.433998889008260669e+00
4.921031420948448698e+00
5.202186622716927999e+00
8.466447653276805152e-01
4.586375032677909580e+00
2.299698372250349898e+00
1.247719775528682717e+01
3.959878070905214376e+00
3.373491293340001196e+00
1.567689224779191814e+00
9.451621041161382131e-01
3.591789377610005829e+00
7.175446422533593882e+00
1.338577805604809434e+01
1.253538226998977478e+01
3.076867932283818607e+00
6.491146944615517000e+00
5.396733137874639930e+00
8.671148287322418824e+00
2.876911621892285442e+00
1.687663464959237247e+00
8.538020006587849764e+00
4.383531069021146642e+00
4.773702275661823258e+00
4.762531852407334121e+00
4.033562908605293273e+01
1.329629961431723961e+00
1.223020121530569826e+00
1.670228386150732902e+01
8.726147897082258353e+00
3.797002546067966833e+00
3.814964752300015860e+00
1.046510745628720684e+01
1.064670660931518320e+01
2.599907151505242542e+00
2.777295531512014026e+00
6.532501078910235570e+00
2.581753436251626344e+00
3.994872045341335109e+00
4.448829158759394886e+00
5.248751967270360197e+00
9.906640386046722924e+00
5.412676359480628641e+00
6.173209866934570300e+00
1.301067458734248383e+01
3.831961356662291251e+01
2.664565797286652771e+00
4.874225375725822484e-01
2.783234177224957584e+00
1.438538087864775772e+00
3.155324804556916973e+01
6.904044388628812534e+00
8.954195213334522618e-01
2.753549632299385763e+00
6.719175271257465276e+00
2.500793973383194757e+00
1.341646827792765562e+00
5.749679744575084683e+00
1.880162939781180320e+00
1.399610017775266169e+00
6.193524607532749116e+01
2.328775714096929406e+00
3.557649812936797939e+00
9.183627449746538218e+00
2.726234027605276999e+00
6.542841558130963797e+00
5.827692278531566572e+00
2.919244869039201884e+00
3.697703623082713165e-01
1.979048143041514551e+00
7.172834738664517040e+00
2.216756857386820556e+01
4.148291774509802465e+00
2.929011692595233196e+00
1.797920930262175476e+00
5.072676341971340541e+00
2.634181505999158457e+00
2.732512847012797508e+00
3.651023873323423485e-01
8.635457545163454540e+00
9.599830642052057383e-01
2.226751210254501601e+01
1.122934110986838796e+01
5.071396607703988479e+01
5.770612674749063586e+00
2.308065418288919535e+00
4.470303775647677114e+00
2.087209131881889501e+00
3.813918386999432197e+00
4.477512427851568333e+00
8.624996437937129556e+00
6.569574278078491147e+00
5.730539200835423230e+00
2.758352078633905080e+00
1.094613369502209288e+01
2.599500842541784706e+00
7.110068636127518715e+00
3.903242806159817668e+00
1.752105596446698943e+00
1.507962314717968377e+00
3.325672392805532951e+00
6.340215948908568322e+00
2.802352954746603952e+00
2.455320100776092751e+00
1.277774956199330703e+01
9.712783717105877290e-01
3.526906170787014627e+00
3.539716147806927893e+00
5.632942356976863074e+00
9.178611741680855474e-01
3.565134980915546237e+01
4.380182938787933722e+01
2.146594741897458913e+00
2.157213114873171467e+00
1.834824852293166497e-01
2.249617535383374722e+00
4.626864079096896454e+00
3.121385286256244562e+00
1.013590353354862827e+01
9.436688794883252740e+00
8.333744040045270030e-01
4.328093581970538395e+00
2.169781598471191675e+00
7.346710556745914111e+00
2.222388442986637624e+00
8.541339833738877729e+00
6.045442557997390942e+00
6.870362955971659247e+00
3.339703295568080765e+00
6.632270594776874528e-01
6.714433386190853170e+00
2.067458235768862806e+01
4.867897926880599968e+00
1.725246448462324667e+00
3.201709203985448671e+00
7.169519879027292930e+00
5.491913718212796169e+00
1.283291210506419366e+00
7.382888573773935814e-01
1.172414831982695915e+00
4.692331388716804774e+00
1.884756499872478619e+00
1.433661721602341466e+01
2.547603345167112732e+00
1.490415444299020509e+00
1.392129600783984245e+01
1.381129209267503199e+01
1.162456965989924429e+00
2.426492196761932618e+00
1.611517618038924837e+01
3.602927956873116955e+00
1.475000536466717360e+00
4.710155583430124082e+00
2.151669520661750656e+00
6.974746726229805738e-01
1.650864595094940102e+00
1.595137641795055217e+01
2.352673913704124153e+00
9.888948504994065303e+00
8.464311120671842437e-01
6.986481703036135471e+00
8.715119736668620831e+00
6.429325819065609515e+00
1.097914119415772216e+00
4.003703429099140010e+00
2.714453205136035052e+01
1.160288636672168527e+00
2.138402230047157904e+00
6.794576324507015208e+00
1.399237229008578165e+00
1.266622969322968251e+00
8.268884579072997454e+00
3.204074872359365056e+00
4.328377135940114862e+00
2.442976686007035880e+00
3.136680014458643306e+00
6.888582313643301092e-01
8.772169616308168605e-01
3.252379634353960380e+00
2.700942393009687592e+01
2.097656253933733339e+00
4.241011217692914670e+00
7.391120759652046068e+00
7.179055196417100104e-01
3.698065626482179846e-01
2.061649777023294661e+01
1.261764114350135690e+00
1.850745138496935116e+00
1.984650196577022685e+00
7.155872175807946878e-01
1.214101352220858798e+00
1.254571432662133335e+00
7.356700497750954248e+00
6.718911267823606259e+00
9.377701140581181649e-01
3.473343525557858413e+00
5.424933712869616897e+00
1.428133364839080155e+00
2.344298492962482161e+00
4.209048531276006599e+01
6.118937547063916682e+00
1.996101968908061464e+00
7.136366679366435761e+00
1.939485837088696929e+00
8.309259197642717254e+00
1.519276668327209201e+01
3.146355355145690869e+00
1.323987008601346549e+00
1.519869377764705121e+01
2.627823560344636267e+00
5.021901038080502921e+00
6.719869737136022536e+00
3.157193205199764208e+00
3.415508626655748170e+00
1.294533478414880534e+00
2.024496408219665700e+00
2.335022453409947740e+00
9.370747997176758215e-01
1.226769002150883914e+00
2.224635425060839555e+00
2.127636385183899304e+00
1.316945556275867979e+01
1.721334699557761416e+00
1.534064238330295149e+00
9.850575508119316481e+00
3.192881659304690700e+00
7.804115436204595468e+00
1.961450776698950627e+00
1.727709541320118003e+00
2.418025290912386271e+00
2.048665720006094482e+00
1.029904576646326841e+00
2.558796423201905590e+00
2.468319672254393637e+00
9.234749973921108079e+00
6.949532719585837626e+00
7.576926627864217778e-01
2.486545428310125594e+00
3.329807013020171791e+00
3.805986092208924365e+00
1.033155444492961550e+01
6.192281091497810586e+00
5.773326020096976485e+00
1.499567920205112426e+00
5.964292730885738969e+00
1.729452492956207843e+00
1.300546211182757705e+00
4.202918345602727479e-01
2.913166655952453254e+01
7.977918403380129142e+00
5.942521596537991613e+00
2.706068834214462981e+00
8.166187584996334792e+00
3.939544356056032370e+00
1.379540509837569262e+00
8.655299341235306088e+00
6.353632874185028978e-01
2.894386454791188612e+00
7.898303028272700699e-01
1.563231757104498021e+00
7.189912339290517984e+00
1.532613575092867553e+00
2.996256187334934484e+00
2.111756201749949469e+01
3.078563932131432423e+00
5.318146745927355923e+00
1.325104612929938419e+00
3.256455592554237555e+00
8.005790608404344866e+00
1.407192311106506555e+00
2.380679027300094219e+01
5.008625901606000852e+00
7.315213075964449807e+00
1.287633571431707402e+01
6.091284336230153862e-01
1.054132245661648781e+01
1.293798803383912954e+00
7.755105336314668918e+00
1.457871038811493269e+00
5.152657821624943679e+00
1.216861779241839470e+00
2.500727685019188851e+00
5.719905468008927407e+00
1.537169441999753028e+00
5.652755936453043084e+00
1.342881818812732275e+00
9.712613007011244193e+00
9.471557274811027716e-01
2.353730196768756056e+00
2.727917311003991152e+00
2.768182983740673286e+00
7.235507518173972308e+00
2.757126245978701817e+00
1.219306532715841662e+00
2.412434691227738792e+00
1.699681755719314324e+01
9.410528969751141837e-01
8.424491183725573151e-01
5.466254660151178335e+00
1.640015488316064474e+00
1.920976407343335746e+00
8.194365251121426752e+01
4.375892170260645742e+01
3.482498774989110757e+01
1.514537112557556187e+00
8.843339878464760995e-01
2.386421785420706598e+00
3.193623653880047097e+00
2.362306653784423283e+00
7.731110703915268223e-01
3.210481245025922359e+00
2.822444757473034471e+00
4.350678152261727938e+00
5.345902933563141390e-01
7.867347135991483720e-01
1.795203917918345882e+00
9.591891827069487508e-01
2.168934024146588158e+01
3.509808916097111098e+00
1.681453620874272747e+00
6.869177653486123747e-01
2.646880237275587078e+00
6.999605502281204927e+00
3.716635182899402090e-01
5.775112805229854374e+00
1.829410213513352312e+00
6.367380947303529659e+00
5.746625454809977107e+00
1.367586906994182616e+00
1.573707362376104868e+00
8.813621613047659675e-01
1.074113093556385046e+01
2.226840295544439297e+00
5.815740865593379105e+00
2.089305300581240310e+00
3.591106091528561084e+00
2.868815672874572842e-01
1.768383754748017900e+00
2.855777136626905577e+00
1.976639115209251507e+00
1.340250071387109054e+00
4.292562907553572060e+00
4.349743169490435157e+00
6.736483935595019013e+00
1.631110397417278080e+01
1.447120913258908992e+01
4.423361911059575213e+00
1.163295131349476152e+00
2.939255570189885702e+00
1.915704968392440755e+00
4.151832211200773948e+00
1.054142319160227270e+00
2.811618794167553670e+00
2.132346062104592210e+00
5.652276264756634028e+00
6.046178788807139881e+00
6.490809148311931231e-01
5.996286810898542541e+00
1.302039151453217025e+00
1.617043106355669169e+00
5.135822051582972847e+01
1.501275176495950436e+00
9.297071366966104256e-01
6.817802431900729765e+00
1.280689008652776018e+00
3.290007063896373207e+00
6.436545145724138273e+00
2.485654894447571372e+00
2.575787227973887816e+00
3.434994770880998693e+00
7.818473101526690616e-01
4.397755257348829439e+00
5.667416641872492278e+00
6.455332299885561120e-01
3.404656269700980786e+00
6.671702520401083802e-01
1.443768904019211652e+00
3.358822300771809655e+00
1.374902386550151956e+00
1.266676774547575990e+00
7.444283240401121660e+00
4.494101908392702960e+00
2.559396210452495879e+00
1.557055373280945565e+00
4.350849449010260273e+00
2.449125616075271683e+00
2.481171946268302619e+00
1.889122033166965586e+00
2.733403422578697395e+00
2.326993844133062872e+00
1.974791277672954815e+00
2.267376189184027169e+00
1.859347347273924589e+00
8.123956068512718787e-01
6.982830232196203246e-01
3.279414177907857386e+00
2.313726732913787387e+00
4.132574652670885085e-01
5.372735898466762805e-01
2.724838101857864014e+00
1.812732968871769934e+00
3.025508934393897675e+00
1.339368619782207759e+01
3.457115870081970410e+00
4.970591143777927101e-01
1.537971153301975313e+01
1.365137287992257953e+01
2.428762537323731596e+00
2.150780361236023452e+00
1.922287756476449561e+00
2.272442755958543170e+00
7.481185495653580375e+00
6.827357279651555810e-01
2.039123403313432892e+00
7.099323084005221496e+00
9.650557728901432597e+00
4.890776264147818631e-01
9.569778834594273587e-01
6.495575107670923387e+00
7.144212452630412713e+00
1.721128781741657621e+00
1.803975650125915431e+00
6.264597345174795606e+00
1.515121241982066769e+00
1.592822087454817348e+00
2.401070860881428182e+00
1.255074020045404470e+00
4.744313471118778991e-01
1.039283367448855078e+00
4.245831373628543126e+00
3.040294292665541409e+00
2.125930285281889098e+00
3.603026061768801913e+00
8.477744564800440585e+00
2.036630880254107101e+00
2.987527002005714305e+00
2.065139089284742546e+00
8.986730435728552679e-01
2.215457617928066281e+00
1.058731834021311435e+00
7.935341276577962510e+00
2.220631097967788570e+00
5.967423559884958095e+00
5.731272418802833890e+00
7.851659544016240666e+00
3.380866820170062570e-01
4.046535572168047601e+00
4.516704459959306917e+00
2.626163314969989226e+00
7.517710889546482811e+00
2.431625817056143646e+01
2.334856466299243538e-01
1.092403126940438396e+00
4.395073160777162258e+00
4.497662139428705075e+00
8.249935274329368795e+00
2.817534154244468514e+00
1.213304537801471517e+00
3.115186681011106629e+01
2.878388369904473443e+00
1.762622525396479345e+00
9.516531858513581632e-01
3.267053720775011438e+00
2.973419151535289906e+00
3.301668840036407815e+00
6.564855949756071674e+00
3.168156634110581571e-01
4.236448088137192869e+00
1.505278906628225499e+00
5.324804126522581171e+00
4.041198659711366936e+00
2.445932596444741947e+01
5.620264937005089223e+00
1.386262027560262400e+00
9.568725955717936049e-01
9.180797599693626410e-01
1.393534901103421264e+00
1.315516237762292873e+00
9.072164385223704386e+00
6.105718976971412637e+00
2.762212857340965222e+00
2.786503119750337820e+00
3.428295435904047839e+00
1.104072955991118876e+00
7.472677450349685557e+00
2.208731796751914445e+00
2.117938086462498593e+00
3.746055963322307392e+00
2.404862204510448631e+00
5.546548117118524246e+00
1.039468690204694568e+01
1.541059001171546861e+01
8.680728952506353124e+00
2.866217106815009519e+00
1.352858881672509117e+00
1.155946694066098956e+00
1.917020905619160942e+00
2.661585132076774052e+00
3.363144821567900511e+00
5.656866263485808233e+00
5.433755104438053873e-01
1.928515974207928085e+00
2.181814057109566107e+00
1.556835909128298612e+00
8.108756622498838329e-01
1.606953780720172587e+00
1.882719702593956601e+00
7.511321063861137182e-01
1.886089006950471436e+00
3.534321897098503751e+00
2.098979298557104745e+00
1.003068975572455201e+01
3.312857206474260963e+00
2.311931102235354363e+00
4.785493099970693720e+00
2.071309895032469317e+00
1.194853275532131720e+00
7.152213321754244291e+00
1.142732897397755298e+00
5.759403826002497118e-01
3.571039248999660298e+00
3.576175139459114583e+00
1.197171915052489100e+00
3.840101937786407404e+00
1.584385786668383478e+00
6.445801327303755990e+00
1.379531987836842832e+00
1.204272810855395281e+00
2.456876793888429500e+00
5.882634110004787420e-01
5.073696214450924558e+00
2.631149224698407618e+00
1.429470890872468258e+00
1.988378216813101007e+00
3.204490464877889355e+00
4.666707372384627739e+00
8.984106979739200360e-01
3.137384364291956329e-01
2.096612165850851639e+00
4.883332136737570828e+00
2.305687769476198579e+00
9.003943137959478094e+00
1.704282717814838533e+00
5.796661172732497036e+00
2.960483666989730533e+00
3.144291351625582376e+00
1.693188829265335649e+00
3.341955488360172755e+00
5.813406632444512390e+00
2.394260663402003608e+00
3.643695861015300519e+00
8.056005669858709695e+00
2.303999215517966270e+00
2.279685313268523306e+00
1.343347603148272729e+00
8.178603027532785896e-01
2.372603965755763600e+00
2.370826049566142402e+00
7.166045599029116531e+00
3.067464062336560549e+00
1.098574819228213251e+01
1.372488941809356433e+00
8.256335587425750688e+00
3.766243938494615140e+00
1.527919279904580430e+00
2.523027271536118388e+00
1.745493087397885112e+00
4.872017356493428153e+00
6.915429316899442291e+00
2.995208879160587312e+00
3.118681442073342414e+00
6.337175624630095427e+00
3.204754954379582244e-01
2.101434294485731158e+00
2.498955771807484239e-01
1.086862967783466027e+00
1.633281446824822680e+00
3.748961260014623598e+00
2.994342847846505062e+00
1.424148514964812096e+00
1.587045239974524957e+00
3.779899646526186263e+00
5.801251184084548207e+00
2.805490504543993513e+00
1.602299445544774104e+00
7.361865897869660280e+00
5.890532219510613565e-01
3.000784841274379833e+00
2.853484104336252436e+00
3.222486843185641270e+00
1.952375501769016752e+00
1.389784407850028991e+00
1.929038030424030659e+00
1.211270554929824961e+01
1.285601077124064906e+00
2.650736758141141181e+01
1.329307753154006511e+00
8.491815378103265033e+00
1.267838591800491743e+00
2.446523794166665766e+00
1.744528572940780231e+00
4.304278717165942680e+00
5.055119896806045787e+00
4.371744970496057370e+00
8.679379933457690655e+00
9.183039526969002608e+00
3.361923028209051978e+00
3.683489160207114588e-01
1.075595057523555198e+01
1.097803826323966447e+00
2.846961665545979514e+00
1.092681128307001437e+01
2.189382832319019201e+01
3.989483778138527281e+00
2.966275452416326175e+00
6.688474961810989550e-01
1.940048460055670665e+00
2.720829074938796666e+01
4.603241768625927488e-01
6.643825406073583295e+00
3.514582077351805278e+00
5.670536926073136641e+00
3.166763477879749100e+00
4.819037104636767488e+00
6.452526292960868437e-01
4.039481280965953935e+00
1.861105207386437854e+01
1.187555296006103767e+00
1.513435257476307472e+00
1.094446898446789662e+00
1.159437953706137892e+00
3.219979546000752979e+00
1.271182726674515040e+00
3.654939082328304778e+00
1.615693009987786644e+00
4.000358476355643234e-01
2.576123032443033978e+00
1.864168844157390481e+00
4.825032433908540419e+00
1.548213034116776798e+00
1.363961188384435141e+00
1.078190179171057039e+01
3.672355255956707865e+00
4.365538753409658135e+00
2.426843269123760027e+00
1.447936626826845208e+00
1.451926989357927189e+00
1.601748209131324430e+00
1.052366041696461707e+01
9.356651423565741865e+00
1.464457115631848438e+01
7.196369549534792576e+00
3.287226066392454182e+00
4.214241176380598830e+01
3.763623631974611250e+00
8.206419879534532225e-01
1.549171646497301991e+00
4.674062865891404628e-01
3.133381426690810212e+00
1.273147870888812250e+01
4.531762335937739472e+00
1.808968484508451979e+01
2.086578596077101722e+00
1.237767176109958678e+00
1.665691594036871614e-01
1.663688588225230580e+00
5.992406358687293322e-01
6.185696843044961923e+00
2.563393255537990800e+00
8.081421002085610539e+00
1.806285776740252036e+00
3.692608258101720775e+00
8.063337597112580912e-01
2.964785082041495823e+00
2.537791648730506111e+00
6.550960622978452719e+00
5.435726119382628063e+00
7.609936008246485528e+00
1.101371176778613048e+01
5.838976979487291885e+00
8.010926516893893679e-01
1.972078934994321964e+00
3.733851811994256309e+00
1.706589586213499432e+00
4.100757216791301119e+00
5.267006548684284084e+00
5.758216330198585808e+00
1.380437982585582724e+01
1.880636586997596948e+00
4.515932769276848724e+00
9.494745526754853060e+00
4.945019265691694699e+00
2.142274345532322855e+01
5.864722866014521863e+00
4.378109384854711905e+00
3.014046475777654166e-01
1.864101531139483958e+00
4.859878499925354589e+00
8.033708626095672045e+00
1.209724864344167194e+01
4.011275711433707869e+00
1.901336348246256858e+00
1.259035971511944574e+00
1.405306551236417345e+00
2.895190608210968630e+00
1.467681667958778569e+01
2.558375855133216970e+00
5.223462972253378744e+00
7.956292816336310914e+00
3.305667489383251834e+00
1.260110579873320535e+00
2.799280803888035241e+00
2.983345313799359744e+00
2.155759134824250722e+01
2.286827045865528873e+00
2.232362131265567484e+00
1.773758231052474210e+00
1.029423193036230799e+01
3.427837365437820694e+00
1.328304760072720914e+00
3.883012281764639795e+01
1.727779969059222820e+00
1.487031766450348513e+00
1.425423038990605962e+00
4.766568516406930911e+00
5.351537392732671705e+00
7.631768178292833049e+00
6.881373647367266422e+00
5.517163518953378532e-01
3.402691670181335226e+00
5.147995347287133150e+00
1.779571455117562095e+00
8.897271476521221301e-01
1.568999314843731785e+00
8.736768919011347334e-01
4.985586685337241031e-01
5.442024753158729578e-01
2.206296505546553099e+00
2.179762234439190483e+00
9.342325395262811583e+00
3.203648245109959269e+00
2.726780371279031723e+00
1.422768774150045656e+00
2.989064027436366455e+00
1.144936401874133480e+00
1.213668748349948601e+01
3.965202555720141131e+00
7.312531953328542667e-01
6.714204151512712659e-01
9.327029077871472396e+00
1.301488676569560354e+00
8.160463721123536018e+00
7.017363388825849091e-01
3.014550725477117332e+00
7.182738938096735914e+00
5.364446417899086050e+00
1.179189616744481972e+00
5.852556927920926633e-01
7.601670927989887971e+00
1.058907816266652624e+01
3.317094371736273306e+00
2.165076014078313626e+00
7.779363752507376661e-01
1.557114687907464212e+00
2.899068107284737739e+00
7.937349183522703910e-01
8.934627123577298935e-01
4.248034936990140453e-01
4.848610120311123595e+00
1.652750839910554603e+00
9.985662039850936589e-01
4.610867008106844800e+00
1.595397037333868395e+00
1.965689977214311490e+00
3.939140035013000585e+00
9.377214275575368463e-01
4.012645895827833264e+00
1.140590793924408253e+01
2.494291699588290001e+00
1.009301639172298692e+01
1.577162717189478203e+00
5.436617028784476169e+00
4.390029883042270598e+00
1.799304003352406589e+00
1.153567709999882451e+00
9.593268272545564912e+00
7.029720178458614299e+00
6.515754092097270078e-01
3.826728505501723276e+00
4.188492489711497235e+00
5.919195310808329502e-01
2.956905804125372850e+00
5.705228172551045418e+00
1.078914003293120594e+00
2.477305689871613481e+00
7.307658482264837829e+00
2.356782824751978644e+00
2.483055250269666114e+00
1.597991304070352614e+00
1.322573419513369153e+00
1.823917666982609376e+01
5.914591191711345175e+00
5.410505363421371783e-01
6.405932581252475444e+00
6.504777182291967996e+00
8.411340914270223124e+00
1.411048359902780991e+00
2.542175958839339778e+00
3.402599367233515526e+00
2.762096923337439058e+00
9.242040889637349821e+00
1.098564620006583503e+00
5.250386736279259559e+00
8.749226991136225706e+00
7.903660026638196889e+00
1.145473764014645468e+01
2.352446151967537258e+00
3.046237602542498379e+01
6.001815668067959075e-01
1.817393400077924159e+00
6.327930956603064594e+00
2.943484378447442484e+00
7.525428883319043027e-01
2.929637964939387551e+00
4.510674658053137165e+00
2.132918553530158690e+00
1.048046425220614086e+00
1.677150635891428765e+00
4.656489917763736663e+00
1.236694939782588598e+00
1.106301605647572295e+00
5.416219934459775232e+00
3.419306095536470025e+00
2.258418244011459741e+00
1.106842750381318741e+00
6.551743842663103612e-01
2.192537344084479312e+00
5.767546005563297662e+00
5.399248949563232536e+00
9.843531633643604062e-01
3.018363727012468800e+00
2.407819279712635208e+00
2.046598368428890424e+00
2.945432982977159053e+00
8.450956408570998724e-01
1.068811097040508251e+00
1.758008480942847385e+01
1.305609520634805065e+00
2.441394854843875528e+00
1.930812433760100921e+00
5.506831693879440159e+00
2.921473874606726806e+00
2.102869640201583845e+00
1.020881076412856192e+00
2.778799505498167122e+00
4.433574698655601942e+00
2.277985803449809055e+00
1.753716504058578041e+00
4.135397027968225281e+00
3.962978026157022438e+00
1.502321795378165348e+00
1.197324716961952307e+00
5.634853064162753000e+00
2.170094547393103923e+00
5.917685459254523828e+00
4.382945999572656071e+00
1.935471378977717150e+00
1.310227109220100328e+00
1.663320972522528196e+00
8.371447373536302194e+00
1.864472137656301376e+00
6.549710337982546982e+00
1.227981813344127593e+00
9.451741642679420963e-01
6.658103713112035749e-01
6.371446782732898662e+00
1.374212741734814225e+00
3.109503321597247183e+00
5.989964055462571046e+00
3.910409875080016029e+00
7.616248149639657683e+00
8.884681144277668530e-01
5.303784167336361044e+00
1.952229770686189969e+00
2.331107173716576053e+00
1.847020607756385546e+00
3.883576832705533555e+00
2.990508877534562515e+00
1.522980176796668061e+01
3.211184544095460502e+00
8.968105644949766475e-01
1.429651464566750851e+00
1.956509085597325504e+00
9.115861727336947995e-01
1.040425521592585945e+01
5.192111039119743587e+00
2.191579284035437336e+00
4.640365177458983581e+00
3.462380273618803184e+00
9.109179470329733519e+00
1.037466691274482145e+01
2.417432713006387512e+00
1.228945770302029450e+00
5.333390672237991126e+00
1.764512400838409656e+00
1.509254000080835656e+00
2.277554445819334639e+00
2.340933586361658492e+00
5.498579153097953309e-01
3.574684972827738338e+00
2.082078375680204707e-01
9.587022947143781337e+00
1.269775991369902046e+00
8.023550790229597718e-01
2.955273907950528134e+00
1.197683184282987590e+01
7.695203422782263658e+00
3.293991060644921642e+00
1.301316600377246679e+01
1.200392441146375555e+00
7.493444534407345259e+00
8.531492900088341713e+00
5.268106235810518179e+00
7.952441595773805938e-01
2.715648246558959311e+00
3.494791198630968321e+00
2.232464830778224218e+00
1.880885992265177997e-01
2.233429001633119526e+01
1.535336089340978871e+00
3.066900474383112307e+00
8.502047706175340780e-01
6.955855438213874864e-01
7.275302403046000066e+00
6.912876652932999022e+00
1.186072380847483032e+01
7.924227483411121931e+00
1.566413264543627948e+00
1.932665699518856250e+00
5.747625764147435312e+00
1.602916148353487058e+00
1.823596935703240440e+00
3.298759159989144596e+00
2.199951031289042014e+00
3.411042560887615593e+00
5.067097823731886441e-01
1.974094297277521060e+00
3.665945973688664594e+00
4.291045140794245150e+00
1.657412919232419624e+00
9.028304008002177028e+00
1.499123186999390622e+00
1.078021521084512102e+00
1.269374080515563774e+00
4.236501490819555293e+00
6.104502826730199283e-01
1.683716816365695035e+00
3.164653464134238536e+00
1.587159195353116781e+00
2.014140848845315634e+00
1.998265948272166170e+01
2.429956641019527019e+00
2.270733623478260021e+00
4.862204396424981034e+00
2.427616869232223973e+00
4.145954301049314950e+00
2.443805603021305828e+01
9.222596729099207247e-01
2.224557859392763515e+00
9.226234227057529269e-01
2.213527599967632487e+00
2.537072915400607975e+00
6.842198239468417764e-01
1.667738301674718260e+00
1.231533346457759137e+00
1.135587003716623755e+01
3.065372270591589565e+00
4.836333314379180237e+00
5.108771270838799339e+00
2.633040392047829137e+00
1.287829426378452657e+00
1.843383474617822415e+01
2.540897021973946401e+00
3.933263356536628397e+00
1.598605733538864371e+00
2.647580767324474671e+00
2.802458599897972746e+00
5.643760761347731858e+00
5.958270777559235842e-01
4.066722534476949313e+00
1.808960100316623132e+00
4.165870995020510392e+00
8.487935294814858977e+00
1.509804090862844506e+00
2.036904759790429065e+00
1.696647156825422442e+00
3.160376924071889082e+00
3.372565434383411276e+00
2.796765136026874821e+00
1.507711285126968281e+00
8.261357705040030197e+00
1.966182503984625463e+00
3.579527660464411620e-01
8.927272889537338774e-01
3.341215780009609837e+00
1.503154339771421988e+00
1.203989399982400066e+00
7.892735931717250741e-01
2.866023698577999657e+00
1.279430105358271508e+00
9.766782634304261634e+00
1.755858231961854976e+00
3.329005936453403036e-01
3.690017816701067321e+00
2.043789673229529757e+00
2.254727849029481757e+00
1.664044107343439549e+00
2.741793040292861861e+00
1.221584751950131054e+00
1.353267867977966610e+00
1.187776040578019199e+01
4.766269193864057563e+00
5.928942679866587184e+00
2.178760152654873661e+00
3.429432769994412045e+00
2.901234235029598985e+00
9.350385492464564408e+00
1.516498928399519741e+01
4.734795912067521151e+00
3.741414071575956957e+00
4.556192416330820727e+00
9.849020636347242785e+00
2.207676996283652215e+00
3.167178310705858646e+00
5.254921115801696185e-01
2.874158969381906292e+00
9.372827043916144296e-01
2.136739744360284021e+00
8.539406771599922230e-01
2.882416863147623687e+00
3.717344094959019074e+00
6.254574067321970077e+00
5.373034009320639903e+00
3.509456600733322329e+00
6.603251102955332463e+00
4.092130618903579986e+00
5.583124644415278226e+00
6.113203942162408921e+00
2.502422848055174232e+00
8.740771710064848543e-01
3.032969414189199409e+00
6.154669253506716009e-01
8.204747794149703566e+00
4.444495603324691846e-01
2.712759539613633031e+00
1.408823821953899902e+01
6.652663159452011366e-01
5.401755907594641748e+00
2.667830534844688017e+00
5.635272651833960644e+00
4.484916808456807402e+00
4.206369377858209191e+00
1.976566530751201256e+00
1.503848307097650405e+01
1.512906750006832057e+00
1.324081997164783253e+00
3.806042211448544599e+00
2.935691112270855996e+00
1.821699117354232289e+00
3.038196139785671601e+00
1.019482542153840932e+00
6.940755260983021202e+00
9.160726412899912185e-01
1.902822932113704457e+00
3.407943282998920242e+00
1.132999121594409075e+00
1.615458606758564342e+00
6.996956803353855392e-01
1.910112335465862454e+00
3.912797141127147604e+00
1.513210356217672636e+00
6.164837866370468333e+01
4.942453178255982849e+00
6.770347146456078269e-01
6.495188605728393405e+00
1.029983229543238732e+00
1.790436327412002315e+00
3.113071470481671099e+00
1.833125321596493551e+00
1.863465248904264460e+00
1.954581409217154286e+00
1.156916911135432491e+00
2.316661722153388503e+00
2.266148453249063444e+00
1.255015836564903564e+00
1.305369543600466287e+01
1.422602818774027167e+00
2.790188621405878422e+00
4.607562584045379772e+00
2.149437024590612477e+00
2.191608782934017619e+00
9.032944071941959585e-01
2.771850400806776804e+00
2.653959638454937320e+00
2.449601806159225958e+00
2.465464756452318440e+00
5.850654479644691541e+00
5.409216807539640115e+01
3.323617213114564262e+00
2.229763772909699959e+00
4.236969883906902545e+00
5.700511782167247077e+00
8.920234721352708007e+00
2.118090076547654910e+00
7.335920818201846494e+00
3.706764458444818278e+00
2.266181939496427322e+00
1.137079366886179388e+00
1.126191786452056309e+00
6.216041452618563667e-01
3.177387367469302504e+00
7.428070736615781655e+00
1.854501190239409958e+00
6.344038653056077726e-01
6.015923182702108463e+00
3.091584817222334802e+00
6.144339167677469460e-01
6.680671658308220628e+01
7.106936759334218756e+00
2.112913545060318032e+00
3.467449652796914972e+00
2.326577439734530905e+00
6.160691782512297543e+00
2.129917465607658045e+00
1.150973502998784204e+00
3.959437203596374300e+00
5.597961803419376769e-01
4.773645946035419030e+00
3.308577542234159896e+00
2.457560270762382704e+00
1.834636400586066474e+00
1.603084160121730939e+00
4.785211465618661286e+00
2.818217000950564355e+01
2.380874001288093567e-01
1.063385304914908236e+00
1.931940151210950196e+00
5.032161196254941515e+00
1.335043975008342487e+00
1.330504173839108351e+00
4.142073535510651716e+00
4.827745783757372955e+00
1.160257998795718670e+01
2.988580147619072314e+00
2.058023534062600302e+00
1.585318682892397302e+00
3.957663198429757045e+01
1.404468268651278073e+01
5.382901530564300430e+00
1.235178728697517547e+00
2.403134416076541324e+00
1.167174970748186880e+00
1.472456810106164138e+00
2.547573039099957359e-01
1.264493808156371024e+00
9.395836790027544794e+00
4.826251259928747150e-01
1.973787659544155249e+00
2.361061979513869868e+00
9.273396337695238856e+00
9.648902513207165965e-01
1.033840134107098185e+00
1.902529656436998895e+00
7.850474478016661983e+00
1.314572995560031599e+00
2.719658493432359325e+00
2.117671991605132753e+00
3.515932474390084383e-01
3.978407135300034425e-01
3.117579585529744457e-01
5.084399100937402949e+01
1.641718871617775477e+01
4.046280637716022532e+00
1.077902325100208669e+00
3.488362065595889128e+00
9.526868506896261080e-01
1.750114544897638069e+00
1.295864853020728680e-01
1.707250251777418626e+00
2.145402137677556165e-01
1.302899057191221122e+00
1.297464230734957757e+00
1.000927880368939205e+00
2.790249300229727503e+00
5.906644233105386999e-01
5.647033851182847286e+01
2.272248090825550015e+00
8.037598931072955644e-01
2.396958680968714006e+00
8.728590783771374984e-01
9.100887484549788908e-01
1.551617777635414752e+00
4.189826131972519963e-01
8.873237805008298285e-01
1.643073517512938730e+00
8.444908070237143738e-01
1.638176056918104084e+00
8.089623195488504503e-01
2.259444696649986817e+00
4.317726309100904381e-01
6.871023940221271387e-01
1.802218806679130703e+00
7.605348234320388201e+00
1.761830168706532307e+00
1.277405320010457324e+01
4.153565039050665653e-01
5.540393207105942519e-01
6.870928825933898532e-01
1.330535950683518154e+00
6.173743789491545009e+00
1.296834015894998915e+00
5.449100114162867131e-02
3.416828462057707405e+00
7.155616138848227337e+00
9.555173758580192134e-01
4.396020688921510100e+00
8.711064456636444797e-01
6.304306576263102535e+00
2.257697264952696958e+00
5.208215619415335595e+01
1.482256520134660471e+00
4.514012966868136800e+00
1.599574834060518569e+01
2.480717449395388463e-01
6.439597307645004598e+00
2.243271081061058325e+00
9.941396840307957783e-01
2.865835079044322109e-01
1.064063624837184863e+00
4.666526260424378236e+00
1.546041925063353029e+00
7.942829799855069872e+00
1.314799496135688628e+01
2.276775159349197164e+00
5.795790453381005625e-01
8.153874130747183813e+00
3.979997486279646335e+00
6.658637288442789126e-01
2.197175035325497205e+01
8.142115308025566378e+00
4.018094139827587119e-01
3.397272695979933754e+00
2.646602702785983752e+01
3.252366014647161130e-01
1.631771885726752913e+01
1.625326273396481014e+01
1.374932718572233759e+00
3.261385459441971779e+00
1.009412564234460685e+00
2.252163334610695067e+00
2.349148913265639571e+00
2.267257885094295489e+00
4.490872008220572753e-01
1.386763838517646841e+00
6.600703496521743929e+00
5.462509584217232206e-01
1.862085074953224173e-01
7.207114787269281919e+01
3.977530731382638574e-01
3.476094985398091031e-01
4.835631107100279991e+00
8.385141113873343599e+00
4.405884433183035576e+00
4.167250909930627856e+00
9.111322291130607987e-01
1.134025627184580820e+01
1.881307800861125479e+00
2.917783820058270194e+00
1.677823480859077065e+00
1.343743624292108807e+00
1.071741743843482553e+01
7.853973634563575779e-01
4.616675148981231658e+00
5.355326421728324737e-01
1.425448421850402170e+01
2.143351537204773560e+00
1.564863653255298637e+00
1.014831641091112457e+00
4.807719992576975354e-01
6.300951087247259608e-01
7.660248012180135291e-01
2.694206232931898870e-01
1.464261896196985546e+00
4.619253180506997403e+00
2.635684449545789843e+00
1.141933433204211035e+00
8.003734188846738817e+00
1.029526537386329654e-01
2.860835320323877884e-01
2.021546742787824869e+00
1.584047913873695101e+01
1.563296281607916782e+00
1.019317304250994871e+00
5.880835596630602513e-01
3.314752716779240771e+00
9.502658255536819976e-01
2.439859266010651506e+00
1.195823675524585905e+00
2.816944546938247473e+00
1.969799408356606607e+00
9.733130581420372351e+00
1.104479041653263272e+00
1.465449603393675559e+01
6.427970531547404498e-01
4.848266510280943464e+00
6.059073674601507697e+00
2.916028445513705325e+00
3.470112245324216693e-01
1.200494977207739566e+00
8.267543146892060157e-01
2.441912831304644982e+01
3.863752393040710942e+00
3.863869917751452832e+00
1.890651540571342881e+00
4.711639136441234221e+00
1.048475023013267116e+00
1.093655680355358539e+00
2.606080558411451031e-01
5.400573202693363051e+00
6.480761483163010261e+00
3.305598906172745988e+00
1.076489439671585835e+00
9.252007211883923610e-01
2.316131287951765927e+00
1.014761666525259010e+00
1.811082936738115601e+00
2.211478218052761180e-01
1.001768707497885380e+00
4.559097000474023886e+00
1.698678367942205281e+00
9.936450508175032059e-01
2.649030266500732811e+00
5.624012595236308476e-01
2.771689175200036104e+00
7.014959905524269512e-01
8.942650051775452580e-01
6.808629191976606210e-01
2.549443152023651749e+01
9.959480880695522620e-01
4.671057732083962466e-01
3.577426374210495030e+00
3.125552456027297366e-01
3.121073357856218311e-01
3.323513465098672981e+01
3.406016053918102582e+00
8.100792140877592473e+00
1.944115376144420981e+00
7.916116325560135891e+00
1.111703829578880587e+00
4.008641827232110044e-01
2.611572876661237275e-01
1.581070255890931087e+00
1.362642463513432212e+00
8.427443977991734059e+00
5.736000759910482305e-01
1.278469223456294435e+00
2.668504704823053331e+01
5.798127450361764801e+00
1.916977565798284289e+01
3.697611277214178371e-01
4.155503403947906627e+00
3.505765169752893540e-01
1.358685146576956981e+01
1.343464245098099141e+00
1.988972070585166119e+00
6.033938246919886339e+00
3.265391758963738233e+00
1.017916063425957951e+01
5.972433072102558249e+00
1.542585718848740850e+00
1.862338566380435267e+00
3.430846286271444501e-01
4.734548049235861034e-01
1.445510313281883619e+01
1.288765674151365026e+01
9.241105858145637342e-01
2.579383475634252854e+00
1.165301864218734273e+00
1.444956252217433601e+01
3.297710734683342859e-01
3.435517521942836883e-01
4.970973951534122648e+01
2.912658780966046468e+00
8.772796754511746897e+00
1.569477060479492092e+00
8.684292251083189029e+00
5.906591629311782610e-01
5.019440830473157256e+00
2.316626917529813756e+00
4.898183259742980411e+00
4.450097769831627970e-01
9.764597766155406200e-01
2.424942038257920096e+00
6.131209274602333892e-01
2.070675464559622814e+00
9.147225210733102685e+00
5.274678036238058532e+00
6.275130545814952221e+00
2.091974618401880548e+01
5.606476898446542956e-01
4.616468146340693135e-01
8.455578554084902665e-01
1.639244318935752620e+00
7.957852461509956399e+00
8.906704057045442546e-01
1.165228947193975451e+01
7.157809418743730223e-01
5.560637705349636306e+00
1.956088834539165822e+00
4.799018938274570711e-01
1.174363092992373181e+00
1.832211774523518633e-01
8.634059649640375866e+00
1.240672031051521573e+00
5.406191798452173458e-01
2.421233359886837988e+01
2.150876919799664666e+00
4.601554613664761151e-01
8.369284765353068867e-01
4.064740924750616102e-01
5.135537831760016303e+01
7.695999309506930119e-01
1.243004743828291625e+00
1.983521297197499322e+01
2.452550545814466521e+00
4.791909434878287577e-01
1.929919487531910782e+00
4.853454098390239113e-01
3.171893991355150821e-01
1.181313947051734647e+00
3.595030570316244400e+00
1.224642549757371057e+01
5.026992914251460220e-01
2.837354084012202460e+00
2.512279407716087043e-01
3.370227671133256830e+00
5.041352385282105164e-01
3.722268036743845432e+00
7.449951381493153946e-01
3.405821662598907396e-01
9.497945930976289253e-01
2.714076247935410358e+00
2.808898653713099436e-01
5.584271164286945810e-01
1.511467280839925875e+00
1.285559691338973520e+00
2.032856225888266533e+00
9.496863676311843028e-01
7.906090754070869142e-01
8.145152715896225581e-01
2.344412907119012568e-01
4.688555124154867748e+00
3.232384756055927255e+01
4.492126874143251847e+00
6.796791899711038809e-01
1.702532226172271290e+00
4.440832026540997290e+00
1.231451491469437087e+01
1.090979393750976190e+00
2.988266018260981483e+00
9.684951516898415713e-01
4.351066925444824207e+00
1.421777018289567263e+00
5.231807806757448054e-01
4.644795277862292515e+00
4.885229240661825290e-01
4.655836262347981425e+00
6.182541876311434592e+00
3.115391293113686011e+00
1.917509791613100756e+00
7.012370442738707910e-01
1.765382456510655951e+00
1.565729178586168224e+00
4.607117331434837482e+00
2.206230618313897163e-01
4.504670617517724907e+00
1.902535857288779297e+01
2.518625960246674733e+00
6.826951764070351203e+00
1.483078065855073513e+00
8.155964209470024651e-01
1.686777556815460821e+00
5.282789948529019730e-01
4.755053547837186367e-01
1.427677439301209716e+01
2.868586691876370054e+00
7.092588413027413052e-01
2.304016279811624379e+00
3.876551094294436450e-01
6.636411043840955148e-01
4.372397083649696370e+00
7.054190991379511111e+00
4.313264458564744608e+00
4.269885268840506676e+00
5.835360593567401999e+00
3.302319417886894648e+00
1.402292442308856524e+00
3.288423040745549475e+00
3.297967606926340167e+00
8.035895749965715762e-01
6.508427679393111731e-01
1.518297177224444461e+00
6.755976516262146570e-01
1.673378358465296145e+00
1.198332136000102466e+00
1.971560743228742973e-01
6.937792416173729215e+00
1.320160773672544918e+00
6.485005869857972671e-01
8.968076470490893293e-01
1.395491392263329855e+00
7.706411006910287576e-01
2.999992546901412704e-01
1.509540645317316354e+00
4.285433813267828240e-01
6.330100343412809138e+00
7.654963979526152595e-01
3.558818432095323114e+00
4.169059059039010151e+01
3.784227169005295877e-01
9.598096999583204392e-01
3.887388034530821490e-01
2.498199665601792407e+00
8.337906566563295652e-01
5.963685549365067562e-01
2.425110821260633376e+00
5.062388699816558812e+00
6.833955430047913282e-01
1.464432884946091251e+00
1.066971025648089766e+00
9.034493169345176877e-01
2.419472159194389072e+00
5.531880700298018816e+00
1.487698339680480508e+01
6.832810909464127391e+00
3.818231448908114833e-01
1.117344773708816436e-01
5.007405671669459224e+01
3.237564361597432327e+00
7.262513841101596590e+00
3.199848161697375071e-01
6.976421081775099342e-01
9.420391007464009592e-01
1.510971936261076953e+00
3.760760407580540643e-01
1.110822037141790730e+01
4.303350384509363913e+00
5.223079701646421213e+00
2.729100050396259469e+00
6.782950726532568364e-01
5.994729129717184968e+00
8.167872078595518559e+00
4.396464293743665763e+00
2.612461124617401875e+00
1.475039818635340172e+00
4.096297751542303800e-01
7.049198525001131310e-01
1.319618087709126897e+01
5.423877458007617669e-01
5.923679744100778244e+00
9.107047002956304427e-01
3.678170132782501600e+00
8.254127896351968197e-01
3.964440596702333286e-01
5.638479653023714677e-01
8.550917625327466576e-01
5.198029978328325029e+00
1.162392310886404267e+00
3.049731004659349320e+00
2.896352064493533884e+00
5.815596504888977059e+00
7.837273923849411972e+01
1.507095945990128527e+00
1.264555325240997563e+00
6.885701864001008143e-01
1.654058082223154535e+00
1.722721093736867992e+00
8.108803556124031253e-01
4.124094944548766795e-01
5.697722310016575253e-01
8.240618395722381084e-01
2.078193433696089165e-01
1.553509226983899705e+00
6.517416559635996975e+01
5.000732839558162945e-01
5.663915540025014295e+00
1.562505479333959180e+01
1.273497888118720889e+00
8.245328643538236690e-01
3.196062800847713214e-01
7.602405070768454287e-01
4.999191760064133905e-01
8.676794413050947341e+00
1.197004666644124082e+00
5.914820975814397030e+01
1.456277110139774900e+00
7.718094244939901483e-01
4.365688308862894829e+00
6.641136981692456587e+00
8.278768242061397276e-01
2.704476861868224891e+00
1.003696494220751134e+00
6.278755790264697323e-01
1.116930989047716816e+00
1.893315259431196163e+00
4.648547069006423449e+00
1.078203966294735361e+00
1.126576904358650566e+01
8.076926679631718509e-01
2.142674718891710572e+00
1.180308842627401233e+01
2.431203768954022681e+00
2.388742301820309333e+00
5.417974622256319428e+00
9.021811006927831222e-01
5.826936572753884658e-01
3.873730109518558606e+01
1.250330125828878591e+00
7.881025812106556838e-01
1.646864055534823068e+00
3.220450608805697001e+00
4.901732489049651087e-01
4.241247032106392645e+00
3.820866146878779901e+00
1.850443160884897686e+00
6.904732887004906283e-01
6.694422232425036867e-01
7.041449516154438815e-01
1.824976290548846913e+00
6.528026644735934747e-01
3.575190168529933099e-01
4.823434909140909888e+00
5.998470967706981405e-01
7.472962696633892454e-01
5.731332188667012106e-01
1.732395191961999315e+00
5.315338694551560828e+00
1.570614295402952720e+00
7.047043884379932122e-01
4.977910939047219152e+00
7.672407720824414579e-01
4.903976260201339255e-01
2.084829699497234845e+00
3.240039384401912415e+00
7.568429454810333468e+00
1.699121668977498834e+00
1.404506657770897071e+01
4.096856951902953625e+00
1.553876120957525808e+00
9.541932242543861520e+00
2.331365300296475151e+00
1.490992781969208592e+00
9.445471184321452274e-01
2.695974167215895001e+00
1.107982508785593012e+00
1.396993765160470602e+01
2.053376567523756080e+00
6.098735153437799816e-01
1.945549884635981996e+01
2.371612111852440030e+00
3.402685140130313535e+00
5.199443162963325094e+00
4.383330984266796015e+00
5.544320648972340670e+00
1.661787522098194136e+00
1.260781777663659042e+01
1.195624547061855125e+01
5.897691260636128696e+00
9.166615507250429618e-01
1.508272318103543563e+00
1.380379890231611117e+00
2.841407037609461117e+00
1.083445332156211416e+00
5.925900381182768184e-01
1.371851870071542967e+00
8.878796549299689644e+00
1.440083498477048085e+00
1.756259053650441970e+01
4.715988962073046409e+00
2.035008084743135992e+00
4.862951213141636919e-01
1.125672918425245150e+01
1.175779016194319659e+01
7.999541737290317700e-01
2.660889064205749222e+00
1.498626355010136857e+00
5.716819612597952016e-01
2.252533993251751188e+00
3.240582613027151559e+00
2.835931288785065174e+00
2.966060964727758043e-01
1.933638101107686635e+00
1.753059700393920783e+00
1.862515745585113791e+00
6.384590846067864645e-01
4.257744044192187660e-01
2.998056778163957325e+00
8.753172058910907438e-01
2.459033438099720303e+00
2.571069803300141565e+00
3.445934578490940758e+00
6.049461560300102292e-01
4.439057271488491829e-01
5.188744508901486974e+00
2.030102644978314075e+01
5.303108600995614985e+00
6.028950831743761896e+00
2.582568891756043872e+00
2.912227506393531229e+00
1.036716831780246428e+00
1.758771886985847521e+00
5.032351531579501547e+00
3.154606305132116262e+00
2.538359720482548987e+00
4.777162544540172640e+00
2.205660225948432029e-01
1.859838394762307612e+00
5.617969175967110207e-01
9.242937301587700105e+00
4.314829153742666179e+00
1.890718974643611938e+00
1.806867797376090934e+01
1.035323702793013467e+01
5.100973156113492557e+00
3.275742833298405543e+01
3.419368835380997562e-01
7.474230848340140954e-01
4.906946341429740066e+00
3.597908092768059340e+00
5.262997311826306257e-01
2.931719150753058223e-01
6.849059367590649705e-01
1.287592436764548154e+00
5.931353504151869238e+00
9.089797212932602122e-01
4.889937677701396268e+01
1.348927652217004391e+00
4.607057581573547611e-01
1.655273460277432607e+00
2.310417960059785170e+00
2.882033275079169510e+00
6.198521329827069160e-01
3.732040117175521865e-01
5.453036680246641232e+00
2.298823675888272433e+01
3.376881249065842638e+01
6.465219345537600582e-01
1.880972557065735984e+01
7.393251894799975910e-01
3.839624687522371627e-01
9.241934355589574324e+00
3.851283497270263645e+00
7.475179668051225024e-01
1.534789140522694051e-01
1.309103648681879006e+00
8.944805598142599123e+00
2.895938804090787855e+00
9.278555248930091259e-02
2.111395623332799343e-01
4.981206597868347852e-01
3.328707726083894869e+00
2.961171972673688035e+00
4.557625677536070619e+00
5.209104429004098868e+00
3.371737811237716542e+00
6.101617267051595572e-01
1.476338267756912570e+00
8.985511875708530605e-01
2.778403395870244097e+00
9.326590648833497088e-01
7.526899640137953984e-01
2.613062753977613895e+00
2.752304316118629579e+00
1.809292113913286704e+00
4.449256387164714610e+00
7.121902398822779645e+00
7.021150364852284831e+00
5.724663020996773710e+00
1.959865456049422194e+00
1.227062248465644156e+00
1.300368742573283720e+00
7.880976488492760224e-01
1.690533447792696431e-01
1.359480852507311210e+00
1.872317279733447393e+01
1.075628867027604629e+00
4.205236901050388276e+00
1.384032449555318012e+00
5.606783518339154782e+00
4.384041265154835720e+00
6.307904266379186220e-01
9.364221224642446106e-01
1.330454128481744602e+00
2.721945740534403302e-01
8.680469810406199471e-01
1.578650705983309255e+00
6.727934894725655646e+00
1.243709986764925057e+00
2.293182358530910125e+00
4.922778565306765164e-01
2.499414233254816375e-01
1.569054328649468921e+00
9.832451700317099696e-01
4.401372677765365005e-01
1.074850648861088276e+00
4.987762304024666582e-01
1.261306862407729490e+00
3.680337525003902766e-01
2.583616606957550577e+00
4.945437184996319679e-01
5.323495630991212479e+00
2.362897483782767871e+00
1.055510501469233198e+01
1.555767282908050220e+00
1.118840651080703186e+00
2.906376170898463673e+00
1.962835042632858240e+00
2.864022228444139451e+00
4.934364780385659399e-01
2.151518671550641137e+00
7.152873311919133448e-01
3.038235163378513626e+00
9.897100064765004257e-01
5.335494467456156187e+00
2.542543773583759492e+00
2.887378405143837257e-01
2.061559398480090266e+01
8.843862304156573373e-01
8.517694954079358949e-01
6.136736533688128548e-01
1.574242119961373865e+00
5.551409075678023219e-01
4.613159234886831106e-01
2.486871632415919020e+00
1.219316288024294259e+00
1.523747564087761575e+00
3.478162269778230353e+01
6.161763548278196723e+00
1.109817058420096370e+00
1.964858593451376700e+00
1.975783254874218020e+00
1.318014388092829847e+01
3.098962855227463398e-01
4.264089250166894551e+00
4.132146639197863180e+00
4.981325605780926757e+00
6.337194054969532253e+00
7.722846739709577690e+00
5.309782408698671574e+00
8.895429289268748096e-01
1.893432803622381311e+00
1.884481318224936031e+00
2.526073207900790596e+00
4.928218628478364671e-01
2.880528162137020454e-01
9.572697733657701269e-01
2.725331285262778902e+00
5.262643142441605359e-01
4.943366741885897309e-01
2.600955540138238931e-01
3.412078989203611634e+00
3.779038890914109494e+00
4.053736966863909497e-01
1.096953282712477495e+00
2.545982528749565876e+00
3.812958332735125744e-01
1.848799085492837668e-01
1.592516246195753604e+00
8.287665637029954624e+00
8.766471628432561669e-01
6.493418037274034660e+00
9.221043319306362562e+00
3.676870217502104410e+00
2.960997864784547851e+00
9.199069040717264834e-01
7.974916385975170385e+00
4.834340435324209651e+00
1.931101728184698052e+00
4.102867598484166156e-01
6.179565895721528257e+00
4.674652254889034353e+00
2.778516058221574880e+00
1.857484537831701754e+00
6.305558368075812936e+00
4.880974434874154055e-01
2.654787600472475084e+00
3.194921861908008864e+00
1.818125924477450583e+00
1.074223123357224585e+00
1.124436764537710243e+00
5.262289270009094189e+00
2.057322615681679423e+01
2.232291036792258510e+01
1.711365328245993078e+00
2.438508679403182278e+00
4.635130382411588812e+00
2.825240955571728829e+00
5.703304239436526313e-01
1.259627902728428239e+01
2.636394572283205839e+00
4.386443204235659366e-01
7.798351190939792899e-01
6.659244173813894108e-01
6.044531911809987612e+00
5.766422812148231936e-01
7.611648058907705128e+00
3.208164756880712343e+00
8.008350030147447507e-01
7.577673287974722172e-01
2.976062354368430030e-01
3.498012163787238005e-01
2.001591556581944431e+01
2.708021306066494382e+00
9.405589393163376055e-01
1.110614133631693923e+00
1.740032805293142637e+00
2.647981807634328444e+00
3.289898293155113063e+00
2.104496768983636024e+00
2.449853723698756536e+00
5.664801485721253638e-01
4.196431785657492419e+00
5.555365243707980349e-01
3.484204877954784951e+00
1.453694466973508792e+00
1.517170530499133196e+00
6.090247465574583074e-01
9.688267534927051949e-01
2.500115351585358692e+00
2.878792412970874182e+00
1.231816711877547821e+00
7.468324566013439636e+00
3.855330157228064714e+00
1.595378219461697000e+00
8.505436812454163498e-01
1.085066323862330817e+00
1.291820255093023784e+00
9.601648354406003838e-01
1.634048639873855180e+01
6.458475325925603805e+00
3.307126847937710279e-01
3.516270227404155735e-01
7.181330675715720702e+00
1.401239546657467638e+00
5.225558122333250344e-01
1.942525668687050677e+00
1.560635256600316323e+00
2.053548392631423081e+00
4.278368171674589715e-01
2.593457207367517725e+00
4.106598271702713299e-01
3.164828407796247967e-01
1.195630130293146909e+00
6.923927488421784127e-02
5.574602917979388117e+00
5.459508617364102534e+00
9.190339879521525202e-01
2.462976425814177084e+00
8.569972641418043269e-01
2.074948375400643030e+00
1.932435045702233456e+00
9.352544521728820115e+00
2.161396599704808352e+00
9.818488549300468549e+00
3.112832648176690586e+00
1.265103035889968641e+00
1.515131495043284815e+00
7.499489058797905727e-01
3.963343619562217590e+00
1.249108236063227650e+01
2.490377235176063131e+00
1.659444128942811014e+00
1.266047109493872780e+00
6.400978431298758764e+00
5.051644888383469700e-01
5.458223314769901080e-01
2.924365927211020288e+00
3.995020325043403542e+00
1.934823212187321229e+00
2.141384150603923009e-01
8.406815948465223842e-01
1.714091737386966852e+00
2.527070662089663244e+00
3.892963328378715282e+00
1.598462461102062138e+00
5.904661377412024237e+00
1.357502061882313038e+00
1.407914060592876826e+00
1.710648503818774913e+01
8.289802675586555480e+00
1.188621675294311331e+01
3.676430963028291199e+00
1.439809483195111373e+00
4.433196254068792364e+00
7.387290439764649941e-01
5.040941860699572619e-01
1.405813397771672024e+00
5.350841106633434663e+01
5.101975405270000152e+00
1.196700419899063839e+00
5.749419919643407040e-01
5.237119894433226452e-01
8.254925507812329499e+01
2.322973336948707868e+01
4.512484462910616445e-01
6.711315074957576732e-01
9.609053790996810562e+00
3.451631079380131695e+01
9.368237108627899268e-01
4.716312707112597025e+01
1.738068199013495851e+00
7.726134743807311356e-01
3.736530937779973804e+00
3.678464202479070355e+00
6.824871080472528773e-01
1.522183364059667143e+00
7.073402816479861244e-01
2.468617648033261247e+01
7.592179550118741682e-01
2.635529331046875812e-01
4.932525464199908893e-01
3.555692733352194157e+00
2.157568954170523412e+00
5.663273282572133915e+00
1.001327791184327021e+00
9.529358695220766506e-01
1.534932156244916968e+00
9.043340422745241858e-01
8.939358755299556814e-01
3.394837291064324081e+00
1.132277126922882182e+00
1.047517783158159022e+00
9.413844228853237572e-01
1.459086610446075305e+01
2.018291109380361803e+01
3.482951900895138664e+01
5.987403820996423098e-01
9.601077709551212314e-01
7.497793040373399442e-01
1.513737486530204457e+00
2.845361973602970052e-01
1.646150677318207745e+00
1.480277636036938294e+00
2.424095428900494009e-01
1.456816983415547773e+00
4.166624891336994985e+00
5.391802380395916749e+00
1.670244066782258674e+00
3.017350098531262681e+00
1.624585363192510457e+01
1.339988429502818379e+00
1.029729141889076383e+00
1.566918272248741806e+00
2.869128440922070755e+00
1.357267936738794534e+00
5.349462922838542633e-01
1.259210768453821672e+01
1.184123500265782170e+00
1.028790725449073573e+00
1.903379456439780126e+00
5.017487853024980460e+00
8.552623399453481712e-01
1.814969472443731036e+01
8.567393117528626645e-01
9.605939450973843829e-01
1.212705636994117819e+00
1.617451007817649833e+00
8.951326119196726383e-01
1.160516760881213250e+00
4.395823210067418074e+01
1.084448264341261625e+00
1.399986379353527655e+00
3.724542671381378511e+00
7.353796562413913440e-01
2.085161340369464433e+00
5.297643630553106497e+00
2.170147617203703305e+00
1.673060648569554942e+00
2.455225897197293783e+00
1.314355834956426605e+00
1.083579210579468155e+00
1.641568849933006335e+00
3.633770593736366461e+00
1.061212414461471631e+00
7.094999838276992987e-01
7.321091607384517808e-01
2.023937035758931469e-01
2.490547980039845566e-01
4.454933005493987963e+00
1.053401677493575939e+00
2.537127511987924411e+00
3.977318236934527906e+00
3.593965501658267780e-01
1.604105669014974467e+01
1.034499264145264830e+00
2.357071602870242366e-01
1.269850796884122834e+00
3.510829083509361404e-01
1.450608116494337851e+00
5.169477411997612792e-01
7.295559483697806602e-01
1.526657774501867015e+00
5.980295504160001441e-01
1.776400964366600554e+00
1.800000000000000000e+02
3.479693329986409900e+00
2.558203557751609569e+00
4.194912483228521172e-01
7.073830179333938650e-01
3.730510334986186116e+00
1.049966031438135827e+00
6.075928321053922332e+00
7.179482701063869543e-01
2.964275729867985043e-01
1.208976070064227359e+00
8.796406121796569444e-01
1.930627744467024121e+00
8.639396451529556487e+00
3.889933101521973136e+00
9.731301025338050525e-01
9.379471908608404407e-01
5.517150654447739999e-01
5.193498951522531826e+00
2.083052585607529927e+00
5.705349492839594916e+00
5.950290736100519728e-01
2.566994788159969509e+00
3.779789524694178837e+00
2.421349006521190672e-01
1.150952631949072646e+01
1.318407192768110470e+00
2.486984495023996100e+00
1.311375659679699268e+00
1.882925913202587731e+00
2.483160869175587493e+01
1.374669587378069213e+00
1.051069229532804572e+00
5.270429331131166073e+00
1.956149499057529439e+00
6.159990690710807115e+01
