3.656068452290537785e+00
2.616324968524900818e+00
2.819757990956202054e+00
3.788381432251274106e+00
1.050649967458623602e+00
3.733811499195257344e+00
1.098102978022440945e+00
8.304041935314162570e-01
1.965883365671323046e+00
1.718889485219731617e+00
5.821517206615399509e+00
1.732565040768778708e+00
9.945265790885996493e-01
1.144608375521469767e+00
4.913932781974274633e+00
3.350804300259963009e-01
5.313384272512711171e+00
7.840055827360332685e+00
2.060010300938452943e-01
3.505751163212131871e-01
1.006893727297288210e+00
1.038472248702870582e+00
2.675601235795848631e-01
2.903890645246820501e+00
1.561610819424234853e+00
1.275335655635834398e+00
6.864395001298072785e+00
4.756978153847982504e+00
4.167114337125569890e+00
2.486352650219264770e+00
3.401335871537083388e+00
4.385180305011477486e+00
5.950909713227304998e+00
2.890208533283684034e+01
2.665094965884073464e+00
5.756222268581236978e-01
3.776568856307208932e+01
2.933318393955152370e+00
1.181453667254570838e+01
2.308091210940922178e+00
1.613804932938264214e+00
3.166854792003392038e+00
4.490832972567612380e+00
4.093703589008938160e+00
4.071997584188559394e+00
3.099939848703070489e+00
4.977136556581768012e+00
2.037487627978502580e+00
2.159553553982641461e+01
1.115955182329744666e+00
1.596723222979403012e+01
9.995025921023268367e+00
1.961255099802957247e+01
3.356681615694906640e+00
2.759379639476946533e+00
1.112887376679675988e+01
9.061768115751936747e+00
2.167464632397013258e+00
1.005731007909174224e+01
3.201649371517692355e+00
4.182361629924626456e+00
1.307608778648011061e+01
2.790648989168610150e+00
3.992508056809822570e+00
3.597440304823208646e+00
1.387167612826269991e+00
3.793415720674500591e+01
3.807320089035787891e+00
7.855871040021026319e-01
1.005981378119769731e+00
1.480962165160665478e+00
1.595109299971526395e+00
4.635526500889152857e+00
2.247567885638970697e+00
2.814672849099787988e-01
2.111702643215630282e+00
2.003036405634663453e+00
1.287202120500382962e+00
3.795194434095543912e+00
2.215541350501725404e+00
4.402650648553398938e+00
6.938991252463567072e+00
5.554825370340402912e+00
1.141615238016790546e+00
4.068500944882059045e+00
2.245372989479222525e+01
5.909565269396898302e+00
4.829757828609654524e+00
1.835210314853340074e+00
2.964858373765554500e+00
1.791809657642991382e+00
3.027711671897789891e+00
1.318659680614798324e+00
1.113968442240664602e+00
5.350747719302503924e+00
2.273325483606908115e+00
1.951958807604120549e+00
1.494400102889027915e+00
1.410104443380383321e+00
8.727177361954399082e-01
6.443490968006266861e+00
2.041835535103703858e+00
7.335357135988621380e+00
2.576861652535375136e+00
2.850839507334054002e+00
1.715283287227498121e+00
3.900573944407573102e+00
1.336210777797868232e+00
2.129383008514916042e+01
4.410554381147924197e+00
7.302333013911329829e+00
4.462067922910584628e+00
1.274314657052568966e+00
4.409552835574245933e+00
2.105988202636086104e+00
5.285689763886087356e+00
8.132012514055677599e+00
1.730552670714766261e+00
3.116871745568146945e+00
3.037900434023807161e+00
1.780281582462210022e+00
3.936441108251345078e+00
1.016055829047643799e+00
3.091774298575646007e+00
6.732926573114121904e-01
2.181886548663596326e+00
2.809072924727770149e-01
2.574204979603734511e+00
1.228036740312677066e+00
2.935131374002970972e+01
1.825617200936748175e+00
3.223955416948052655e+00
1.406529446734290190e+01
2.815190679558202014e+00
1.546285938743978683e+00
2.462507448641440000e+00
3.707537217337750324e+00
6.611144669616886738e+00
4.507420327603984589e+00
3.113808036326899398e+00
3.492916988843797643e+00
1.729276966271665605e+00
4.796148350480340383e+00
6.445797738186207937e+00
3.020614741402663395e+00
2.348532649875682665e+00
1.300374385322517590e+00
5.621535957265570538e+00
6.398133600267335019e-01
2.285403922335770499e+00
2.002602801284018685e+00
3.570844030025911664e+00
1.706722330653103192e+00
2.867515285245813006e-01
5.905089850954793995e+00
2.854152675690388108e+00
2.568222550755652378e+01
6.450496552073761158e+00
3.447036501945536457e+00
2.327045017611671707e+00
2.252584530724262901e+00
1.269998225508601308e+00
6.608327075635557213e-01
3.143114625295159836e+00
1.524871108390581043e+01
5.614590766752178830e+00
3.609338775658673448e+00
4.501411093071262748e+00
3.761222211497851076e-01
2.820907909483525433e+00
1.003991817594522473e+01
2.012290874987132216e+00
7.304032446507716436e+00
2.363604443920446774e-01
4.574862658113745262e+00
1.229510794762814108e+00
2.790366532859884341e+00
1.986973915085308573e-01
6.037730202953079939e-01
3.983391803202279036e+00
2.388694104063160850e+00
5.138751124901541623e-01
8.166240837370668526e-01
1.274167915934591111e+00
3.869415513748899915e+00
5.490351961650018209e-02
7.429710869943003893e+00
3.617268550101870872e+00
3.381427178457358185e+00
3.739207105074945137e+00
2.806538002181578673e+00
1.681129276991323751e+00
2.195617533192827597e+00
2.801232347576891879e+00
4.381445812586625799e+00
2.260347622491750030e+00
7.198571244921463830e+00
4.566557234961001299e+00
2.287689136268765466e+00
1.424277799167366076e+00
1.464762730090936715e+00
1.169792087326276819e+00
4.037863020036553507e+01
3.767935913626737854e+00
2.848304037470190675e+00
3.623259355880165788e+00
2.376049002863249271e+00
2.821591305146022854e+00
6.111309032037827826e+00
2.609649020335424563e+00
3.148577048464471062e+00
9.224613369212002922e+00
3.563865235228992567e+00
3.940830217498698107e-01
1.841496290515919565e+00
5.863789110266128368e+00
5.144695582041994619e+00
2.371087098529566894e+00
3.657331520174011974e-01
1.578176921705973346e+00
2.282697501908984350e+00
2.546925361611847904e+00
2.809125377903070486e+00
2.943892965883321722e+00
8.404871566320839094e+00
1.087336315006088627e+00
9.994834661093726647e-01
2.427751355205189476e+00
2.277435437451449940e-01
3.034440413792405700e+00
5.907106257787447134e+00
2.312724509887449376e+00
1.528299672631419170e+01
1.358228239144672722e+00
4.612643928175676145e+00
2.153040520979370154e+00
2.026595065669879236e+00
1.942524857831445129e+00
3.289839820757742395e+00
2.826118739994769147e+00
5.212046101976101298e+00
5.230547155352880395e+00
4.240941783252701214e+00
2.113218972157182574e+00
7.444309778701434510e-01
1.130924644891054154e+00
1.585913190078871216e+00
2.891222593288638176e+00
1.442687119446146138e+00
9.607236596630012171e-01
8.459069181003389559e+00
6.098902136941244390e-01
1.700875242091628214e+00
8.282801066759402531e+00
9.329029689906246370e-01
1.815175372769897377e+00
1.517299988639459407e+01
4.360046202163204931e+00
1.176271418711972050e+00
2.682939739623152242e+00
1.934797736832362114e+00
3.513346963043002980e+00
6.317372110511491456e+01
2.022827578182851305e+00
5.656988675265337108e+00
3.531086690123876437e+00
2.022018703570813258e+00
1.972630035419240979e+00
2.766317142015145780e+00
7.088378082975665961e-01
6.128103076860793585e+00
3.389532735027453469e+01
1.463742243253344899e+00
4.020992617784823864e+00
1.960995622468464150e+00
2.879164916989152889e+00
1.113196465839713589e+01
1.653371717969498533e+01
1.445222848081820777e+00
3.819045966262755343e+01
4.056943331826316501e-01
2.946640511258779238e+00
2.053109932558369710e+00
9.179792696336731561e-01
1.539710846967562397e+01
6.061996955913757645e-01
3.069204072727743871e+00
2.930206916957113772e-01
1.204521523841444086e+01
1.616350106164721856e+00
4.379306076460361408e-01
1.755567041110371651e+00
6.038564502084565744e-01
3.430207532172171447e+00
1.431440170408352142e+00
3.747094562813658936e+00
2.076738065784128617e-01
6.050074188296743039e+00
2.462048757388861198e+00
2.923660475761178823e+00
1.214219177972634789e+01
1.084858475422628921e+00
2.753409121733842113e+00
9.657741238046382293e+00
2.812031687127977797e+00
2.253434292936675298e+00
3.614746697115310159e+00
2.907150765292395800e+00
7.440368467082518755e+00
9.242954465473601999e+00
1.123175453833557880e+00
3.056475969409276683e+00
1.283408256093361288e+00
3.795812009574894397e+00
1.207145048740246862e+00
3.262720919731592950e+00
3.009443038355715139e+00
4.758937817924840941e-01
2.046102353993035194e+01
4.730838689409261555e+00
1.859819526879342988e-01
6.256845863760780446e-01
4.796624208888101037e+00
1.795693987401153491e+00
2.932386892340609563e+00
4.121904112015799981e+00
9.026008351781998895e-01
6.259401916092544482e+00
5.840719791189646903e-01
3.158265557676862567e+00
4.370951181942008823e+00
3.606640303646343249e+00
1.667856817764863830e+00
2.917241884829974374e+00
9.192236557913135542e+00
1.166075170252580451e+00
1.920796513620319557e+00
5.544045324326892121e+00
3.836968343802036774e+00
2.021746759213443045e+00
6.139577606325168802e+00
1.249424617082782296e+00
5.836205507073328747e+00
5.444904602347840905e-01
9.385838049375113679e-01
4.738354171479525867e+00
3.129293854731795221e+00
1.365385767624443414e+00
7.345307251040888552e+00
6.332611149366089265e+00
7.346908934438105554e+00
3.053438097412941143e+00
1.664191968273230238e+00
2.502943368940644397e+00
7.349729126720515593e-01
1.021031508914607810e+00
1.888023775823061134e+00
1.873342807386375819e+00
1.625178661994363782e+00
1.442627646289962318e+00
1.509047827179589296e+00
6.949296696405761864e+00
2.807358168612258620e+00
3.471451390398852421e+00
1.628586994422004164e+00
2.659400679492019304e+00
3.382661410448697836e+00
4.611282572474629582e+00
2.493034250287037512e+00
6.795852590561077822e-01
7.353169529827615625e-01
2.319857233328180168e+00
7.289637748080266988e+00
3.884847246864537307e-01
1.187185156383141260e+00
1.370298425606174986e+00
2.811376375618775736e+00
4.238580184973917753e+00
1.987190823903357551e+00
7.664611336456936819e+00
2.425919013669328272e+00
6.387673149604291112e+00
8.781126018733964145e+00
6.077880734294020648e+00
4.190070233002015421e+00
1.572270741398158478e+00
1.298314631386964235e+00
1.583286303875868661e+00
1.674092208481788857e+00
2.282770596844858613e+00
1.390305830567363676e+00
2.092575346779472323e+00
1.188083777470771318e+00
3.002183149698993248e+00
7.537897751017499814e+00
3.724700449956938542e+01
2.992847295746216663e+00
3.611826236823053593e-01
4.557146910356792979e-01
6.830418529291238938e-01
7.061599685184812847e-01
1.036371842283327016e+00
4.635961708191287833e+00
9.239933233911566290e+00
2.776673446095284437e+00
2.285246328539350280e+00
2.862888586316330919e+00
8.477884514551968564e+00
1.351098137006079947e+00
2.636495572731993864e+00
1.955255596615304015e+01
3.377792875153204033e+00
4.459870635123012406e+00
4.480961292355667425e+00
3.052349127033953113e+00
5.368335093692222060e+00
1.065154544019426996e+00
8.265200993553857955e+00
6.497589052240261509e+00
3.313226117118348135e+00
2.218362627082188787e+00
7.730518392650147508e-01
8.307957583545835689e+00
2.921306685924685453e+00
4.414269696557963307e+00
2.986937328828298543e+00
3.816328367166882396e-01
1.442820530568208692e+00
4.407980359949133842e+00
8.470510983891145429e+00
3.326132030367653147e+00
7.054776379802449870e-01
3.189141333111675802e+00
1.647306360079197729e+00
1.125165484484040634e+00
1.637487989778228403e+00
3.952031089044913958e+00
5.340839327301334372e+00
3.711199279227916481e+00
3.088574917223599670e+00
1.038737054554759620e+00
2.894897696476729454e+00
2.127150620634419731e+00
3.063304076138559928e+00
8.576746645826974103e+00
6.196980960645203140e+01
8.680121169086820743e+00
4.869973051941475006e+00
1.860177638888679752e+01
6.634971304432066841e-01
3.094631629001983963e+00
6.125429319233376191e+00
1.144636301236211962e+00
2.966133364215215451e+00
4.819854261995848788e+01
4.055347296528672985e+00
1.456400999118082851e+00
4.563219111386039195e+00
1.713254099719845103e+00
1.797309416842192809e+00
2.062378861961894128e+00
9.676088588672301372e-01
1.789239573729987320e+00
4.060854036837221237e+00
2.753820989849994572e+00
1.469435814364380644e+00
4.095823808082807993e+00
1.470310648378131635e+00
1.089374373738639967e+01
7.046814898719426878e+01
2.373367325961408980e+00
1.708908528955518591e+01
3.690356582268776275e+00
1.053284338934892972e+01
3.276854360466769034e+00
1.449828696374219961e+00
1.366231523936135561e+00
1.874208113402161979e+00
2.264056022059669271e+00
1.628253411963391795e+00
1.058647353804289359e+01
2.710774373567329754e+00
5.508998382045952269e+00
4.180220139136160640e+00
1.940551558008630550e+00
1.000598800170501734e+00
5.389869422050145076e+00
5.161257772785178943e+00
3.729281804778102227e+00
1.363364181115228391e+01
2.363221231530815647e+00
1.164886492177688027e+00
1.417668768730236550e+01
1.215384971696376937e+00
1.840667806146598640e+00
7.713159748346742006e+00
3.571057124302186914e+00
2.463908014180678840e+00
2.816713757831659226e+00
2.030476793197445229e+00
1.379488943058207462e-01
2.782650462731689700e+00
1.997505670256887456e+01
1.619817000959974829e+00
6.976517142997094467e+00
7.312518101536307213e-01
6.045716216695017353e-01
2.669965708468694743e+00
6.366318603541133569e+01
1.430030925448673162e+00
3.820470689832778710e+00
3.657060782922896269e+00
2.017393048138445888e+00
3.526585294305285334e+00
3.019669200397470110e+00
8.198977628700937492e-02
5.022831638588742820e+00
7.983023778478740562e-01
7.439166308605453359e+00
2.614265062227582259e+00
1.619376386779721733e+00
1.118927452555857238e+00
2.794977444483152329e+00
8.190219913505473182e-01
2.405050689856570667e+00
1.709653415428635981e+01
4.017260038663959421e+00
1.075845605385863379e+01
1.661464273213079545e+00
1.915377252761399030e+00
4.449459982805790581e+00
6.778235897485739514e+00
2.170276415025744399e+01
4.619976639081722070e+00
1.593956157340741253e+00
3.325168164986988639e+00
1.122983642168674479e+01
2.861746761037377240e+00
1.416871381180868861e+00
3.040882009208813130e+00
8.655951164158478539e-01
1.524927925276914342e+00
1.811119849211154431e+00
1.006433947568961207e+00
2.466769747143537028e+00
1.126220163481604253e+00
1.698518197386797990e+00
6.675248243536354487e+00
5.021638267284160406e+00
2.474076252605468262e+00
3.983804514681883902e+00
4.312111356233162773e+00
2.533845210231793654e+00
2.427343106011878859e+00
3.209243734882385457e+00
3.981101768846263766e+00
7.389154212701353863e+00
6.351835896374530499e+00
1.662377733128895230e+01
3.055569114109580653e+00
1.959003042798658001e+00
4.348956920362915035e+00
5.346087986424575611e+00
9.183466984549656376e-01
4.350644843836492193e+00
4.570738858798747195e+00
9.168998233673411491e+00
3.336774819469294773e+00
1.069394975992529861e+00
1.626437364459127677e+00
6.145057910694784020e+00
1.223751828787460472e+00
1.361866138870892584e+00
3.644675744446552290e+00
4.478041612996973342e+00
1.575116715511585719e+00
7.090671492599547321e+00
1.464643711517969349e+00
7.803462579614259376e+00
6.126924806378543309e+00
1.268620627108303811e+00
1.693203440532286441e+00
4.965473904977219632e+00
9.110952595914581509e-02
2.671599121870592342e+00
1.578040248650531385e+00
1.468421649276287155e+00
3.227756491759631086e+00
6.783473679626141895e+00
6.713231199804961413e+00
6.882300550055896471e-01
8.593696213318688937e-01
1.710996706476627605e+00
1.047130223860731402e+00
2.788398066103150441e+00
2.309715006412335470e+01
1.072245527231074913e+00
1.921584635323775547e+00
1.508787336079460673e+01
4.510646340194037762e+00
1.173337391549356568e+00
2.409017290301884273e+00
7.129142846416154367e-01
2.243485993669696033e+00
9.795033621923732170e-01
1.928404235294358227e+00
1.984226245797416910e+00
2.562855093522053984e+00
3.496575536306211873e+00
7.862106020785996074e-01
7.297172476467440605e-01
2.879770235564272696e+00
3.423263703256193669e+00
3.806795043474397122e+00
1.950630446835984966e+00
5.058719888615116567e+00
2.389174806823794128e+00
3.112508521022271601e+00
1.872773163330025525e+00
4.339332031307569615e+00
1.374449168090448703e+00
1.842725447716364595e+00
1.073760513451200937e+00
3.211441295689362985e+00
1.853470168854503441e+01
1.790411875969266431e+00
4.617931626209764495e+00
4.895201740546105462e+00
2.117094765623144248e+00
5.913553615432694421e+00
6.439514736536463779e+00
1.093502685420703990e+01
1.904866009504872837e+00
1.293210882967004771e+01
4.874427786829652609e-01
2.764272771993350730e+01
2.668996839856536241e+00
2.542215690689861418e+00
4.093840772801748074e+00
8.118045814696731588e-01
9.858145935277381255e+00
2.190663856615332250e+00
1.626140873568356016e+00
2.562144905538454420e+00
4.876315230641123044e+00
1.230266252909033436e-01
2.973021953661894479e+00
4.179393220220811500e+00
4.525115732845121919e+00
2.796278295078269860e+00
2.047501151388142926e+00
4.707027582406464461e+00
2.332740756105446511e+00
5.050905007487802578e+00
1.056103608203323718e+00
2.472197666458524523e+01
3.859670092005844655e+00
1.006336002464904178e+00
1.423678042482784845e+00
2.955928750581223952e+00
7.652754941330089267e+00
1.627117491324576726e+00
6.589445663074134707e+00
1.641469286725088139e+01
1.684710534016824912e+00
2.566725339399908545e+00
8.581270941535922292e-01
2.594827543625100041e+00
4.611822051315890292e+00
3.628004046252637060e+00
1.514563718997138375e+00
6.093409882736287031e-01
1.877092366160109105e+00
1.768730101008455513e+00
1.470651598312222808e+00
2.707921705230058151e+00
4.106185920076034890e+00
6.913174978045434571e+00
2.014524861234736175e+00
1.755560500645149347e+00
1.650603823694934080e+00
5.517165574127956162e+00
3.470030362909491295e+00
4.682970928969102387e-01
4.542068651867056772e+00
8.085748999256011871e+00
2.640724542326595259e+00
2.140262114662454085e+00
6.634842946047826429e-01
2.989820952213410710e+00
1.481433335400193840e+01
1.306586080408237427e+00
7.030395936869308082e-01
1.497207709731131153e+01
6.733984652485685007e-01
4.717710125211795003e+00
7.666118778483980156e-01
2.311343888126301316e+00
3.700724442338482856e+00
8.918177955356268782e+00
6.287452032983643413e+00
3.011854699303877059e+00
2.803539162058128476e+00
2.209368749869426551e+00
6.791729487894649253e+00
2.768240743950875160e+00
8.104037630879240561e-01
1.589201794363062081e+00
2.856839644633347941e+00
2.874779876993271532e+00
9.796510090072243493e-01
1.773061725637744279e-01
4.072903735611977716e+00
1.457749894542499591e+00
6.010371311775555725e+00
1.327434459319860949e+01
1.155462546193540829e+00
4.063006871940291198e+00
2.335345345340423595e+00
3.086593750399532876e+00
8.084844402082916881e-01
3.245494003395736904e+00
1.250232371013164290e+01
1.360598516523535029e+00
2.996372097921248923e+00
1.291934251054418681e+01
9.477457224180928508e-01
4.079534731921691915e+00
1.186778348582161513e+01
5.152623329962747967e+00
3.006739800781489169e+00
1.824043025380516880e+00
4.552743332274776122e+00
2.479267374807803959e-01
1.243078849960638221e+00
4.678773069758570990e+00
3.195695633095754218e+00
3.611388993959350202e+00
1.779813996084209649e+00
5.433220893134619978e+00
1.014857916811342298e+00
7.112784149567914049e+00
8.208854738419085750e-01
1.913495379024968024e+00
3.060964617658839870e+00
1.827678558436541367e+00
3.652351912696701897e-01
2.425150930011330530e+00
3.128741598685092828e+00
1.054876776869383193e+00
7.105316343720988748e+00
1.005495208723437095e+01
1.030427622538277577e+00
2.545552667056596263e+01
6.538439330869630695e+00
2.533954730757140617e+00
1.344148502445347226e+00
1.878178551638313987e-01
7.005679578910625205e-01
4.665350608888521933e+00
7.744653039213430290e+00
3.656685233745405328e-01
5.634864160223670204e+00
6.593216396337364671e+00
3.768029954592617514e+01
4.187048492808635558e+00
1.207108420292637652e+00
1.402684770530392422e+00
1.903112289684343761e+00
1.925031650515590664e+00
8.716244110383751797e-01
7.847424991343836531e-01
5.788081017847083842e+01
1.259769347775185677e+00
2.100326963592109131e+00
2.790060420178330336e+00
3.784082569977052835e+00
4.623623761390013520e+00
3.606258071624183437e+00
6.347167038093111113e-01
7.754496110569389922e-01
2.016648621676429887e+00
4.402508272888350227e+00
1.509409802241950871e+00
5.591822776219818047e-01
2.282770108414394095e+00
2.672746827565566363e+00
1.211623279121249563e+00
2.990981098691644746e+00
3.499550092845991944e+00
2.781925182523147799e-01
1.465110346889993309e+01
3.575895340761074515e+00
3.019744752441430702e+00
2.359979409045054766e+00
2.243080648397226984e+00
4.423794859666774215e+00
7.927226100633100714e+01
2.874562464472408596e+00
1.980540062988104921e+01
1.637186431082929827e+00
6.672543368495642113e+00
1.712780782576307059e+00
5.479357179856707560e+00
4.846193742516367031e+00
5.149280769186339590e+00
3.828244450891205464e+00
4.158429216498755210e+01
2.718872664157979102e+01
2.783108192118292745e+00
1.629270916394343738e+00
2.815390767030096608e+00
8.354854728192191438e-01
2.448559317250650069e-01
3.544771296169652253e+00
4.168449564455698031e+00
8.857925607387727496e+01
7.425247534284858952e-01
2.794484646159739683e+00
3.069363122932685428e+00
3.464451149207645742e+00
3.759299299953837159e-01
6.099947096543802516e+00
6.400514504080006439e+00
1.599252269359635603e+00
1.773994323164333142e+00
1.686943682258586819e+01
3.344517160209305118e+00
2.178920857209686446e+01
1.010850802993975783e+01
1.161291802222747194e+00
1.654714563671139871e+01
8.180487281157883928e+00
4.867404007429747992e+00
3.411065313433924828e+00
2.125255274668627514e+00
1.125602858200576817e+00
6.002531414019416367e+00
5.594389063937047268e+00
1.247707159970556035e+00
8.927242607865058233e+01
1.569669405431311171e+00
3.559866146770700457e+00
2.823234243411874012e+00
1.987511588739563129e+00
2.199767827310684432e+00
4.799123224884711547e-01
1.286442527920127255e+00
2.026109317402453147e+00
2.037807333117082287e+00
2.143869767255063508e+00
3.799935241496368743e+00
2.758853477479771055e+00
1.614216229975429240e+00
4.226107043879538949e+00
3.050431296608134168e+00
5.093973592945235218e+00
3.048089171733247582e+01
2.642790634833077856e+00
4.978350685646618090e-01
8.316529820800489858e+00
7.816035739240541957e+00
8.305146747198441926e-01
3.922989945140751722e+00
6.922322444491269877e+00
3.690919479407436476e+00
5.590280756916672367e-01
1.457792909395981606e+00
3.094267461477678438e+01
7.911601850851043061e+00
2.188781392017906668e+00
2.572887208162603301e+00
8.646877810704133083e+00
3.630495025225976669e+00
2.688140523753081723e+01
8.044391253802828601e+00
4.002810102584432705e+00
4.901448495582456211e+00
3.920704869386276492e+00
4.787512818741546106e+00
9.304490021623544882e-01
2.795908427979357569e+00
3.548578569263876936e+00
1.139163963993867990e+00
1.902020921134712550e+00
7.888293947655100613e-01
2.498643672312850672e+00
1.222718296057044851e+00
6.371317981713354728e-01
1.167675116543656300e+00
5.594843881712150413e+00
1.104521462130123144e+00
5.750336844348580279e+00
2.765625765888898080e+00
1.841753110597787124e+00
4.140673564842949794e+00
2.924974362866368338e+01
4.149476413054362212e+00
2.012817176081548087e+00
7.996971883440253670e-01
1.413844800295500548e+01
2.879699826682418973e+00
2.303829073272712691e+00
4.508708752202694292e+00
3.203175660631670141e+00
7.919795492539557280e+00
2.924023198165485393e+00
2.183092929037032004e+00
2.500712772682967433e+00
4.553692165556287641e+00
2.175837694624658258e+00
9.859205759582351902e+00
3.750659017051136246e+00
1.493324396449809965e+00
5.810351029936328793e+00
3.727858060509468885e+00
1.461534069330622110e+01
1.550523286231260345e+00
9.935652425033829616e+00
2.162010229242339321e+00
2.859142473174427934e+00
2.961340470151258231e+00
2.941920965433731716e+00
1.563750097666264605e+00
1.763038909778258612e+00
2.236208539997184719e+00
1.997920705519683038e+00
7.738160909179758740e+00
2.999140246857962211e+00
1.527197992959194783e+00
2.521880710586846597e+00
8.592509717348585374e-01
1.056965366867249401e+01
1.928160309413637696e+00
3.225779578583973795e+00
4.430147149324580091e+00
5.465684750749271181e-01
5.877780035642384826e-01
3.982451178191972474e-01
2.086491956769140454e+00
1.911348611661460417e+00
8.271450571393340567e+01
5.966427261910893343e+00
9.254879794780151769e+00
5.179537836670660589e+00
7.215805171056926426e+00
2.766893391614499098e+00
1.238088345944011959e+00
1.790414995342832993e+00
1.122075766611290382e+00
1.889814665712714392e+00
2.864478124104420154e+00
2.701483600536568552e+00
2.289538316783900740e+00
4.363501243828629583e+00
4.801919601491918321e+00
5.625577030472800111e+00
2.236849963385767470e+00
1.510914144495833611e+00
9.915282501323046116e-01
2.178756086794576774e+00
1.646909366480993731e+00
3.961440991129878131e-01
2.421732901249245007e+00
3.493757498677758644e+00
1.584243185475883164e+00
2.400492901389405187e+00
2.400970819432146630e+00
1.398085372475869281e+00
3.303527322934102450e+00
1.872377822736509545e+00
1.105141243833742237e+00
2.844752244453803591e+00
2.243856793734624766e+00
2.675547067977914306e+00
3.890980303075622704e+00
1.118817844807386441e+00
4.856479613385745742e-01
1.082476191240531627e+01
5.578469813755428497e+00
2.590715350305486719e+00
4.684012634035632949e+00
2.888037604042990036e+00
1.657508967853177806e+00
1.293889733219885985e+00
1.502753326305000581e+00
9.967268850259449309e+00
2.069819155209988271e+00
2.340736449480455672e+00
3.409205917292463806e+00
3.465891309031793099e+01
1.591151477812351889e+00
1.342145003024361571e+00
8.199078582628502865e-01
1.784429523442050636e+00
1.968093763195675416e+00
3.808689556767448359e+00
4.337612677727152644e+00
5.325544390112142423e+00
2.966731012104325327e+00
1.172884746000720568e+00
5.296532587629277700e+00
4.603494739476263198e-01
1.678846161406700510e+00
9.231661261509379601e-01
1.143248498434692673e+00
2.232328098465014232e+00
1.017354683699298157e+00
1.895372953820484652e+00
1.427332407885414689e+01
3.169427793301978213e-01
1.464576566440421335e+00
1.869053327873375636e+00
1.693476091804796635e+00
1.978764436363385837e+00
4.489798424295475598e+00
6.067489782317699865e-01
6.313085391663257440e+00
2.589927845735902068e+00
2.036586332157876988e+00
7.125281299028165982e+00
4.168514358166704348e+00
1.751804329725453968e+00
3.695453825307293716e+00
8.006717067255368647e+01
1.004943817299487785e+00
5.416771687435882221e+00
5.525159749861993319e+00
2.287066175020870507e+00
2.254468917090841185e+00
1.345350654217244424e+00
4.130416636366150307e+00
6.198187016919462167e+00
2.642989787796653278e+00
3.547433341069555546e+00
3.242237197348226019e+00
2.000786561217781756e+00
6.365350179245760076e-01
2.101777191626758690e+00
1.665808254096032215e+01
1.225999919183889064e+00
9.788403584958074166e-01
6.749879490489023581e+00
5.891776818039853758e+00
2.606927134167203874e+01
5.482551798348682226e+00
1.454964701772873958e+00
8.366451999478172752e+00
2.170008193996304513e-01
2.454817757129957201e+00
5.676397086837684292e+00
5.579081633726795886e+00
1.784312447107355037e+00
6.991677033199367175e-01
3.653579696091053819e+00
4.575053155063321664e-01
9.174539644852909293e-01
1.288348249189464845e+01
1.124622868611686810e+00
6.266837953726278609e-01
1.117844715065384076e+00
1.748155321626273073e+00
8.107783349217110302e-01
3.191668716476748102e+00
6.766530761146685791e+01
5.752394834829908099e-01
2.506272630781610555e+00
5.708724912900690640e+01
2.849171938961351014e+00
2.624507356556396331e+01
5.512479300857740405e+00
3.551076843461551835e+00
2.114124589752597760e+00
3.276863297989642376e+00
2.360912330147956872e+00
4.672609385013268835e-01
7.224595669495553985e+00
4.573911091445540755e+00
7.589737491084905585e+00
6.187991147017156024e+00
9.941893867430562359e-02
1.980958421897887689e+01
2.529243546039423762e+01
2.258231828106003203e+00
4.209559474642347254e+00
1.813658269975737758e+00
9.939471234863789917e+00
8.699440604053105375e+00
3.431557310143499073e+00
4.398692932006881051e+00
6.287400413307453917e+00
1.792823902498941857e+00
4.014048096189917203e+00
1.417101447764923883e+01
5.240076234180119918e-01
8.934440163538310831e-01
4.937519946218871780e+01
4.578366341023157204e+00
1.245678389036444900e+00
1.471140132113000432e+00
4.341314352217560568e+00
2.880167038105465149e+00
3.492095315471407613e+00
2.104287299244284526e+01
6.604620467229918024e-01
2.974400211326909460e+00
7.524612802765934916e+00
6.390606013713353128e+00
2.133243521073154625e+00
1.319634688223082497e+00
9.723795767544100244e+00
1.532708632531484927e+00
7.058510746350305176e+00
3.839344221685648595e+00
9.836273747890528218e-01
1.423477638840086268e+00
5.236612441664465933e+00
5.032997708725106989e+00
8.734672038838688923e-01
2.125402650667011173e+01
1.588093600530810079e+01
1.202666000118856493e+00
1.661646603129997013e+00
5.899154324187729781e-01
4.019243363585470519e+00
2.531077361079444366e+00
2.435568887674147476e+00
3.135977581770328371e+00
7.590111605828865038e+01
6.616649032324612989e+00
1.492898954440978088e+00
2.228010288206894174e+00
1.434129697615233789e+00
1.264688545834113942e+00
1.628324949696973389e+00
4.318249910287547344e+00
2.118465517431718403e+00
5.941512531739940428e+00
4.442092175917799324e+01
8.091257812948759920e+01
9.284449889369135178e-01
5.725117975875050114e+00
1.118693497238643086e+00
2.181869255333073188e+00
8.755888610874628109e-01
3.908143024637904084e+00
1.720857606357803160e+00
2.305642174143817780e+00
4.618666182165827472e+00
5.723434044325655945e-01
5.423008252771210458e+00
1.984597872703207955e+01
1.205607302598991915e+01
2.352559456558701356e+00
3.318316522595529783e+00
6.642421850437819408e+00
3.380246002125657956e+00
4.967286814693175678e+00
4.781708315398381259e+00
2.266938879639563531e+00
7.291007267302080930e-01
1.591089042537724119e+01
6.567411259610932639e+00
5.313235550132016094e-01
7.719992094103917069e+00
1.914863180833281886e+00
7.149811268441618184e-01
6.753473956672334522e-01
3.805874036244182079e+00
1.963937042504105168e+00
2.785908189252899625e+00
7.585524062047886318e+00
6.686676585282935736e-01
1.021029984729786788e+00
1.069467531865743393e+00
3.769681435173962480e+00
1.263587138574538393e+01
6.058631191471763877e+00
8.664079983388760509e-01
4.909878998169054931e+00
9.834274386298552884e+00
2.275425371502930449e+00
8.904732808717641035e+01
6.502864464149220591e-01
5.861191524504095751e-01
1.716321581833277321e+01
2.566071630353478294e+00
1.235289475402031600e+00
1.711316138048267543e+00
7.340649587596771442e-01
1.971864720188819975e+00
1.311421248347038215e+00
8.292962497684577272e+00
7.825172928404599659e+00
4.084421952652465215e+00
8.207695889142662793e+00
4.742444830850097048e+00
4.728578675482096316e-01
1.211356556549850527e+00
5.406374707667802149e+00
6.523726203827934000e+00
1.822535808131532420e+01
1.980431024915403171e+01
1.162537423593344776e+00
3.907023610837397354e-01
3.454577166823826762e+00
3.109514815388936815e-01
6.209014227423303112e+00
1.090588436908613401e+00
7.614999415850444153e-01
6.548439792832977169e+00
6.356440994088288221e+00
2.936048233717052369e+00
2.881192816146735058e+00
5.952003497131173937e+00
5.655136952251609728e+00
2.407073003467118610e+00
8.665341423931732123e+00
5.234585840796428968e+00
6.368712514664111524e+01
8.624297553434274732e-01
2.167219918782838040e+00
1.569107249808390847e+01
2.894758395945445706e+00
2.238213398197171689e+00
2.460446844111938702e+00
1.709901377562710545e+00
1.798001745141920349e+00
4.729497030520392720e+00
5.876974577770896602e+00
1.155445481426408172e+01
1.019569767859784148e+00
7.220817412737548402e+00
3.648557654727870414e+01
2.492657011512076970e+00
5.938979676036914013e-01
1.250950904674696273e+00
2.390688344053914705e+01
6.524962055790481941e-01
9.387737114257331816e-01
1.051061839444848545e+00
1.667292611877390529e+00
2.772006772441122369e+00
1.381511369711245329e+00
3.302651672341220035e+00
7.806514977270480049e-01
7.233795209149364247e+00
1.322163715658067673e+00
2.729405449924874993e+00
2.400291371301631893e-01
3.132776075226072487e-01
4.386163189163156950e+00
5.086955260292997494e+00
1.889893364999950753e+00
3.614870321126399388e-01
1.331768207596685016e+00
1.459270425074285393e+00
1.253303997486294064e+00
5.497982926431117967e+00
2.032950694180213702e+01
1.370460937895184861e+00
1.107186055135812586e+00
3.190589374820044455e+00
3.484736577935498403e+00
3.522744069383918930e+00
1.281343061549926388e+00
8.361025259769875317e-01
1.604928685904984498e+00
2.728191488729783565e+00
7.381758529457759233e-01
2.971985959502370989e+00
4.370884363588578125e+00
4.516456782261809799e+00
7.118327160843739287e-01
8.942515827724829558e-01
6.130447032673806085e+00
6.938642846543636722e-01
4.078411650435188607e-01
7.516311730092075649e-01
5.740125400234466824e+00
8.047868789841695403e+00
1.678872003304591853e+00
1.832031426995447854e+00
3.116757415018017063e+00
3.314196246548694713e+00
1.252987332989158320e+00
3.293198007783709613e+01
1.715069154465811652e+00
5.619075525025257534e+00
1.735363655832181884e+00
2.432597126925133413e+00
2.008669468560919213e+00
8.537174419714352425e+00
2.689770657200611481e+00
2.117212510827451766e+00
9.663524727102396072e-01
1.730564685902501898e+00
4.242440223813679800e+00
9.536550022948466765e-01
1.224776916447865238e+00
1.203126832632739340e-01
9.408297136241035030e-01
4.443436598432801699e-01
1.031259778298604823e+00
5.062239950145255296e-01
2.764952408140606277e+00
4.230060399215378020e+00
1.804403109876063782e+00
1.338115345780062304e+00
2.044980748356582723e+00
7.934561222031695227e-01
1.725357425970345915e+00
2.617140697795086624e+00
5.023357596534926728e+01
1.182545480606368660e+00
5.043790414223675356e+00
2.377201543394934191e+01
2.570597101756517233e+00
7.075870298906312694e-01
9.891058469078547688e+00
5.156209831130098564e+00
2.019561466701188301e+00
8.804701699727900399e-01
1.823417474600667054e+00
1.967633323688765978e+00
7.740513193591879171e-01
2.907331131444840455e+00
7.587280465499096849e+00
2.640385359471530524e+00
3.123243156726771996e+00
3.949313022230279469e+00
3.135582355754892081e+00
7.309195000422583632e+00
5.558207331704365828e+01
9.371036690515259338e+00
1.681717624439368119e+00
8.783116341055311471e-01
4.135625939517843186e+00
2.298710995476192398e+00
3.863019530650296574e+00
1.843931128203484038e+00
9.548289496762556450e-01
1.839273821379556395e+01
1.367137607216931894e+00
2.344247173771277115e+00
3.480975708565572813e+00
1.316244728719131896e+00
1.049838763680257792e+01
1.003505859120591426e+00
1.009938590520963864e+01
3.707383342821109373e+00
1.818534318912163217e+00
1.227848473008236629e+00
1.325031000667189041e+00
5.989345173630759023e-01
9.395757056046243338e-01
3.163479807465703431e+01
3.553069877362501128e+00
1.564297248846039823e+00
5.872677423951310205e-01
1.100861731765538565e+01
1.351528765865086967e+01
5.077039603822083080e+01
7.185761320863635504e+00
9.709815111281357991e-01
1.592292887234962651e+00
1.499112237307259621e+00
1.803353324448113471e+00
2.510650853883028688e+01
6.203696847454269747e-01
1.054699202830621907e+01
3.324269909923959432e+00
8.424888459181483213e-01
7.362633570690421791e+00
3.475175116494833460e+00
2.463023381353953933e+00
2.397443633912084948e+01
5.893645712652113566e-01
5.888059208624039087e+00
1.416938842710103508e+00
7.593954845017179878e+00
1.547984257091400195e+01
2.017951808090444388e+00
1.736544627155606646e+00
1.727382255915306919e+00
3.868758667478169322e+00
2.527227629226318495e+00
1.155210249029689606e+00
8.766438060391621434e-01
1.031047028323098136e+00
6.025192267254878331e+00
4.060469590179957677e+00
1.613811654369403437e+00
1.296878871550647183e+00
1.747831549258000550e+00
2.855075868962392072e+00
3.185853002904921460e+00
1.494169085379027928e+00
9.229478555198200596e-01
1.749540599947163599e+01
1.269479271597204084e+00
7.312724716308425243e+00
2.067340762790912390e+00
2.407416988455575790e+01
7.391746798043404176e+00
1.518431288309284866e-01
4.422608043556762070e+00
2.921466260053595665e+00
6.597343819782071250e+01
8.338211461343485453e+00
1.271275361019765793e+00
3.876053548541371629e+00
4.122585762826486899e+01
4.397625283147555564e+01
5.160873718436341129e+00
1.445964702400789559e+00
3.472232463736762309e+00
6.138834558330082958e-01
1.481314648782765975e+00
1.487893596492826909e+01
1.668285490107857871e+00
3.240699705086279359e+00
1.805451623453317822e+01
5.464944505817739717e+00
6.154060143145989592e+00
6.325429686602612733e+00
9.027967881940771600e-01
2.737751398860412966e+00
2.580130099499032603e+00
1.193058166877062121e+00
2.050075243773105349e+00
4.353150258129174688e+01
5.035918310287380351e+00
3.634762336574421049e+00
1.157598884628096014e+00
2.076252799981861408e+00
1.302838616332997024e+00
1.521733072531109121e+00
1.250336453902163569e+01
1.912161433910965158e+00
1.468143555962206470e+00
2.765858820540870511e+00
2.655493603154416959e+00
2.723024809523196588e+00
4.153838548352980276e+00
9.038556945411125865e-01
4.374105453983513137e+00
2.343793049637177273e+00
3.446577216182225456e+00
2.969800272788511997e+00
3.084661256458332002e-01
2.233545654376273060e+00
1.486061215023427862e-01
2.248793069044915161e+00
1.585011457158592929e+00
1.322454032443694250e-01
3.581759894414046386e+01
3.747908736211045699e+00
1.695909314005336066e+00
1.730006001661200221e+00
2.829716897240904250e-01
1.180219457772118785e+00
4.004282709868867585e+00
5.552598694519062406e+00
2.579360819187233922e+00
2.853624092111570754e+00
9.645014270235122922e+00
6.224516554717545347e+01
3.446128600007572818e+00
2.108003409776585624e+00
1.958391627443653249e+00
2.520438896208538893e+00
3.910624768527144468e+00
5.251845393289980457e+00
4.202225135933895572e+00
7.653764112142621201e+00
5.841985418366191851e+01
1.506622189410667279e+00
2.975633241599496603e+00
3.354623911615798093e+00
2.127938380779658356e+00
1.672716869355330038e+00
1.892874518727787114e+00
3.946182269960191746e+01
3.526972733197768495e+00
2.985298426789415149e+00
1.138313863845327489e+01
1.300334407948790183e+00
9.073105129404833491e+00
1.304620718997154594e+00
1.328776879827726409e+00
1.336008715023885074e+00
1.301439665069580309e+00
1.100942267322308332e+01
4.548006203300748673e+00
4.992517946459481770e+00
1.971737522771969786e+00
3.691536733234664691e+00
9.090447250828488368e-01
9.694537569321743931e-01
1.322772229428744950e+00
1.488692752122802609e+00
1.691326206092942819e+00
3.431998827344342029e+00
6.262913995665606848e+01
1.246640313379213660e+00
5.743075112539997029e-01
1.172030373141140336e+00
2.240306298732864576e+00
5.184270407384740098e-01
1.046604612468813755e+00
1.191754887488867265e+00
1.959011694995876018e+00
5.876318842773323725e-01
1.660288134561852758e+00
3.948362006695300153e+01
2.246730545167115789e+00
3.541915290708020247e+00
2.584984323482195645e+00
2.217072779326571208e+01
1.276210595032706507e+00
3.395944957216424598e+01
1.169793243431564100e+00
9.118071901155696546e-01
4.899108272303351441e+00
1.124661950553195178e+00
9.884653386452499912e-01
4.217300102272959705e+00
2.826181588497678199e+00
2.155067136341788370e+00
1.419441537233554040e+00
1.211184708996679937e+01
2.631049556041683335e+00
1.850502321063787203e+00
1.978877392973690252e+00
1.064772395596783161e+00
3.860001087983055079e+00
9.989774498611234677e-01
5.898315318116659212e-01
6.838696883993704567e-01
2.827441629634275699e+00
5.297050423756473947e+00
3.997444882152925705e-01
1.725563563031040637e+00
5.168138202244223933e+00
2.973279813134181992e+00
8.089140838413186874e-01
1.785743432695067412e+01
3.878783764347849772e+00
1.653448223488859625e+01
3.674925563543193441e+00
8.379561885107201791e-01
8.228524879684535609e-01
3.549196911572905844e+00
4.209655939649806222e-01
1.726142777691638264e+00
5.978095120606435664e+00
4.998358979404276425e+00
1.247147137077986301e-01
3.466685672142998165e+00
1.092225642091673166e+00
9.460655739248567953e-01
1.664194975486374739e+00
2.005120218848495561e+00
1.728665453969736632e+01
5.172150081781584641e-01
3.751678774383483184e+00
1.018059555765723490e+00
2.797641296771755659e+00
6.315851954291360215e+01
1.890953679893595085e+00
2.465048838271348686e+00
2.903469037572422806e+00
1.635235843509176945e+01
7.957738158085397862e-01
4.708271923969409301e+00
5.013049712244114886e+00
2.081376930543825221e+00
3.539868274318552110e+00
1.150649223180417069e+00
3.037462065657033361e-01
3.567938682537445394e-01
4.585805670969775427e+00
3.226851370855337020e+00
1.277385321311999888e+00
2.475097993799395990e+00
9.410265780049275053e-01
3.021024795578320710e+00
6.775829818696129658e-01
1.177651149004734599e+01
7.282865606805868364e-01
1.612643335488862295e+00
7.834922660057241917e-01
1.239690981160203709e+00
8.715414709229877266e-01
1.111115322487170598e+00
6.159122102580184555e-01
2.348001090713398575e+00
1.333046707023060273e+00
2.098304747739936804e+00
4.186241642785685890e+00
3.531381986067803069e+00
6.606438910559546684e-01
4.468225180697931620e+00
1.137638309483604449e+00
3.310804699123655492e+00
3.003672713537783867e+00
5.133004652397970879e+00
6.036320379144688442e-01
7.610841424903587171e-01
1.479241396230356109e+00
1.758801012001574460e+00
4.376026787196710011e+00
2.353442454600362499e+00
1.559899059928316900e-01
3.030161051651082960e-01
7.355229487269046906e+00
5.129368264513010089e+00
2.376692491696045018e+00
9.201628430580340856e-01
3.883727630882145565e+00
1.130352367349743403e+01
2.103592104465883850e+00
1.528728732072788477e+00
2.638305370307663100e-01
2.253343082419303922e+00
9.237856118200221900e+00
8.130809178537262705e-01
7.767559215168690301e+00
3.392520123279446853e+00
4.481541765752972695e-01
2.130078255430685630e+00
2.660128466851737095e+00
3.935946963368410767e+00
4.295167666576118037e+00
2.676285735845995273e+00
8.159278120682145197e-01
1.076995708428162501e+00
5.844931017736879397e+01
2.091142774054360487e+01
1.075292571611842440e+00
1.796130379641251551e+00
3.086590648906317735e+00
5.763938392217195172e+00
2.980367207781553507e+00
1.051110602041116238e+01
4.807495889325995364e+00
1.841197091865491853e+00
5.993179738092885289e-01
4.808563859762486459e+00
9.046826608052893626e-01
1.783891824496991019e+00
9.191861096048254964e+00
1.983164792473123716e+00
4.911222603099774986e+00
4.160313882837974653e+00
8.837723841736923047e-01
4.016535068200126624e+00
6.078781285122979439e-01
4.273331802772147192e+00
1.288001682483066013e+00
2.533349633903749787e-01
4.118414334562846557e-01
5.119180048340373546e+00
2.080120121490032226e+00
1.765290421024322320e+00
4.559557417530473167e+00
1.318693372946765918e-01
1.210289531636902449e+00
4.823826741152451025e-01
3.623966349449894153e-01
5.653139071501179558e+00
6.481509150870460090e+00
3.092435669545317567e-01
1.518158793304301701e+00
6.668902188246300655e-02
6.623413070278944659e+00
4.504079033566527279e+00
1.505767793101801644e+00
1.238078245858048598e+00
8.991054236608594152e+00
4.436316375989485250e-01
4.990397741737302439e+00
4.971592264737630273e+00
2.703810641111834112e+00
6.801051036632647318e+00
1.611033820514142789e+00
3.534320600066146678e+00
1.457460687013904188e+00
8.695110155513342542e-01
9.653993253922736884e+00
6.689205901724454284e-01
5.829280488633122870e-01
4.612560779191150040e+00
3.933915934330286746e+00
3.932854132316526918e+00
1.442123614707718993e+01
3.421066967920344837e+01
1.089483279652522230e+00
1.010783836606372166e+00
1.827718174584871846e+00
1.336279078681220511e+01
4.653713648983591078e+00
1.331306910155479084e+00
3.637163372345651791e+00
1.559846655740797949e+00
1.690075655542461641e+00
1.166209589862508667e+00
2.836901020192041933e+00
1.065773638533691425e+01
3.121482076611742595e+00
2.449997166866591858e+00
1.786231275168404187e+00
3.135336504401051272e+00
3.523520838711921010e-01
2.949524241822543136e+00
1.681198807822287256e+00
6.815148376429628563e+00
2.568480417450493825e+00
2.114698315332850242e+00
3.728303948792027533e+00
4.000246663249765744e-01
1.427980299383900364e+00
2.005271006827293423e+00
1.757685468343473500e+00
4.696140686771905770e+00
1.724501973871127358e+00
3.967464259755510980e+00
3.399559184364896236e+00
4.163765797109257427e+00
2.058258346180945608e-01
3.243776746778338715e+00
6.365305676715097505e+00
2.696685827230143939e+00
2.595339232705611288e+00
5.746107508738766967e-01
1.801337656001917420e+00
8.221339655960930415e+00
6.826259844155401879e+00
8.516975019328443253e+00
6.366808446829286261e-01
8.658693268137309929e+01
6.196091056531222163e-01
1.300258880454107091e-01
4.540376466198293492e+00
9.327670292457424850e+00
4.974387135852434305e+00
1.068422268089602056e+01
7.350061577747524666e+00
7.165798549103724602e-01
5.237297149241109118e+00
6.648581233287427228e-01
4.158690099750687708e+00
6.822384514419280732e-01
7.515579254895181194e+00
7.088305113564348225e+00
1.874318966141434784e+00
2.338607334213018696e+00
4.516308121955883159e+00
4.200357331743914457e+00
1.354388757532236198e+00
3.023164517736518953e+00
1.050427282453461064e+00
1.183346830307683506e+00
2.687807442294282367e+00
1.101929567094655837e+00
9.142435342947829113e+00
8.316369754982902984e-01
7.827524967070874418e+00
6.712562935032876377e-01
1.099453724521781695e+00
2.476928128994789979e+00
2.038256851928154312e+00
4.945858866436358525e+00
1.225125018125861054e+00
2.913824052704683698e+00
5.854795675275756395e+01
7.480300228056242506e-01
1.027721109587958637e+01
1.141151255283873178e+00
9.227887681409111531e-01
9.386690485040706244e-01
2.390795831763766977e+00
7.326716773974526475e+00
5.149018064310364906e+01
1.110925452077875963e+00
1.771119744256750561e+00
1.639747040895534469e-01
4.359489271568997459e+00
6.722785742563584854e+00
5.586074095768164050e+00
4.571263422183430514e+00
4.712142188070737037e-01
7.294901416261917459e-01
1.371268923807583251e+00
1.718711926188674743e+00
1.236039875614222572e+00
2.023964930061866507e+00
4.205922004577856477e+00
4.491397025646669761e+00
1.521890809163198188e+00
1.816784251261960303e+00
7.202136148778895963e-01
1.615665706794051459e+01
2.544695218947797155e+00
1.362386664799769598e+01
1.660169790389375843e-01
9.608485515463022208e-01
3.804120540548436225e+01
1.171452365770933923e+00
2.447586784615952915e+00
7.407351519874312284e-01
4.397705689182043187e+00
4.230529585160094919e-01
9.770355026562446810e+00
1.172420949633687481e+00
1.439752413796256958e-01
1.308594539643906707e+00
4.003167898644405476e+00
7.327076836553239048e+01
6.580569621904695410e+00
1.782082119058730152e+00
4.989794926206362113e+00
1.352809580153986069e+01
6.828883737832134315e+00
4.546248101998324187e-01
5.444950229418111798e-01
1.712273144337180808e-01
1.984312501027664988e+00
2.794670894665200134e+00
3.667437006010289213e+00
8.576708725747195672e+00
2.411343302201632621e+00
2.623131028248915531e+00
9.369837711959265292e+00
3.980659588809554172e+00
1.566998358647265377e+01
4.461931532728417693e+00
3.034670726900970728e+00
6.000418064590983258e-01
2.596556731039852295e+00
1.744096796708405561e+00
5.061346030795496276e+00
4.516680407171318024e+01
9.632104444054964132e-01
5.847834267479276038e-01
2.534919519934473442e+01
1.946463927490788492e+01
1.155789870634268413e+00
4.367991910694008495e-01
6.141896907514321491e-01
1.935840870394207158e+00
1.573006989242722531e+00
1.302005588842444217e+00
3.381226493040790704e+00
1.995364758300403718e+00
1.595510170645711057e+01
9.605497323520579833e-01
2.498503026610537248e+00
2.488849273604604839e+00
8.194073183798897819e-01
2.537849838032408822e+00
6.634302193513892831e+00
5.880038372140227843e+00
1.179069440699209270e+00
3.889896236802462326e+00
6.185599356249396052e+00
2.266625470754099592e+00
3.715353821483436736e+00
7.693058330473558470e+00
3.240098008025105725e-01
6.834115374582107272e+00
4.219903330339156433e+00
1.122828189254235998e+00
3.439812907036653433e-01
7.271394177202005871e+00
1.155780437830439045e+00
7.171890156930524896e-01
4.849462167025888171e+00
7.777444045839980724e+00
4.725813443797224345e+00
7.700164762682705222e-01
2.210845374352830905e+00
3.271111199854869866e+00
3.625198251822295159e+00
9.436336256900310637e-01
1.760328520814995690e+00
1.792495126892954760e+00
2.417294142294253589e+01
6.379480253341575091e-01
1.476033212514213266e+00
1.486569865001371449e+00
4.320728801956678633e-01
4.556344937970003173e+00
6.906165520106015698e-01
1.073198689953723495e+01
1.878102347330452115e+00
5.778136154486301912e-01
1.164798289910493834e+00
1.568845918191578370e+00
1.458523504292015893e+01
1.310380642380452487e+00
2.824287773012126745e+00
7.618674146010833148e-01
1.766466576042569514e+00
3.356428040794412926e+00
2.584474153657149831e+00
2.551989071988078894e-01
3.139833077296936725e+00
2.840083359948005204e-01
3.431824373735359046e+01
5.516789126795003995e+00
3.806479348599622003e+00
5.075660808407159941e+00
5.421031061089749414e+00
3.149037115942088239e+00
4.113691813770839367e+00
1.181377829985511774e+00
1.157356882119054076e+00
1.303976648136285998e+00
1.905801796909852186e+01
1.985516819379280307e+01
2.121526672281265569e+00
1.238239509780983072e+00
1.336524526620146425e+00
1.060682708256168283e+00
3.048333609844150693e+00
2.293304661594465887e+00
1.668316068286583020e-01
1.366263821475277318e+01
2.383948258371318407e-01
1.985394495732172260e+01
4.904387619786053421e+00
1.771717483229275558e+01
4.806155977420109693e+00
1.697951266947799631e+00
5.662786344524697313e-01
1.542540421443551857e+00
1.285662874439987835e+00
2.789760214899243973e+00
6.198939740382208186e+00
2.995163114970537777e+00
1.445669863495999019e+00
3.282723414151666463e-01
9.914834891737312361e+00
5.139839930841015869e-01
2.401570208201378787e+00
7.406529532096588930e+00
7.005934362461051501e-01
3.506583402835541929e-01
3.248647869910304298e+00
1.553700582077192083e-01
2.956114245724819067e+00
1.878484990644692099e+00
3.695667453132914559e+00
1.661123848234321798e+00
1.306771372384500252e+00
4.085587253530878371e+00
5.270347293709690684e-01
4.367871949348533511e-01
4.510299779084666483e+01
9.646286463920530352e+00
2.207378286469070972e+00
2.080262922198523157e+00
7.209997067420623740e-01
7.458288189453311512e-01
1.208351478747527796e+00
6.352767561264409224e+00
4.727191856676633108e+00
1.163149562973561579e+01
4.192433806021306886e+00
1.182416534469695746e+00
3.386248225297183279e+00
1.270468021049679486e+00
1.381942125897975604e+00
3.563450546912531713e+00
6.070865607593906255e+00
3.405301099514743246e+00
1.027460651286117743e+00
3.216966741681621222e+00
7.788016026565529160e+00
5.854060516689906990e+01
1.465385681104503623e+00
2.151769148222496320e+00
2.597718866528709203e+00
1.056380356237610840e+01
1.994351449441803092e+00
9.530240130058630355e-01
2.689805273004843400e+00
7.560006855271448334e-01
4.522721108779286681e+00
1.632278537250349881e+00
6.447445080346702717e+00
3.175322461917601924e+00
2.661102192688944434e+00
4.105125626337320810e+00
1.757972246528019156e+01
1.204796600697474407e+00
3.478238242517203371e+00
1.552808318293453027e+01
2.118294763960277827e+00
1.684655793411720559e+00
2.370172461289978383e+00
1.334605560710351968e+00
4.520113908702409478e-01
2.583254800499803938e+00
4.198409365198700982e+01
1.147708543806857495e+00
8.443861953688939215e-01
1.670003780755725975e+00
6.837826697443309065e+00
6.032421808138078489e+00
2.512175666504978366e+00
1.299403252763618344e+00
4.594247174932049482e+00
1.975764606036431559e+01
4.419443396737413599e-01
2.960878434381224000e+00
5.527197371141960858e+00
1.297621502591810527e+00
1.123953518501747739e+00
6.548183695533474236e+00
1.884600196321780441e+00
2.203634245319022078e+00
2.608615453605065415e+00
6.731800058929643393e-01
4.139549500822049533e-01
9.137694591127365484e-01
1.401528988112189733e+00
2.701337357280310414e+01
4.899615422611192650e-01
3.621025466626119016e+00
1.433680981337595917e+00
6.054529271725005435e-01
2.855548447193856920e-01
2.970261944973147550e+00
2.058126225949155619e-01
6.554214957571621314e-01
1.419277715428940156e-01
6.517421166392969312e-01
2.068348941856028578e-01
6.654360333410346273e-01
5.102882891316063763e+00
2.111689365277914732e+00
7.307141785583003424e-01
4.401025155238991182e+00
9.866463024437756246e+00
7.802471255957189600e-01
3.760796250195750368e-01
1.840728956171107100e+01
1.631956467655372833e+00
4.983701492446316883e-01
7.251841993950733922e+00
1.581167271139327424e+00
7.576995525530464404e-01
3.028750548005039622e+00
4.762173575162604422e+00
1.354694887666668679e+00
2.647261396521499943e+00
8.793667876177246878e-01
5.071983743382432408e+00
4.277274162835885463e+00
3.476837997115742152e+00
3.658935156858865945e+00
1.145812748390346858e+00
1.433332662707474503e+00
1.073994928574883545e+00
1.022939251024274965e+00
5.099392049998477949e-01
2.167349472743535177e+00
2.103425850892251425e+00
9.649516462065648170e+00
3.180847747832438621e+00
1.362194440509443716e+00
1.619422127699181368e+00
3.904533785134425283e+00
3.770703507388350584e+00
2.460402075881247264e-01
1.031146158134402802e+00
5.970309963337169457e+00
6.244179673388389196e-01
1.304879921329361814e+00
3.186761014349079435e+00
8.130450158407740435e-01
4.704429613944605570e+00
1.342142636638819830e+00
1.294173097457254062e+00
2.513537706723272702e+00
4.763210007536765822e+00
3.375955331586518060e+00
6.901017139857091642e+00
1.794893389180359788e+00
2.048156948951426415e+00
3.630939217713973655e+00
9.601239791363296305e-01
1.642266974435320215e+00
1.516996344498326765e+00
9.006414577600134752e-01
4.816554529937293161e+00
2.564860057093881207e-01
2.143703355967065516e+00
5.770943830250363504e+00
1.563816063704758896e+00
3.734455275815268482e+00
7.571076335600461782e-01
6.322058818852262618e+00
2.545728412450667388e+00
1.742574805159531559e+00
2.445673197616431427e+00
1.269581096137439191e+00
8.553327024059866890e-01
1.330332050115607956e+00
3.807027499819614302e+00
1.537963145952713973e+01
2.023390947255402583e+00
2.626346298303755322e+00
1.439922049891284361e+00
4.558123349401584923e-01
5.468882044265646947e+00
1.580706089599844155e+00
5.045962703491049695e+00
2.372285882411311331e+00
1.170391530585850104e+00
1.608802917929539333e+01
9.119427835795159698e-01
2.938981970495643914e+00
3.177391428800509843e+00
6.513803818127985590e-01
4.347548987797738462e+00
3.058273047299650216e+00
2.451450852995585628e+00
2.551572923690097916e+00
1.302009805895051997e+00
1.804861298393174440e-01
4.313376991697763785e+00
2.276147793907805361e-01
3.591684575043812000e+00
1.774955435330139997e-01
6.532507252252228724e-01
2.816721407574588110e+00
2.415233834713045091e+00
9.518380326505386790e+00
4.594757999116066749e+00
1.865456386478015149e+00
6.182500610932161189e-01
1.347708216110069834e+01
5.569823238775628571e-01
3.997166715096359124e-01
7.464296772136535196e+00
7.014648620272705415e-01
1.115206041132467574e+00
2.350120228047527604e+01
4.564852427710882665e+01
4.020317559548403352e+01
1.068755504799228762e+00
6.261106129639842921e-01
1.226832658357666084e+00
1.464777668402496902e+00
2.038318854733634833e+00
5.882392543329946211e-01
3.298277627416218660e+00
2.319925490922930766e+00
6.051671626431904372e+00
4.214510407044065321e-01
7.103332746720983915e-01
1.518684407272036685e+00
9.727425388164971931e-01
1.480365720750314651e+01
3.785515724215353206e+00
3.212380361418918917e-01
2.737602223083399067e-01
3.780472289624945859e+00
1.948594895730857202e+00
8.451845265998025880e-01
5.699770481915084730e+00
2.741170869911149222e+00
9.702225311328912527e-01
4.030203720868485107e+00
1.355767926784827937e+00
5.737408379952754212e-01
6.393741303244825369e-01
2.826079515449760216e+00
2.599069758109077366e+00
1.493047753983687054e+00
1.947802621805362344e+00
1.135656801463131194e+00
1.177078759931278196e+00
1.180120771747457109e+00
3.420422304812699821e+00
2.155644223584728625e+00
1.454306688830587557e+00
1.783931485668580841e+00
4.553290902366584625e+00
6.123184368411873635e+00
4.642469438857687258e+00
1.119130774958378005e+01
4.778617104492034251e+00
5.216045694525810461e-01
1.255686274283991821e+00
3.659761190719044599e+00
2.531080987120760906e+00
6.917972443603944699e-01
2.323975867785101013e+00
2.249490845135987183e+00
5.967966595283543008e+00
2.281472013627502182e+00
1.290565380702445308e+00
9.341094065394777601e+00
7.667870949040572759e-01
2.685157670468678592e+00
5.247054791600434953e+01
4.671938971897142134e-01
3.823213722903668343e-01
6.355320820889903466e+00
6.532826299038624329e-01
2.158262614368300802e+00
3.504094870168667164e+00
3.780840304363293658e+00
1.040994447534067779e+00
2.370766892573273221e+00
2.257493189521873334e-01
5.054921450135181793e+00
4.133530758488960011e+00
3.761112226444539575e-01
3.567891839709548929e+00
4.236777334053342114e-01
2.458408177945191397e+00
1.836098413886697811e+00
6.014329596608412043e-01
8.672480945642421224e-01
6.121617508031785837e-01
7.307519077620471259e-01
1.967584427845054496e+00
1.601813020222413897e+00
1.380855379799476701e+00
4.646289102154972817e+00
2.471571192199796485e+00
3.511294980213098604e+00
2.556892569852466934e+00
2.883554764087647104e+00
1.036200642271200456e+00
1.659534717891253397e+00
1.222474838277148868e+00
7.768286916090614280e-01
3.546600861011112715e-01
4.309258151365529699e+00
3.444852292366226365e+00
2.793301196486911997e-01
2.930073195000834074e-01
2.013789330280108203e+00
7.442702307008868257e-01
1.185829512999563295e+00
1.395775103428850272e+01
4.524304733464483697e-01
3.572741262867487055e-01
2.757617598273039761e+00
4.105275311829108986e+00
2.383894599195777175e+00
1.237504936144222967e+00
3.039340883710401342e-01
7.574957196161771211e-01
7.440130844754814454e+00
5.581811776593482710e-01
2.242501156496705672e+00
6.722084520352560766e+00
4.889411971763363951e+00
3.276994979190728796e-01
8.916642381067949596e-01
2.353043407180048341e+00
2.369013667628535824e+00
6.805254686019129862e-01
1.362203045529081669e+00
6.789998161883174177e+00
1.027042559384753195e+00
1.262120297280267422e+00
4.218344816204108172e-01
1.377051547799200693e+00
4.790933030895416223e-01
4.162377170676631044e-01
8.324401065465886207e-01
1.168639421049786131e+00
2.283702265892920469e+00
3.298005112960873841e+00
5.986547690641788932e+00
2.634130832690628754e+00
3.133544366732061270e+00
7.072515501331089194e-01
2.987631144906511604e+00
1.097391146988477173e+00
1.073337542110255560e+00
5.113255052870174566e+00
3.617750122265676271e+00
8.156039861826997139e+00
8.488762907687805281e+00
8.402994199119996566e+00
3.594460549146448081e+00
4.195365995029079365e+00
2.618455611937010818e+00
4.502893158270567575e+00
7.604313354494950161e+00
1.608946248169849014e+01
1.566472407621769758e+00
9.867977985891149828e-01
2.464976317126091665e+00
4.437367380339943601e+00
1.547995717590505027e+00
2.732092312500628228e+00
1.502905056860938338e+00
2.418545772791966542e+01
6.641949447930197703e-01
2.062247606145870549e+00
1.125908175600908390e+00
3.069933527612505042e+00
3.813691277041784122e+00
3.198595684850699783e+00
3.350721903885268915e+00
1.247215579972236421e+00
6.080009339350721298e+00
6.635894134644575448e-01
1.152101467742429053e+00
2.887322983497582651e+00
1.625992004626061416e+01
4.889002619712088382e+00
5.416246373612457199e-02
8.375927401759147850e-01
1.576452721626781406e+00
1.358540093365005808e+00
8.245851786460891564e-01
2.610197116606721934e+00
5.886659964968568914e+00
1.635699562789420192e+00
5.141215547478796388e+00
2.282330926838849638e+00
2.139922298170254589e+00
6.072274537118368620e+00
1.229626177364056883e+00
7.040707208745780044e-01
3.380979839823234467e+00
1.605335593785265358e+00
5.415566980821626686e+00
2.576050306910428134e+00
2.646145203288183811e+00
4.367320847156587860e+00
2.461004308161184539e+00
2.352063200449721059e-01
3.010243179755953680e-01
3.566088908918522371e+00
1.339450489804766997e+00
9.084167350733811652e-01
3.260994770896976203e+00
3.459158730773567836e+00
2.001736694846894871e+00
1.253431137471880508e+00
3.503314150369214008e+00
3.235862380301282037e+00
4.938531174028792381e-01
2.009302611522487680e+00
9.274685757956420140e-01
1.766343730264651635e+00
6.601487676180494368e+00
1.328486707717460913e+00
3.758896251773821362e+00
8.556301630009820469e-01
4.015498861850722356e+00
3.554634907057554916e+00
2.076202687983815132e+00
1.632335949864887503e+00
9.386547465685215030e+00
9.401686388252251669e-01
7.882805383382404663e-02
7.605578211850676951e+00
3.404710939477565201e+00
1.072955107836395472e+00
1.164416314063080105e+00
1.143103417191136728e+00
5.815643439872886233e+00
1.259022616882770507e+00
7.464275657227734673e-01
4.269379276041402882e+00
4.937986970628098216e-01
1.626727007792614144e+00
5.892828096698947249e+00
1.472956687679924492e+00
3.398801979223002423e+00
6.685239933364752751e+00
5.004242293553354592e+00
1.495962386713796333e+00
2.557170975518010092e+00
2.224768484765839105e+00
2.172612770176772568e+00
6.832532578360298592e-01
4.547684919428622408e+00
8.954033550492820348e-01
1.047916535029308260e+00
2.413845526001595854e+00
1.193506393891812234e+00
1.577344076435500009e+00
3.158012830943552895e+00
5.823312890249968454e+00
1.569883332898713180e+00
3.008382714416404369e+00
3.505957552037922476e+00
1.691165239929123265e+00
1.996027347799367302e+00
6.489069173008165103e-01
1.243945961015995305e+00
1.191831951353500507e+00
1.966164281315620377e+00
6.194068621787743645e+00
9.810069827323070868e+00
1.479712159032377450e+01
1.284758327398220157e+00
5.688243030880788531e+00
3.914831469357388016e+00
1.613172604736142324e+00
7.233864610011539575e+00
2.202804754653716834e+00
8.847225227080235399e+00
7.489896168181036984e+00
4.865728888413685560e+00
1.886910604917778844e+00
7.807458774975560845e-01
1.222881492381614699e+00
2.420490305371029383e+00
4.857676467414139831e-01
1.001036744502909137e+00
8.447822797511149728e-01
5.783533999199470088e+00
1.179878913568070731e+00
1.509863730648245639e+00
2.016509881653593794e+00
3.002622071575273388e+00
4.936281326501998912e+00
2.387128325891672898e+00
2.058251318378258254e+00
7.376940223847062938e+00
3.206900101656484647e-01
2.549566429898753483e+00
2.677367243383939499e+00
2.006092044402719932e+00
1.209771091069136828e+00
1.078071579142168890e+00
3.052897329643550206e-01
6.847905330929505041e+00
5.760172960511577012e-01
2.577091276889960536e+00
6.483026641062034079e-01
2.918105508377699220e+00
2.036641990373647459e+00
2.118347738594892782e+00
1.360421332275313366e+00
4.878396124589453819e+00
3.167094568623885387e+00
2.116558179230321191e+00
1.006100600804379042e+01
6.802358084560622409e+00
4.413610308461326959e+00
1.080990342269734228e-01
3.910611461091627827e+00
7.212005535628379649e-01
1.655205020728471199e+00
3.250471475683326616e+00
2.877981351713304381e+00
4.764511141608853251e+00
1.433989979970318629e+00
2.007025751151831017e+00
2.413845972210736601e+00
1.368511706543372952e+01
8.050193214380394480e-01
4.183974310363415938e+00
3.399444469310105799e+00
6.395341455738748238e+00
1.507161396346667459e+00
1.281960671191920031e+00
4.151851999326804932e-01
4.003414360597251864e+00
1.150247669867045452e+01
1.281995786755086186e+00
1.461471336676660515e+00
2.637322400187715465e-01
8.008318512904158970e-01
2.911287756569647556e+00
1.608115755206360742e+00
4.183215988240103655e+00
1.302998283505529820e+00
4.568295346778425414e-01
1.851695181097392784e-01
1.295888485772497489e+00
7.144780872001583738e+00
6.810730108694347251e-01
4.460193126932602836e-01
4.691469617577766371e+00
9.247450928317101360e-01
2.680741783576654047e+00
1.127414575147896114e+00
1.656094451064712869e+00
1.488787528507512503e+00
4.593487396373995280e-01
5.388152370610418629e+00
4.037293198341856737e+00
1.498786379432954341e+01
2.449633622286656376e+00
2.240443836834598468e+00
3.624954156232943348e+01
1.374287425323396095e+00
4.351868745808877281e-01
1.763599504952992003e+00
4.939148144006054730e-01
3.873271958701084206e+00
4.728386777878262670e+00
1.771374696946313998e+00
1.797751347151353940e+01
1.768566004730109054e+00
3.674234757705750476e-01
8.837030506632058691e-01
1.611576409135380972e-01
3.390526267525589277e-01
1.397371595328833704e+00
2.541257413334982562e+00
5.024179905289745562e+00
1.087340119773858804e+00
2.287639912338633508e+00
2.395119241734163795e-01
3.165297051147939467e+00
1.261221403547782449e+00
8.838957170873957381e+00
3.076082338344468425e+00
1.902589771102198402e+00
2.865290646776629035e+00
1.642330025027086693e+00
7.759359674694246145e-01
1.954844893570063080e+00
3.602805591573109645e+00
1.826509123728969897e+00
3.515582768369566402e+00
3.851790734900212509e+00
1.512386375712734043e+00
1.303164048546061693e+01
1.091145618191502686e+00
2.235500182550998804e+00
9.618441488256133098e+00
4.173033266221422899e+00
7.900004165244136622e+00
2.612127728229323709e-01
1.405921002549942234e+00
1.898097076903456637e-01
1.675226210816519901e+00
4.555274548810657187e+00
3.734515313133213166e+00
1.243788496405082356e+01
4.295948209302656196e+00
2.315440470293187225e+00
2.062189309417485017e+00
1.105224576805598602e+00
2.360062946549835505e+00
4.059939319173341055e+00
2.178472605177705912e+00
3.420676085306186831e+00
1.236066038743545370e+01
1.846060130388360365e+00
1.271629549152799132e+00
1.126620592033399371e+00
4.838548732115167006e+00
2.026707168546198545e+01
6.198027497691386278e-01
1.556904968245981014e+00
5.633829903515625404e+00
5.607879088121400457e+00
6.436431861172023261e+00
9.240012295885818849e-01
1.055562791347010432e+01
2.227943086636575032e+00
5.190572556872273813e-01
1.818052171984656518e+00
1.005063830500747768e+00
4.412133416383786866e+00
2.195359054365634055e+00
3.902076550679460354e+00
4.028537814151493812e-01
2.880931764293855668e+00
2.609608462302203780e+00
1.995849272766502480e+00
1.128106809483212958e+00
1.072636294593243722e+00
8.453302235660237196e-01
5.783761134843213858e-01
2.317855649632880044e-01
2.483463883933106242e+00
2.641027488959555747e+00
5.119413648507032732e+00
2.721957601310270203e+00
9.501034513877130161e-01
1.021807147953523787e+00
2.290342748154440500e+00
4.030722150569900464e+00
5.403507735245219656e+00
2.807446912577556741e+00
3.000090142692954931e-01
9.750806130842804009e-01
9.281126580145237170e+00
3.720951647262972228e-01
2.901011920758945983e+00
5.022608001179948989e-01
2.615782924135091392e+00
3.544530408833550084e+00
5.623165057173283188e+00
9.472368045473066323e-01
1.225918524841524082e+00
4.312512616486182893e+00
8.986970342131348488e-01
3.667441440891484383e+00
1.128334859000826196e+00
1.206041258549150230e+00
1.351975750608886528e+00
3.869603753065102847e+00
2.235037098536497790e+00
3.205951211955324176e+00
6.126561607307352553e-01
3.430010176671381306e+00
3.380091847775695268e-01
9.845686047202200086e-01
3.957350772599284028e-01
1.317071701136759421e+00
1.147299806263841315e+00
3.970373302716231123e+00
1.018126573382467370e+00
1.962749049193600381e+00
8.331723499816177991e+00
2.574270500094275160e+00
4.869551559876102331e+00
1.517500471634054549e+00
5.824478979060149442e+00
4.603448488227427915e-01
1.336362779126301525e+00
1.411206962520262342e+00
5.697656190003923982e+00
1.131068868864413046e+00
3.693098494346354066e-01
2.739312196187488002e+00
5.100185355144785326e+00
1.867601430941691953e+00
3.262013299404714850e+00
5.628004191299313064e+00
2.222578419338913924e-01
1.648634960817314754e+00
6.464507582176773681e+00
2.919128821633291682e-01
1.519781637315028577e+00
1.333446559243044227e+00
4.618902704657650848e-01
5.136120551889426622e+00
4.361137992256522544e+00
2.387523074875779749e-01
6.348672736392442673e+00
8.253980840235426442e-01
1.276713216685658958e+00
1.089561699876630207e+00
2.891812577781738725e+00
2.337745045881919559e+00
2.830326223179251866e+00
6.339393288513955227e+00
4.596998695206847563e-01
5.787929184675133065e+00
7.744224443566702476e+00
8.073999416766119097e+00
1.795538224463616883e+00
1.676597721128101126e+00
1.080676351009077507e+01
4.061744608902537745e-01
6.431490075643038207e-01
1.820475178230827717e+00
3.478630748123501704e+00
7.854362787560625891e-01
9.473915226316393046e+00
3.929164917907619348e+00
3.011047921865390165e-01
5.532225240256486432e-01
4.939492272732395328e-01
1.697565662354056704e+00
8.645525677719013702e-01
6.775741887485596804e-01
6.025250169069347628e+00
3.111366488217871318e+00
6.747648004969274416e-01
5.360893026247926407e+00
2.554878390674055755e-01
3.194084315644929006e+00
7.383568896814113991e+00
1.976804586905776873e+00
1.878477065141343827e+00
3.004735271594506596e+00
2.419090342854480546e+00
2.204103382637359054e+00
2.912601668271335598e+00
9.907398673986604898e-01
6.974883622743517364e-01
9.296582429159274241e+00
3.085597690029054263e+00
2.574012119454518466e+00
1.890363792643001029e+00
1.342134552371833989e+00
1.948347353537231319e+00
1.526869388850597309e+00
4.062155971708447111e-01
5.070414533826418380e-01
1.814548248784992879e+00
4.521780459062299862e+00
1.741188449913404046e+00
3.033649041004031766e+00
9.586929170546768519e-01
1.252219007480967594e+00
1.771365767075344433e+00
3.925414479846678795e+00
7.074117406085483895e-01
1.073209314719810514e+01
3.962135485464641338e+00
1.865235732570114102e-01
1.158064788926891131e+00
4.781921913809085156e-01
2.263675678478950015e+00
2.988993544988546969e+00
4.580405434168493883e+00
1.486877864655385073e+00
1.116986987909637019e+00
2.330356881205631336e-01
2.559527044432271747e+00
5.050473173682044070e-01
2.760358431405079305e+00
1.897973131092365762e+00
2.186978972307950020e+00
1.088643254636044411e+01
2.959467533310017551e+00
6.315704574621915590e+00
7.654297301358760075e-01
3.681786903880332140e+00
1.044936564324309591e+00
4.802222134700897982e+00
3.407330881502923958e+00
1.527746114148076551e+01
7.347259312421809963e-01
5.407447638237159460e-01
1.522969454872787898e+00
2.342529363589364699e+00
9.152705787350664535e-01
6.807757224090236647e+00
4.602129239079261858e+00
4.717895897265326211e-01
6.069817389974213384e+00
3.080615979396641890e+00
2.481753676764762773e+00
1.015641350270261078e+01
2.270112993972161153e+00
7.062545385536062037e-01
5.626749826923074238e+00
6.751113040221035533e+00
1.381243349338809656e+00
2.488034242850731381e+00
4.397877003110320926e-01
1.392500793511628920e+00
3.535915554623314527e+00
9.348999471811046680e-02
6.951653519074669774e+00
1.599360149004712461e+00
8.251095798790527569e-01
3.020219048101132842e+00
2.549301501864999597e+00
7.658042779354015117e+00
7.437357386100906798e-01
2.312511782842803232e+00
1.650847246149146574e+00
5.508388199895706272e+00
5.530475237479250517e+00
1.695348720754321636e+00
5.036313699445896797e-01
8.258879184988027200e-01
3.542337971754851988e+00
1.016317462183317533e+00
1.305653314745682803e-01
4.656129026262806114e+00
1.779930475082235564e+00
1.838153056483998071e+00
3.105353129169099891e+00
1.110492428687964717e+00
3.741533259058223759e+00
3.174384222854438775e+00
1.269992590595433057e+01
8.475935111147844481e+00
2.503341220451413385e+00
4.284280022661529075e-01
8.317549792606844239e-01
1.482544786166640538e+00
2.379661326463379467e+00
3.240409059818105675e+00
2.396806487907644723e+00
2.900346175339095556e+00
2.874526862739568145e-01
1.075014282251134823e+01
5.934532647820976337e+00
6.974788230661456367e+00
1.580887440634875185e+00
2.144544186826616627e+00
1.847829109639343992e-01
1.242250774623029352e+00
1.210331166571436690e+00
1.740994114030516515e+00
4.704250817596371537e-01
1.055779851750530129e+00
3.056398732783873751e+00
7.107717259808713495e-01
1.506250663250828570e+00
1.235258044221555629e+01
3.846783640841860974e-01
1.713645545247741930e+00
2.271785017177865296e+00
2.408609948282952384e+00
7.581997035306754507e-01
1.590752852716591015e+01
7.973099039258292109e+00
2.582896703966651497e+00
4.819088793627455125e-01
9.798688340076845416e-01
8.678399883940414172e-01
4.409564968249811145e-01
2.479193597088706014e+00
2.575188038210075803e+00
1.106743628984167316e+01
3.440885789753798996e+00
4.476270501758644826e+00
5.467200636094701416e+00
3.891889774295953508e+00
3.072750826479591524e+00
3.938780281542218820e+00
2.088448705723684018e+00
4.222991165677321135e+00
1.161652968221322801e+00
1.790599290620236816e+00
1.558366039477087517e+00
3.422441591388527105e+00
1.899041887837962683e+00
4.827673096780739748e+00
7.605907361934362010e-01
3.109683138467608465e+00
2.345316865552808938e+00
1.926325302399094053e+00
1.132620417374440969e+00
1.347436238770785444e+00
1.256907574492846846e+00
2.972568432511689895e+00
3.174768716320213624e+00
5.737578440189265994e-01
6.592525972018151492e+00
1.513798066693559097e+00
7.291171568182505114e-01
5.836385060554671877e-01
3.191622858689067588e+00
1.371491766243421839e+00
6.851116549605167361e-01
1.872108159730745403e+00
1.287547988951936873e+01
8.434760101104567198e+00
2.586533617707057253e+00
3.027278074801937890e-01
2.612977300869017139e+00
2.168128015599710245e+00
1.680517842817026875e+00
1.914639936079371163e-01
1.361008865113477961e+00
2.820402316355231420e+00
1.101954616888774607e+00
1.598650832215635864e+00
3.664581595506997136e+00
3.421906713590653570e+00
2.065131341173628510e+00
4.461428780659389415e-01
2.859375245621012862e+00
3.833546184519016631e-01
1.719597688196127550e+01
3.119338213576079877e+00
4.303618410669056260e+00
3.939096773112606531e+00
4.635823371025129092e+00
9.827169827046901673e+00
2.558967180885659332e+00
3.044134333586155261e+00
1.495815884054782163e+00
2.795028099720652026e+00
4.686294036780115357e-01
3.814712881697780666e+00
6.889847669021162413e-02
3.091609744435222407e+00
1.397676236706119068e+00
4.843002237336446747e+00
2.500916857547616701e+01
3.928021066268075234e+00
1.604373751036544116e+00
2.139681196142496411e+00
6.128576267696833391e+00
2.841238768369231060e+00
3.036343692986586795e+00
9.508902527446302377e-01
1.639037656743409066e+00
9.793159437648716326e-01
8.734928033499532063e+00
8.311571822661341091e-01
1.736531548466197616e+00
1.463542312076369534e+00
6.691374766183691980e-01
4.862186284132094194e+00
9.910831604875133261e-01
1.940907184019264875e+00
2.173605372564762828e+00
6.572369975051429725e-01
2.021778247890646085e+00
1.127944710909096848e+01
1.634849319554934732e+00
6.086487259660994242e-01
1.279666413000460690e+00
2.586619250289533767e+00
5.031092905075735366e+00
1.594331692407627843e+00
1.622050449648032577e+00
1.715816726479696186e+00
1.388198117067139803e+00
1.992972805488867349e+00
3.297286111549489807e+00
2.348236102438175266e+00
1.353852258863456504e+00
2.703366136043726664e-01
3.583633699007050311e+00
2.145414945038282450e+00
9.407564702279479218e-02
4.660250218993312643e+01
2.426495570833602233e+00
3.839290639973736985e-01
2.812862947690341286e+00
1.325424126959511284e+00
3.136777919935461179e-01
3.052586347779020937e+00
1.587633431965312925e+00
9.860377262238054774e-01
1.649661880768125366e+00
1.332591314703434282e+00
2.035342547267670721e+00
1.677625102773884658e+00
1.201582639714456890e+00
5.616890650986527511e+00
8.652412274784196944e-01
6.771997545643343663e+00
8.331142380102751765e-01
1.746805161406944640e+00
2.803258719817958156e+00
3.575340796901804730e-01
2.611707730035645048e-01
2.374918438168984292e+00
4.388518534281974581e+00
2.590429499011936976e+00
2.255411748460395938e+00
1.592884811806107415e+01
7.648307239028568905e-01
2.179319110113462354e+00
8.161505467377477840e-01
4.694495350320027960e+00
3.176719621485886602e+00
5.689045583401012962e+00
5.413066202983594977e+00
1.017642433270494307e+00
1.625786995566069759e+00
1.064578068323423388e+00
1.579499662038605257e+00
1.085521838961355012e+00
1.926214335239019304e+00
6.677686606054651364e+00
1.929060871777306341e+00
2.923268004285155097e+00
1.012686649089427737e+00
3.763654505278327012e+00
1.270534781513855682e+00
1.453635590227251306e+01
3.166919804343764078e+00
1.893554119597594010e+00
4.021485110456810119e+00
5.552666193374488079e-01
5.385536087143033335e+00
6.932570483548349261e-01
4.691599897269256303e-01
2.988377725457192380e+00
5.095734293754592414e-01
4.662583448115852569e+00
2.301108428097867531e+00
1.976238488944816796e+00
2.234525348552947488e+00
3.381868366750049870e-01
6.622070719356715429e+00
2.846013828655144451e+01
7.297093655415983759e-01
9.284788989539892734e-01
1.151853447640747152e+00
1.831581613671345199e+00
3.686536366636316564e-01
7.314789096929882328e-01
2.439540028716145947e+00
1.896578819651604020e+00
5.059708391319086118e+00
5.034821749148524761e-01
6.712554428754041735e-01
2.029289748566533103e+00
2.216814891151891231e+01
6.834760934839503754e+00
8.444506592491409336e+00
3.165489335890647737e-01
5.658208243795418646e+00
1.021049134241204914e+00
6.869502985312960774e-01
3.548529044312630498e-01
1.186214877473571239e+00
5.510467137198888032e+00
1.545110070384261014e-01
2.283612723257525179e+00
8.588005667121091369e-01
1.038078952594892002e+01
6.463747260413821305e-01
3.308206733975393998e-01
2.346395860961575153e+00
2.521704938791990980e+00
9.631453644466452246e-01
2.171593252361677440e+00
1.899469568799336816e+00
4.753734415885251252e+00
5.748037876410520136e-02
1.325663357976544776e-01
4.942229477645415159e+01
1.396662340099940636e+01
5.746264601982057130e+00
1.204120243162928539e+00
4.332313132417533463e-01
6.644727890511680224e-01
1.339156350589667754e+00
2.968204319862313145e-01
5.973104270442928243e-01
1.918301238148534704e+00
2.161352917673080132e+00
2.033980442782937548e+00
2.909826462777274081e-01
5.711392061958566746e-01
2.297089507942607245e+00
5.645122499161804086e+01
5.295547892220226593e+00
6.018604618082694646e-01
2.610208119025413609e+00
3.460631521472939398e-01
8.904464786757231298e-01
2.796933133946819527e+00
3.232020643448600072e+00
5.280526129816500713e-01
1.977999556994604724e+00
4.176359679380883816e-01
1.810172764053680439e+00
1.218492496398644320e+00
6.986897394716501175e+00
2.145900678350836643e-01
6.380706223917212982e-01
8.372636390286622543e+00
2.441351413836185813e+00
2.952982629544812720e+00
2.416480541388357040e+01
2.867456519640388946e-01
3.427071254585903337e-01
7.151668845913586869e-01
1.185110444035682997e+00
6.648158468858984982e+00
7.921928825126826057e-01
7.715970873648005934e-01
1.164084067441758075e+00
7.102120358637795228e+00
5.591653659007018717e-01
5.771069498339909565e+00
8.470407863940130344e-01
3.581059476963870836e+00
2.741694830174700170e-01
1.858058336085630913e+01
1.788483457061277870e-01
3.996662867928920004e+00
5.009497241022927483e+00
1.616563938404110556e-01
2.946078121129726224e+00
1.136661290370961375e+01
1.193520563903186948e+00
2.171004130196087789e-01
1.889048765038721323e+00
7.110694716290433259e-01
8.719650513750565324e+00
9.000892421540012123e+00
7.512498179186073877e+00
7.422529836764952815e-01
1.390777750430057580e+00
7.739379986226341934e+00
6.756700871844610878e-01
1.024409429942624739e+00
3.993869016673715411e+00
7.112583958986797406e+00
1.125951628958259620e+00
2.442328873628238917e+00
3.081045609164461752e+01
1.105502400713982009e-01
8.218464351053663464e+00
1.665797447861484670e+01
3.315389524903637475e-01
1.464490273068425719e+00
1.903629082609455736e+00
1.506892121310367205e+00
5.423957084361477055e-01
3.030735227560118261e+00
3.846114351388248420e-01
3.881239125338364349e-01
7.773987690114215532e+00
7.294849007894758097e-01
1.646766068511269498e-01
1.840665183088025003e+01
1.315334913228816960e-01
4.503217500265935952e-02
3.980555980262782345e+00
4.016385902977249067e+00
1.088831731718120999e+01
5.014694894850822315e+00
9.345527741691187495e-01
1.110427175742237971e+01
2.140563865411603039e+00
6.764360547309494542e+00
6.367800243447587771e-01
1.401226513348200919e+00
6.135856904419782154e+00
5.606132914234814857e-01
7.777330008075756806e-01
4.653999996880606171e-01
2.396625046317865682e+01
1.831553387304098113e+00
1.078587819777538703e+00
1.019741798041067238e+00
1.513467283465696755e-01
8.055222031624958978e-01
9.588536418691556706e-01
5.727379833751049532e+00
1.046856175012687906e+01
6.139982993314832882e+00
2.628043388397811597e+00
9.482850854450407541e-01
1.225213585380336134e+01
1.055141478838387825e-01
7.569350403441147401e-01
2.270367470497983042e+00
1.764508881115410688e+01
6.386445517499979296e-02
2.426724963295721960e+00
4.822109045586064902e-01
3.142537264494588811e+00
5.210438395838099535e-01
5.921204240138796537e-01
2.458113563202338481e-01
4.871694091910708790e-01
1.610922854823319872e+00
1.262640732101423779e+01
1.920704687456198378e-01
9.365620382596777205e+00
9.573977867696681354e-01
1.954850412836624418e+00
1.250508942944110302e+00
5.470597058704402826e+00
1.215159053618262291e-01
9.652679825235569444e-01
5.001495208749978660e-01
2.768375794569024251e+01
5.736228378179224485e-01
1.535497115719056449e+00
1.928202536030105829e-01
4.002388071467033903e+00
2.138711738588657818e-01
1.797338376104764546e+00
2.356389684709730425e-01
2.391226354643946284e+00
2.851215384218038995e+00
1.266529664679188727e+01
4.102651922732294398e-01
9.412696703237369289e-02
2.370052727622974587e+00
8.309534471341596673e-02
4.353999946128584986e-01
1.757114221160924528e+00
2.276574423227027688e-01
8.178678483368028163e-01
4.107988755183158980e-01
8.862602066194976702e-01
4.677484245220627224e-01
4.422155394980281096e-01
1.145583981698892728e+01
6.313353570815022353e-01
1.034833676899687749e+00
5.525138945767614551e+00
1.658202749336643933e+01
1.107487209558419838e+00
4.952128847343578166e-01
2.929732184029906428e+00
1.283779181408105652e-01
3.949068573742234856e-01
3.078969261281639547e+01
1.526863660708496662e+00
1.474304188453085862e+00
5.873654713252769444e-01
8.519044941773969981e+00
1.648692147270659214e-01
1.808005219934320507e-01
2.143692674780992125e+00
3.902624534353967695e-02
1.225184884002368246e+00
1.270396954755280028e+00
1.051003021288098166e-01
4.319618473507734202e-01
2.111199911639874571e+01
3.166156815629447507e+00
3.529590650059724766e+01
2.596969123160111984e-02
3.227540911707525773e+00
2.387560647974474592e-01
4.379782991725104324e+00
1.135591999959355780e+00
1.046266657043488868e+00
3.889388786773069207e+00
1.067673793716175323e+00
9.718011750000059124e+00
4.595792892294434218e+00
4.898020998416972027e-01
9.076631969272477285e-01
6.292870324634228241e-02
5.610162277668049452e-02
2.830113880816085725e+00
4.876947721652460821e+00
1.767849394900904147e-01
2.853266909636801962e+00
2.389453761059669168e-01
4.266816012410884262e+00
1.293278246623858277e-02
7.977402992536859749e-02
4.411407630030916494e+01
5.294401387218622190e+00
1.644236727188365554e+00
1.634684390250912500e+00
3.050184544146125276e+00
4.010223350940320119e-01
4.609450859429925274e+00
1.106005649525751089e+00
1.419272513935793123e-01
8.837826861906865616e-01
8.570581554095544341e-01
3.221082138139253481e-01
2.794415154542763347e+00
3.126577274035930554e+00
1.889028415398489757e+00
5.133516828160140655e+00
1.244401104372907296e+00
2.069597946282729950e+01
3.029072332952034152e-01
2.915604799755489029e-01
2.291983117236130740e-01
1.343072804946442655e+00
1.912222524405596813e+00
2.031481311824353819e-01
3.917225595060870091e+01
2.830094947301601271e-01
5.337348712024662767e+00
1.285884555947698127e+00
2.054599831140444532e+00
2.144311280511550066e+00
2.585009988372121217e-02
2.160714039463296032e+01
1.576361608402266024e+00
1.162866902538177705e+00
3.126724199918300418e+00
9.322120558902942111e-01
2.695985091630719865e-01
1.392344131387184547e-01
2.102679921892288029e+00
4.349090211388629967e+01
1.008007520285338771e-01
1.995706343964679386e+00
1.272934131786201561e+01
1.304616755934166594e+00
1.084684768133304805e-01
1.154638845885576914e-01
8.753328859516886773e-01
1.401638662111931166e-01
6.153857114572535147e-01
2.762987041105109398e+00
2.322297111745732323e+01
1.409444216608723544e+00
7.122789019101717356e-01
8.538887252707232367e-01
1.140153458303342360e+00
7.189900745577203489e-01
7.732096322794427934e+00
9.519262539941329981e-01
1.622384019823953638e-01
3.682958398978286585e-01
1.395131476580290464e+00
3.198126417914462505e-01
2.370294316785340194e-01
3.923186272093051041e-01
1.699725767612466187e+00
4.546334859591571464e-01
9.434450948686219363e-01
4.561153444748946573e-01
4.549622770262785054e-01
8.438300233346875123e-02
7.022277017343988570e-01
9.148554538250376567e+00
2.664246313644556441e+00
3.231245757935750085e+00
5.113514329938430025e-01
1.326903884345030482e+00
9.196954350818256074e+00
4.821027338525093464e-01
1.696141645316934454e+00
1.269275275727074492e-01
3.873968340875904914e+00
1.044437672653115268e+00
1.326809487307136770e-01
4.877628691166909114e+00
2.082701261809810411e+00
4.219715226827788435e+00
6.131043004480741132e+00
1.010005860608122363e+00
5.759545518378200724e-01
4.767058111678549315e-01
1.377476598689317600e+00
8.292660051667459786e-01
3.148349616308645960e+00
7.722031263237268128e-02
3.061632454664530822e+00
5.533124712320684147e+00
7.832034810214612008e-01
4.664700532846032921e+00
9.013183397607492375e-02
1.775962562298967651e+00
1.696777568134355763e+00
2.742165832022069427e+00
1.340934928304432505e-01
1.380365557258266307e+01
4.705312231929763556e+00
5.728008965715624123e-01
7.369715107582590630e-01
1.586131418845795338e+00
1.996418881959033942e-01
1.948700712895227616e+00
5.281243595472307817e+00
1.906239924411113340e-01
3.530088979211605249e+00
2.091954640560430079e+01
2.578186223062442384e+00
7.643454111004829299e-01
1.583600591705914162e+00
3.027498229134281349e+00
3.699080029847024442e-01
1.595247235138518294e-01
7.567898965857808857e-01
6.234023613321998392e-01
1.846907336072959871e-01
8.783701622826596278e-01
3.464742575049867823e-01
4.494070251632900970e+00
1.273973101771196825e+00
4.598037644388568990e-01
6.596317064549983566e-02
1.230216011962850686e+00
3.999361794019580252e-01
8.213539162272380512e-02
2.223812632678103807e+00
3.766658811070554558e-01
2.980476396025334429e-01
4.292559413546451208e-01
2.963355882295308219e-01
2.660008920498754748e+01
6.740694726540799597e-02
3.269053692432089431e+00
3.253669439274546604e-02
1.109723480165216269e+00
1.116821298571870402e+00
4.450853135416885098e-01
2.933285123471621958e+00
2.992091489326472953e+00
1.826463332025095310e-01
2.875660165307475147e+00
3.970966447594231896e-02
1.039702014516108886e+00
3.163126926471583111e+00
3.285109226874777910e+00
1.172485712043560824e+01
2.764215244641599956e+00
3.951841429094676839e-01
1.268260260139500439e-01
4.877718317667252990e+01
1.240878609579197933e+00
1.403104935681261489e+00
8.444142709825655513e-02
2.092507213948998412e+00
7.868132825245143236e-01
8.808047386516002497e-01
1.604182681168801805e+00
1.302051869413913110e+01
1.448995482966601189e+00
8.412357736785766349e+01
3.615088728054692613e+00
5.376841025423620968e-01
4.313299053028453400e+00
7.628524537018036789e+00
3.980716952661031094e+00
4.698179547838668313e+00
5.458970572771704610e+00
1.201697756782154347e-01
4.325245680734696729e-01
1.407278416803986243e+00
6.053033118158779313e-01
1.570925139665511061e+00
9.445815456598366522e-01
2.481958902962919655e-01
3.863299530899121925e-01
8.089301509193581596e-01
2.012460624945100474e-01
7.743143358286050937e-01
5.312268256983300851e+00
4.862919858325859268e-01
1.469144140247267138e+00
3.980669312610536359e-01
9.560167285176296437e-01
5.130178355753025166e+00
2.218236702580492103e+00
5.509935515561474872e-01
1.081039063788281185e+00
8.605426191744557363e-01
5.589160618170941897e-01
2.012286180689555615e-01
3.943442494446677937e+00
9.746747105330504368e-01
5.043072967955528618e-01
8.590362370640979017e-02
5.916167155544000966e-01
4.412799303211515678e+01
1.103136876585386394e+00
1.436609504175373697e+00
1.201035362429681363e+01
1.426646366472135719e-01
2.844125890568061088e+00
4.637828391355387769e-02
3.455374323961211136e-01
4.317023773616729398e-01
3.647076204040339942e+00
1.686018256502788137e+00
5.742841966765864470e+01
2.456726394486448695e-01
8.634526672688969118e-01
4.052571884244094313e+00
9.515406993084116749e-01
2.468826406632738113e-01
3.586863445182380872e+00
8.521314042450919835e-02
5.730808320626047392e-01
1.861366364476514101e-01
5.183904539096771957e-01
6.779730598676994902e+00
2.135010797872030075e+00
1.492406204867828734e+01
2.248311481758558383e-01
3.246691737573152547e+00
8.044025516145003607e+00
1.048468491080779330e+00
4.117220707203970598e+00
5.447507463956859475e+00
9.465412527075213189e-01
4.873942020264222519e-01
7.790179905345952172e+00
1.777523628545631673e-01
6.032526769037515058e-01
1.142101895571216330e+00
3.807664311259263190e+00
4.719093835097153966e-01
4.618957458311302666e+00
7.184376710193497217e+00
8.236990431359518805e-01
5.924327519304380951e-01
4.476205167371471449e-01
9.611234196227046445e-01
1.671055676924481981e+00
1.894234325298958188e+00
4.096336433968751356e-01
4.731946129114712463e+00
2.994224729361656401e-01
1.300438580991721549e-01
7.177475706001974765e-02
1.290584485141957005e+00
8.714551034434464327e+00
9.676367460647751217e-01
2.142647468677747913e+00
2.720506178093348826e+00
2.192865091767583763e-01
6.707116222524958093e-01
9.107240090650357001e-01
4.143826185877809820e+00
3.633980556799029316e+00
1.624336728331253088e+00
1.365689350464782770e+01
2.714247456304914596e+00
5.555595246682634158e-01
1.062218415175361663e+01
1.542387032635625654e-01
1.880077384500967286e+00
8.676750876042141902e-01
2.610258513357402776e+00
1.717534321428969335e+00
2.862113735625391620e+00
8.988302762497218268e+00
5.536648516060720393e-01
6.336671189968641649e+00
1.258073488472676749e+00
3.688206585371108570e+00
1.178059208060476371e+00
2.815900087995312884e+00
1.382397314819933554e+00
3.746548972825937796e+00
1.120515719387599063e+01
3.052436295484043605e+00
1.788878779204498226e+00
3.303814928048045552e+00
3.027985574059028351e-01
8.847147127953156609e-01
2.370775848052674828e+00
6.659682482452565777e-01
4.436624261171716044e-01
8.677086981891539708e-01
6.089040824626249737e+00
4.582625390675791333e-01
1.505352320442902858e+01
8.766642906896144893e-01
2.295783264832443327e-01
1.368795405531092191e-01
5.169908500111159100e+00
4.927135780105593721e-01
9.183962826714400229e-01
3.363186642390963987e-01
1.365418705957230028e+00
4.745217097798992700e-01
5.924063633051972921e+00
1.982631811198385385e-01
1.859327174811047367e+00
3.650381398725766613e-01
1.995454062914688853e+00
1.740162194521860828e+00
1.826472943877851973e+00
3.778459734976626350e-01
2.088741545021085555e-01
1.508539775403918703e+00
7.238920762577507606e-01
6.423677179877633758e-01
5.063348863369674824e+00
7.424291303639539708e-01
8.432262685842832894e-01
7.150208710901186926e-01
2.831371788924708977e+00
1.837285043588044786e+01
2.293491670431950791e+00
1.474604553557357356e+01
2.471074560791736818e+00
1.483224582506434963e+00
3.057787086948539623e-01
7.875856955952105221e-01
1.562060409699450370e+00
2.038750562043427639e+00
3.338800434990578658e+00
4.572077561468079310e+00
6.174516633575408142e-02
2.567252041280552621e+00
1.716523623752260475e-01
1.967636492271349624e+01
9.718812374676431887e+00
1.929292077599874755e+00
1.435087951016856822e+00
3.078781443526688921e+00
1.255015562227598025e+00
1.571080742855959400e+01
1.091295504109661280e-01
1.230347809416042715e+00
5.179178450107311704e+00
9.391227406175719494e-01
9.390603665190337679e-02
1.389263092163365576e-01
1.816037591474389257e-01
4.642989991554866136e-01
9.792690800227358272e-01
3.996170152974084511e-01
1.509301305120635206e+01
4.361805540453622676e-01
3.262844799670923113e-01
7.082964226167760557e-01
1.566899583546496499e+00
5.154022598654525167e-01
3.893425759666658270e-01
2.127240411905783890e-01
5.429428474971712326e+00
1.154042951567222808e+01
2.141845328733323672e+00
4.351152500258487765e-01
8.065916364451792830e+00
5.378363732448702139e-01
2.301380297454456159e-01
3.701850971930940926e+00
1.823983001175297547e+00
9.425206223090165647e-01
1.832392475546338995e+00
2.736515443924001811e+00
6.739739054004923346e+00
3.780765446607566638e+00
3.294079980629945753e-02
1.378806342701060172e+00
5.794759078520997919e-01
2.856884217708551610e+00
1.859651122154501346e+00
4.496518749743258603e+00
7.012445400450263655e+00
3.787692149345212034e+00
2.076803623781182107e-01
1.979928971035841867e+00
4.599964290060238326e-01
2.030334629504506605e+00
2.940691096757294787e+00
5.992994583438918665e-01
1.019487035382767637e+00
4.579716836056522133e+00
1.178558457293098050e+00
3.487893258369417104e+00
6.434202833752653561e+00
5.066960476998835894e+00
5.396035436969688348e+00
2.250358267579427307e-01
7.670128886744523200e+00
2.211361257236857281e+00
4.500157042675928531e-01
1.770547893837629283e-01
3.293145549636702363e+00
1.874279496383973065e+00
3.978072774075461226e-01
4.054674458844803375e+00
1.356518222586467148e+00
2.959507947677020301e-01
1.731232111802394114e+00
9.939509040037660670e-01
4.982869248221042380e-01
2.649197763651431892e+00
1.787354002085733973e-01
2.895844741648091469e-01
1.056715915625464630e+00
6.925260486187148068e-01
1.202276934206233827e+00
1.119203912911073129e+00
6.243517119748319688e-01
2.527550174364747715e-01
7.824430503803614378e-02
1.127532828812340515e+00
7.342246547546746882e-01
6.248195436024029936e-01
6.788544067197291865e-01
3.986880639028631546e+00
2.268337125853854275e-01
3.475024688082363422e+00
1.296282982517268367e-01
5.142158109070655847e+00
1.051545657777624987e+00
1.180945058585641583e+01
1.299982096316332658e+00
4.384280784912655826e-01
3.627163909993404989e+00
6.876848900862007063e+00
3.356953187656027127e-01
2.418796241659064428e-01
5.056695935766045702e-01
6.611431740936205004e-02
2.090880486930120075e+00
2.568200308090491379e-01
3.314152855750724491e+00
4.657806078632718005e+00
1.606076819496799757e-01
2.590830413043506031e+00
6.630388775347070274e-01
2.498314139034467640e-01
4.129368846778591617e-01
1.351497625266827596e+00
2.485799397713612802e-01
5.858319247740568780e-01
4.103355491331721616e+00
2.390102645143317162e-01
1.439577097727354760e+00
5.303780859863873332e+01
8.057056979775355510e-01
2.551621224679372801e+00
4.206570855067867321e+00
3.113681727997503201e-01
7.288392915395564664e+00
1.958790088006880092e-01
1.865133539972263499e+00
4.242288974131582791e+00
1.434432462907155426e+00
2.676711338570769261e+00
1.906261273667600564e+00
1.246899849776649560e+01
3.150930020619548966e-01
3.577105692881632493e+00
1.538069857858238798e+00
2.084990977543857427e-01
1.680889558150369334e+00
2.300519339878651648e-01
1.209651213296140559e+00
2.388282299155867872e+00
3.103123227864004741e-01
1.240082432068465357e+00
3.373087682880799298e-01
2.423166510969026799e+00
4.462641803272232366e+00
1.564963608809073758e-01
5.830151347681674645e-01
3.828029143425446090e+00
2.834696745929584094e-01
3.486530085034033055e-01
3.598460841900793739e+00
5.890434673183911229e+00
1.199422825521655245e+00
2.968632016563657494e+00
1.948574020461764089e+00
1.363171915513064159e+00
3.338109441260884047e+00
7.009287427866824904e-01
8.443522825620549677e-01
7.420428876499227666e-01
1.141744437408813484e+00
4.233868245801232222e-01
4.777546681099073211e+00
5.682130555213776191e+00
2.823528409638814463e+00
2.791192459147181726e+00
6.262844726723789890e+00
2.990419975352222037e-01
2.640147427887677090e+00
4.912045867665872478e+00
3.729689675933696713e-01
2.509827724140936689e-01
1.053761697579566503e+00
8.996340420603984311e-01
2.942321324687488371e+01
4.849914336676800275e+00
2.870475197317334248e-01
3.503852869202395137e-01
5.551316587748160281e+00
9.656514404998377543e-01
2.535590359386473147e-01
4.108155788971953548e+00
7.165618355005078932e-01
3.722583294686043209e-01
2.550275595552995433e+00
7.313006336910188310e-02
7.634676464037760901e+00
6.429168668525453434e-02
7.541601062821336576e+00
1.309948025715243602e+00
2.542252319803243177e-01
5.479497966935635844e-01
2.126599705595406120e-01
1.193340870281759947e-01
9.682607022934790919e+00
2.953721972959092668e+00
5.283763450669750616e-01
4.198869361719811955e-01
3.048974157740842461e+00
2.513652709624144332e+00
1.246380380721066050e+00
1.573363366238433425e+00
6.220939780307415568e+00
3.569265397973701681e+00
3.847167031685050809e+00
5.026820568593838301e-01
7.735481297130952782e-01
4.185191571279257006e-01
1.220725758051718624e-01
4.403655793110628491e-01
6.228416202738685792e-01
2.858636873646213328e+00
7.103311785272253820e-01
7.836858409347453591e-01
4.844656497109895099e+00
2.430413148595913952e+00
8.545402497136942443e-01
6.041106774965691179e-02
5.448604904558448370e-01
4.959608214548608673e-01
5.840477603600318979e+00
8.764654279752715382e+00
4.098358887751624380e+00
5.504961563270786229e+00
2.545218521337319628e-01
7.289490218185357584e+00
4.377688586200637388e+00
4.190278854432232247e-01
1.399522339198138399e+00
7.030314853040620093e-01
1.672005125680609217e+00
8.589497322080047459e-01
8.293159592745433795e-01
2.388834417021758194e-01
8.592292496571285465e-01
6.720543979985155181e-01
1.774679862031598998e-01
1.066844737823076761e+00
6.870224687550438247e+00
6.370012916320293428e-01
2.276936491726650580e+00
1.903996113257516720e-01
2.049829279175970242e+00
2.209061307878401603e+00
9.157977034895740331e+00
2.820498478925367092e+00
9.668164934325263360e+00
1.897711399400805909e+00
1.310895109855552132e+00
2.350776314066269634e-01
1.628364880455446806e-01
2.297369221717769250e+00
4.875837036503421373e+00
7.302246045183508061e-01
7.071205709678174411e-02
1.569152360391224521e+00
4.041172177751641392e+00
1.409088219829148225e-01
8.674374563893104406e-02
7.768515637986983524e-01
5.493144572594733432e+00
3.948562289320232122e-01
2.662167757998963324e-01
1.199464039245360381e+00
2.307110553704468270e+00
1.470348668781503498e+00
4.481233116250044723e+00
2.140736585705217632e+00
2.533091808651461996e+00
2.106365093523610454e+00
4.535188316832555189e-01
1.685899421098013562e+01
4.705941048950729844e+00
1.017561703060899658e-01
4.835985878035457652e+00
6.116417874466199001e-01
7.965266640727605152e-01
8.197833561315477358e-01
7.116890109018840782e-01
1.361344893918546850e+00
2.138420911278775449e+01
5.621531087975381702e+00
1.208522889090386743e+00
6.490773903591753324e-01
5.046388353430879548e-01
8.115247364495463955e+01
8.338750737299960747e+00
2.415039578998202929e-01
5.730001565202816893e-01
1.109517013128078133e+01
1.269327111784001438e+01
2.223288512837036379e-01
3.512243991441857816e+01
3.391908468132022403e+00
2.776347151712432737e-01
3.132019460081588491e+00
2.908384953920611249e+00
7.608852656524219826e-01
4.728895297654241991e-01
2.758578472230003853e-01
7.615129024747460562e+00
4.933868587193547262e-01
8.703405378839979001e-02
4.416749768026350664e-01
9.554170741900459563e-01
3.058114054460452813e+00
2.522048636525022758e+00
7.710672295851795921e-01
5.565304801593859985e-01
1.841740252672537492e+00
4.525492520978043332e-01
1.106145994795623588e+00
3.299656351202677751e+00
2.311346494716052913e+00
1.368576956114034848e-01
1.331374367881563714e+00
9.818317963417843686e+00
2.032325183686213776e+01
1.152914963153720507e+01
1.393691468938473399e+00
6.281895924393423591e-01
1.265394230574303502e-01
4.392203917483702424e-01
1.575537868825194476e-01
3.586124097426202972e+00
2.038101170178978627e+00
2.894870136297460900e-02
3.597317534209290901e+00
4.767645909574842022e+00
2.661559450106922853e+00
1.623035150214362954e+00
4.536739718761793938e+00
3.752611479690219909e+00
2.763219892561574298e+00
1.077318538156971789e-01
7.829384109260357771e-01
2.830449149230791939e+00
9.636509421198011793e-01
3.886184229694925052e-01
1.052164735877592072e+01
8.401523083216796417e-01
8.622219883476227309e-02
1.377052883837018182e+00
8.847185399533220362e+00
8.035118400782838011e-01
1.143527359844582758e+00
6.846336851384858591e+00
2.669154398321392230e-01
4.629595887746996707e-01
1.416177005623596719e+00
2.335081450019687310e-01
1.516042901194071479e+00
2.958520007802976082e+00
4.332523577836102091e-01
2.532228994606978034e+00
2.994142413007496728e+00
1.040843609962102345e+00
8.203451739197170633e-01
2.124280380891462983e+00
2.467580505780503142e+00
1.424530488233290093e+00
1.801183009731468054e+00
2.487210452496074975e+00
1.032233889745801214e+00
5.181715424460058284e-01
1.765667231352964661e+00
1.227919539777455604e-01
3.228993585976338010e-01
2.433580551486772270e-01
8.260086861918033430e-01
6.721459849626835181e-01
2.199905192870284409e+00
3.985982108116816192e-01
1.028558029573251043e+00
8.184690930778504292e-01
2.220567069199720078e-01
1.909966712889485052e+01
1.316187837033939934e+00
1.086870227798475419e-02
1.219827913636213568e+00
1.770493341479776328e-01
1.022360367441085938e+00
4.699114916920886231e-01
6.653646216863292606e-01
9.569756225811009154e-01
9.387540353432963780e-01
1.702975613192955651e+00
3.634380340072389259e+01
1.021879893051786947e+00
4.072799918339113034e+00
5.172001183363826859e-01
3.550399849124548646e-01
1.619453968832154978e+00
1.167113203504746011e+00
5.874485158035120946e+00
4.612142173729849581e-01
9.760112025292509985e-01
2.955546538912947815e-02
1.256195666337780181e-01
1.070971398791993323e+00
1.035352281235024652e+00
4.012573187045583190e+00
7.217731552691405428e-01
1.241245177242976949e-01
1.157839830825668548e+00
4.079056265553391292e+00
1.952429301302606612e+00
2.036635743322787739e+00
9.105152829964570094e-01
6.299448185383001331e+00
9.763141978236743457e-01
3.191443581959137188e-02
4.950202354275788963e+01
6.541487530745435652e-01
2.382632320164515871e+00
6.338683434543271877e-01
7.232847408716059912e-01
1.976851846333707030e+01
3.355217153337034519e-01
6.650194713202729480e-01
2.041833890345080782e+00
1.703799464528757301e+00
2.518213543140450739e+01
