6.379589615527332391e+00
4.827622546010866600e+00
4.118242931577531074e+00
3.909254728330611606e+00
3.555747434366113424e+01
3.280598625718492034e+00
1.417762988659679424e+00
1.343302449113536801e+00
3.919019339909451727e+00
2.366715918500772453e+00
9.273395388747124324e-01
4.061120155114811503e+00
8.100223295993635997e-01
2.784157327735990783e+00
3.377394078124555499e+00
1.235430309895466650e+01
1.636305166456599069e+00
1.092701205575093315e+00
1.206926319078502674e+00
3.967351945394875568e+00
3.456195694543396923e-01
8.458834602481597464e-01
7.635443064410549763e-01
1.914417474738173253e+00
2.780288858898118942e+00
1.706486324306829339e+00
2.181780482791436881e+00
2.927230482887039464e+00
1.447231838908831669e+00
1.518835171183734900e+00
9.483112299786156107e-01
2.440538691645641745e+00
3.096832632202680013e+00
1.608308399504088992e+00
6.084948527341289548e-01
4.848708083283073123e+00
5.978553621514087091e+00
1.993499800882965411e+00
4.962816176541245738e+00
1.383168286135696201e+00
2.161055139051514917e+00
9.232322803859256410e-01
1.301521973968041479e+00
2.920505512423936967e+00
6.713651847015793539e-01
3.249024146084230402e+00
9.988251349191427764e+00
9.942431710134554956e-01
1.384426128055099792e+00
6.035661794750684095e-01
3.649563361720908450e+00
1.394211181535147448e+00
2.263998267073074278e+00
9.520519108154226195e-01
3.017774788966020250e+00
1.835400270015748347e+00
2.568656177172133903e-01
1.230821375101422532e+00
5.122909887370905579e+00
1.656411513557273807e+01
2.103940566939204615e+00
1.619654112744307595e+00
5.539355118478868967e+00
3.051438270212338821e+00
2.297114651692801157e+00
1.495160444558296220e+00
6.254071167674371878e+00
1.042550938945260697e+01
1.481968885876199682e+00
1.284144137674785524e+00
4.799113274686210295e-01
1.234207650445870552e+00
3.433238225484746220e+00
4.637608886915854711e+00
5.814426484681595175e-01
4.639010699685536032e+00
7.435774571376030373e-01
1.607439603602334399e+00
1.049164850060514631e+00
3.523666867037856254e-01
2.793956033888441937e+00
5.587865093849794240e-01
1.608684077023996073e+00
1.797283719411752800e+00
1.372013724476742080e+00
2.948681797581827269e+01
3.412964807603981132e+00
9.854330999798852631e+00
2.419530770608375736e+00
2.134633915422249617e-01
9.387880563516394217e-01
1.362268143910368101e+00
1.343722171679314847e+00
2.200872887066811057e+00
1.606369555126865079e+00
1.208543382416391365e+00
3.621664400974338616e+00
3.527952873242516940e+00
9.805022075471894638e+00
1.213978821605531389e+00
2.272872083554678735e+00
4.880374157567153759e+00
4.735074230581530208e-01
3.574301828918023283e+00
2.767992294175259271e+00
1.917868085908580822e+00
1.507951141873844048e+00
1.909992125694957465e+00
2.119763381414324854e+01
2.570874158732948889e+00
2.580343493451450865e+00
1.852138548281256236e+00
1.100995350044673238e+01
4.260349009221761629e-01
4.198779705116184147e+00
9.886820531545509327e-01
1.421421789412126158e+00
4.660220171418555601e+00
2.049393208052256110e+00
3.193078814082983552e+00
1.608601353339755402e+00
2.622933570705511475e+00
1.472155967919018593e+00
1.475648141113804357e+01
8.491521054632144017e-01
5.693945565145352994e-01
2.670187691609673841e+00
8.382592016449590400e-01
9.482653139785287566e-01
2.869569828495773578e+00
2.830757842280506420e+00
1.375651220062094504e+00
1.316776659351112544e+00
6.905302977587511215e+00
9.540869178310079235e+01
1.285735903878941766e+00
1.107654651946713198e+00
2.772902264784482096e+00
1.065668620851395021e+00
1.669332008182057514e+00
1.066098318610919193e+01
5.937296800558491405e+00
1.397152040020735519e+01
1.234228211117657237e+00
3.232503945010166024e+00
9.082825643525904269e+00
1.424028726445909276e+00
3.758736545662062500e+00
1.177650214697349540e+00
3.645837375699375382e+00
3.698163507769468783e+00
1.308886331314276230e+00
2.860735921975060325e+00
4.176365419560036152e+00
7.450442660606264589e+00
1.741102395813308501e+00
1.770725116841354696e+00
4.560802158162795550e+00
1.167902422878132507e+00
2.900448514552354418e+00
9.412335595099195373e+00
1.440474422433603685e+00
8.626629191409180830e-01
4.387071928586934177e+00
8.457743831113301303e-02
6.930606478201222664e+00
5.107812895347541904e+00
1.753563384335795061e-01
1.647605423333356578e+00
1.069371303868037915e+00
1.510682971872171265e+00
1.814269197877881767e+00
1.149978357077065283e+01
2.015722505207060422e+00
3.074793215674004543e+00
1.057984227490953000e+00
1.549024213315197906e+00
3.020434890152896568e+00
4.328479431197472849e+01
1.517095765469571145e+00
3.191433352481924945e+00
1.381144996562044813e-01
3.471483243038179900e+00
1.041818096805185112e+00
4.951933592711898591e+00
1.184731574770537676e+01
3.775027341997391517e+01
4.247728036867970958e-01
1.608005853625137815e+00
1.622233143414500312e+00
3.936891269077015032e+00
2.752870899590142528e+00
8.947377064059498508e-01
1.053140023916178114e+00
1.189047684049034048e+00
2.584014455032147772e+00
2.924209971113922446e+00
5.623874318242636505e+00
7.543429453279821395e+00
1.096123608372092839e+01
1.132633241476050268e+00
1.120669279988261025e+01
6.360080654230495512e+00
1.397377508809640179e-01
1.119453728385059854e+00
3.926798006462959845e-01
1.604272676556970811e+00
3.884968675178550157e+00
1.171122149674646380e+02
1.424567637024407141e+00
3.609195486092404082e+01
9.689642331548757870e-01
4.811619510223244522e-01
1.462471159038385204e+00
5.450721796459822022e-01
8.961960352017993570e-01
1.479999591159371519e+00
3.723173150842681078e+00
1.456349494113626353e+00
1.215981037615786020e+00
1.293166692251276473e+01
3.244973203937939754e-01
2.856870052765302592e+00
5.961646496194082934e-01
4.462772579753355728e+00
2.252938790182836826e+00
8.053830014571612406e-01
1.857136115761005846e-01
2.507893075487091838e+00
4.699058801011743114e+00
2.600097118916171901e+00
1.045142006522298939e+00
1.697085521579074330e+00
9.878672948644503515e-01
5.397595317166591355e-01
2.590150190737109392e-01
3.155307161423654527e+00
1.498803015289741438e+02
1.096822420841623957e+00
2.351805074057388811e+00
1.706717564274213172e+00
8.558535042023005701e+01
1.293220664242399565e+00
5.745475367664764299e+00
2.377313259296689907e+00
1.612309584822219222e+01
6.055924755288565997e+00
5.706884385797069115e+01
2.610142192357133517e+00
1.842150300128343021e+00
1.574196677504645265e+02
6.734448455351296214e-01
9.420985677608645403e+01
1.616315206241749181e+00
3.456900218689893833e+00
1.408432501037735278e+02
4.660907591955046336e-01
1.471488149288721736e+00
7.165747060894788190e-01
7.030535869384073600e-01
2.529026035200403033e+00
5.827585537266525284e-01
5.237996889546233659e-01
1.457569550855523310e+00
1.038657263187571456e+00
1.524793573540943612e+02
2.164683820709355278e+00
8.607224823782834733e+01
1.303516608610095995e+00
8.948617541961420008e-01
1.081477357005252671e+01
7.744085239673247356e-01
1.633361792457903805e+00
1.659819240702309529e+01
1.982611280519596564e+00
4.518942288517926897e+00
5.689404555886046211e-01
7.557318805102585912e+00
5.035193563105497816e-01
1.189466268813287542e+00
1.612102289832483937e+00
2.208391712855499733e+00
2.811136427302925345e+00
1.606870492081981752e+02
1.547083626476209020e+02
1.301730529527447056e+00
1.708796526211259703e+01
1.239642580351097090e+00
4.003435892626229786e-01
2.151960944065560266e+00
3.961496105641076904e-01
3.375929350209031510e-01
2.028517629346187956e+00
2.605315310595896494e-01
3.801081800612959416e+00
1.439908288148414872e+00
2.721883465621107501e+00
8.707864739956492350e-01
1.827970752954968248e+00
2.104675298566881736e+00
2.731996973663524564e+00
2.547163823293667750e+00
5.501124943970371106e+00
1.177702558803023880e+00
1.565788127843904975e+00
1.255049184245428107e+00
1.185440478888228677e+00
8.246977745891045375e-01
8.147811299232399662e+00
2.361966273406728156e+00
2.121936217859062612e+00
1.027310822111589195e+00
3.659999157949822557e-01
1.885709300090137042e+00
1.491812132011172798e+00
1.421481439929302981e+00
1.844497315475613242e+00
1.677315505369990412e+00
3.586114084395462531e-01
7.949753903185405868e-01
6.964820509441135288e-01
4.821973066103264216e+01
1.933392857889493222e+00
9.134268944502801357e-01
4.271857246078571979e-01
1.215211824378772842e+00
1.555068427668155451e+00
2.517846329664542360e+00
2.151049925775601057e+00
8.556294997814366532e-01
1.407601613053210521e+00
3.326190881586141290e-01
5.010424016280596859e-01
9.499821269121879652e+01
2.753274749521605891e-01
5.066645741909247408e-02
1.132963264436480522e+01
2.007949852525793055e+00
1.020331738816808951e+02
1.157212481056453246e+00
1.476228935779350326e+00
2.431837121369347710e+00
5.816310963644799603e-01
9.140880502575410560e+01
5.026909637509107132e-01
2.239285747973874141e+00
2.691176602461758272e+00
5.655701947531607265e-01
2.137318570446090860e+00
4.374738607907080912e+00
8.522474012359145812e-01
8.653869435904571361e+00
2.929382774095412589e+00
3.512877200393881849e-01
2.078008988463196260e+00
1.319259703082501067e+00
6.990663467820711352e-01
1.724434467505606028e+00
2.064821977313781254e+00
2.586729367899566756e-01
6.529213839240303185e-01
1.760574371071503608e+00
7.815643129342392248e-02
3.631556251866704166e+00
2.357988828526679015e+00
3.321834901100181869e-01
2.057517957729120273e+00
6.456112994520208925e-01
1.308302673033240104e+00
1.670114647266807806e+00
2.024791696726136347e+00
9.582556593094423425e-01
1.037443168337367938e+00
1.166207163649661815e+00
1.496607070600787903e+00
1.692162750748625433e+00
3.306702219545758936e+00
1.175270170039072415e+00
8.583903016807279585e+01
1.983821483585790579e+00
4.675946929464392277e+00
2.013199532934610758e+01
2.280752775163301660e+00
2.170243521949167587e+00
3.276480399283139278e+00
8.680999427420973413e-01
3.833890246963191917e-01
9.152688489924718951e+00
1.864795876217290260e+00
1.507438933641838785e+00
6.479255971351545185e-01
2.680384565002968067e+00
3.221258930541115895e+00
7.496667806197472306e-01
1.514379472593593956e+00
3.210548495506571620e-01
1.161895633702886510e+00
2.176335616555950381e+01
1.415072851262165976e+00
5.935424456486908085e+00
1.087578425433020968e+00
1.509241856326651421e+00
1.720476855801929550e-01
1.212147554898542090e+00
4.048550922933995544e+00
1.328318996738218294e+00
6.993146678917556702e-01
8.940320856561324858e-02
1.057024856697648119e+00
2.235683169203850351e+00
1.024020167347261978e+00
1.225466685403287181e+00
7.602482840754143378e-01
3.741881248246214930e+00
1.043310580428919332e+00
1.959748016818837257e+00
6.479819578196683860e-01
1.360661188283899703e+00
1.470320208062382950e+00
1.071420263792145056e+00
3.925557070215396349e-01
1.530368102159956667e+00
4.652090284805133757e-01
1.028094729272819308e+01
4.433513640082344387e-01
1.842429542196325265e+00
6.147220032202582729e-01
3.373638759255352948e+00
1.679371638573018855e+00
1.366283759053434022e+00
2.221466288546939394e-01
1.084673545745082901e+00
1.174998824128679287e+00
3.586483292948760226e+00
3.038907298211376284e-01
9.752197445755457217e-01
1.194939745682397580e+00
5.083390051411041943e-01
1.829723766556798470e+00
2.771089575830946172e-01
3.110401792760491446e+00
1.688577811732661749e+00
6.196770777771875238e+00
7.039484268410496348e-01
7.896271370445762106e-01
1.689752286797244762e-01
1.242241870913380897e+00
8.595357013535794843e-01
1.594931389156652779e+00
9.758841959023286661e-01
8.263806439066839760e-01
8.420407590320352353e-01
1.106002990366568906e+00
8.644455952059596493e-01
3.554059037978035129e-01
5.775520430343515699e+00
6.955413727013906033e-01
1.160723151566010358e+00
3.209329532105479554e+00
1.129400212801360270e+00
9.710931931840659503e-01
5.668177277775967582e-01
3.407048574180665534e-01
7.884337996394478187e-01
7.166919257576276348e-01
2.745711553346656508e+00
3.964462540022974046e+00
2.035000452226118473e+00
2.216623179769376506e+00
1.908068842415510780e+00
3.847311292240802594e+00
1.007524423033199445e+00
1.679132362353191521e+00
9.340584455648913709e-01
3.616199441050599095e+00
6.722146357726170862e-01
8.836251819121593298e-01
2.822707112447730982e+00
2.237539987399044694e+00
7.383222388507348910e-01
3.508601073159537953e-01
3.395777704443998513e+00
2.947450324418711132e-01
1.284979222013954869e+00
7.872659018312399004e-01
4.294522242759844843e+00
8.953303949040044563e-01
4.584303536390301304e+00
2.826374049574678637e-01
4.672043351822297907e+00
7.588663085859808088e-01
1.088115513718569405e+00
4.456585450378065527e-01
1.723801765355411186e+00
2.866677045068255048e+00
6.347161610796765441e-01
1.168791138509050809e+00
7.499365450419643864e-01
6.341090293591794769e+00
2.342951932684216865e-01
1.803920654751859587e+00
7.181036026405374528e+00
1.775523055902018754e+00
7.818318056391864168e-01
7.836625767564158185e-01
2.108288851977244249e+00
1.973832027574834669e+00
5.200439409377274336e-01
6.310824151172422791e-01
7.271261322970837826e-01
1.345719393126442176e-01
1.984920281200359016e+00
1.752905250846950258e+00
4.935593710895823105e-01
5.011490604547812477e-01
5.807197699207700126e-01
1.622693608267079535e+00
1.882554699190761571e-01
1.288276148546994904e+00
1.174212616412289689e+00
1.201841212394280989e+00
3.114330164498156250e+00
5.046025828369957722e-01
1.171596406479504582e+00
3.590547299156868988e+00
5.222258399216549440e-01
4.007350089356590539e-01
1.962165492243719556e-01
5.440581505147842334e-01
2.557019300017576935e+00
4.666072959847766266e-01
1.547537250363446137e+00
1.467954004733329043e+00
5.026903671961635567e-01
1.385108299038484869e+00
8.458287566421334169e-01
9.679906382456431313e-01
6.934812955722852168e-01
6.946443803773496573e-01
7.562814575630234515e-01
4.926776689850358437e-01
5.281037050566348867e+00
1.225310811554528145e+00
4.199804573512453842e+00
1.246458530694748879e+00
4.581591067970673392e-01
2.527257159505857054e+00
2.032910529052933679e-01
7.514686972480615346e-01
3.581621890607145087e-01
8.367919286640786991e-01
5.537051526596037387e-01
2.877972549749719278e+00
4.157708637263991536e-01
9.369835606106826642e-01
3.985680815041837466e+00
1.028643716483622184e+00
3.806518293494280947e+00
7.181166691561970961e-01
1.474756286251271087e+00
5.732568248959553081e-01
8.356833302099320182e-01
7.352743863605696317e-01
1.175557633465773355e+00
6.815527390828195475e-01
1.718682945616671010e+00
9.689764534384025518e-01
7.399951038820682392e-01
1.097505749684741350e+00
5.365297223983735542e+00
9.599973707814769552e-01
2.372541479476840465e+00
1.198079410164199166e+00
1.135543490541961464e+00
2.330122154655654754e+00
6.355226491731593708e-01
1.922060137988830519e-01
4.156591676800745483e-01
1.611813654618407532e-01
1.022756389138813393e+00
3.407031810087013390e+00
2.439422850334992177e+00
1.310773646202471721e+00
1.038740629704578033e+00
2.998192476441570720e-01
8.299401133508104156e-01
6.392623986724912388e-01
2.362194060545778629e-01
1.774305819292935071e+00
4.811694926171303233e-01
2.568684695488113179e-01
5.833677566110747392e+00
2.352862685358088068e+00
7.327784369151784105e-01
6.000143638140071900e-01
3.494411531017794226e-01
2.476425521177722799e-01
9.954183035616869235e-01
6.831036165682941030e-01
4.647379117697084672e-01
1.202356529652687023e+00
2.155956807740287751e+00
1.872891779148075919e+00
1.507118608615756639e+00
2.404321152117113947e+00
3.150635097514800087e-01
2.792797459461171083e+00
1.750152200571975403e+00
4.112351876819142049e+00
6.808521971123733252e-01
1.475936541634728538e+00
4.033801128990093687e+00
7.033220601803437111e-01
1.133097718267254805e+00
8.959958962768734825e-01
3.868359291471097805e+00
4.188375585590723427e-01
7.599289743826196375e-01
5.793383807936346441e-01
1.271504937915199029e+00
1.126543850835366900e+00
7.214047490819703867e-01
4.115374432514429803e-01
4.567556354525371454e+00
1.672062837542153346e+00
4.654388800946487770e+00
4.420196772980817812e+00
1.578204202397021749e+00
2.072645908793679936e+00
1.374408509283677526e+00
3.858110654586608401e-01
6.419909922125400792e-01
1.661347552913271075e+00
7.690571199696117910e-01
4.290816325485138916e-01
3.221242387948752839e-01
4.340178478427477726e-01
1.825347683834141366e+00
1.039407600670213094e+00
1.357602275204225162e+00
4.921343666422545726e-01
2.159671827381030695e+00
5.295945270009799088e+00
1.215079869232993159e+00
1.732999691824711475e+00
6.871056971777055322e-01
2.076657213580745953e+00
8.797575890664283138e-01
1.765408672876643159e+00
5.998989761088713735e+00
1.642573519552809280e+00
1.451637552601370285e+00
4.060687623243152800e+00
1.393677934964258736e+00
4.712774466679068297e+00
8.859729252695476287e-01
9.073890107977090613e-01
1.120294698349486584e+00
1.762734297492136726e+00
3.675695201601334006e+00
1.999638355762938025e+00
1.153781250164659378e+00
3.021467098096489057e+00
3.247776759490066389e+00
4.621466610916519224e-01
1.384819561418871192e+00
1.596392585913113171e+00
2.595655517400533019e-01
4.238062774696174984e+00
1.559274442870604682e+00
7.914781672503107268e-01
2.184745605008087566e+00
1.238920652800307831e+00
2.797920258001382887e+00
7.062917375795199071e-01
9.735462931926811558e-01
1.395465300064041791e+00
2.324595452832030507e+00
3.495111209451316370e+00
2.448212256087176186e+00
5.199371137640399487e-01
1.703451184343844460e+00
2.276520046297307864e+00
3.706705179559374841e+00
2.093691296332266916e+00
1.360832519443700983e+00
1.730804519404770536e-01
1.329384993094466338e+00
8.899535592887243274e-01
7.615737676338239837e+00
1.196071411500121862e+00
3.777149489594486820e-01
1.082413840956143014e+00
1.397292208516415002e+01
3.691026820618171111e+00
3.917410288882277936e+00
8.902281705600618711e-01
1.263053540022265331e+00
2.031749268960417965e+00
6.601561030029700072e-01
1.931192766441876651e+00
2.528308788616308700e+00
1.896010112358785360e+00
3.063816795542513294e+00
1.682525217063468359e+00
4.111504256726895790e+00
2.056563503063426890e-01
3.597332957855615909e+00
8.121761787948084121e-01
7.626690089779710746e-01
4.813423200427373039e-01
2.948290104568772385e+00
1.307735946455888421e+00
1.586440320769680223e+00
6.594179290655878267e-01
1.409447858569725209e+00
6.320601044144302794e-01
1.153319925532689005e+01
1.849174812747704122e+00
1.046276273806577617e+00
9.663522645084933194e-01
3.469870770365893975e+00
1.459540639380209948e+00
1.030386860131619731e+00
1.102735240583519571e+00
1.714768134791602838e+00
1.782168371159056131e+00
4.951759977763681708e-01
4.465394615210999341e+00
3.386885711783654274e-01
1.982944603536942241e+00
4.811613003859888771e+00
7.132603523096234799e-01
2.148021480515772019e+00
7.547281183815658379e-01
1.652578367488198419e+00
1.474296726236954846e+00
8.280182102165988267e-01
1.872445240423242563e+00
1.681487528965505129e+00
8.000201430647246870e-01
1.209776561002790851e+00
2.696930294112515725e+00
7.057242846589913965e-01
3.516418627903550309e+00
9.483818034423473486e-01
4.941997454831040248e-01
2.700152531973871728e+00
2.633105286254871391e+00
2.061266776175444182e+00
8.840020051533475920e-01
2.184766889321859917e+00
2.434929988053085470e+00
2.992789303831545067e-01
1.349064564475434436e+00
1.014798324597277368e+00
3.180895518046618076e+00
2.390026555438040212e+00
1.096055865664930629e+00
1.964435378809303856e+00
2.818239411373194336e+00
9.236476592051969803e-01
7.364072081170007777e+00
1.067753986603615646e+00
3.039670691182206896e-01
5.286703709690157460e+00
3.986307750306709030e-01
2.267653481096393975e+00
1.112129106237748077e+00
5.675954539055205750e-01
2.900594201363958735e+00
1.170817403716925220e+00
2.366955045193875229e+00
1.229427075148004089e+00
2.410030974280720439e+00
2.825929630373157586e+00
8.516023153195290130e-01
3.135939414760619215e+00
9.510147549417056201e-01
7.430366624480635451e-01
7.036963079537466470e+00
4.200762662820492821e+00
1.142845008530205320e+00
3.737316185639486310e+00
2.191115883218103022e+00
2.267055600021230077e+00
1.157612813301356569e+00
1.856697972573519317e+00
2.374673776737805220e+00
2.086917378436815795e+00
1.795662000633919453e+00
8.634687220846188893e-01
1.707612556441598262e+00
3.031755468057966141e+00
3.738032515924726296e-01
3.345592190421784906e+00
3.603000374966254249e+00
4.745896188227225032e+00
8.832393350038525881e+00
7.659178689346861191e+00
1.192484831837510306e+00
9.099860307151413252e+00
2.115308181634071971e+00
1.372502202742493127e+00
5.020496945570401159e+00
1.758422894204530351e+00
3.539972829465632298e+00
3.458518512668469214e+00
5.240311479430650454e-01
1.935777914278688616e+00
3.456453324538883987e+00
8.708154219257234985e+00
1.007891986982043742e+00
1.512640420352109549e+00
1.060076213207308937e+00
1.051615534932994755e+00
4.797412617285122804e-01
1.885154783321830729e+00
5.536943203520811707e+00
9.030526295247721658e-01
2.547881364424049000e+00
8.040924359701765445e-01
9.844030438719800769e-01
2.863905820823076542e+00
1.355731336242345542e+00
1.418712010569546988e+00
1.889571237444409801e+00
7.171756582904206256e-01
3.324942299221183895e+00
1.470363494849719732e+00
2.143372601990455539e+00
2.819403894596633986e+00
1.118590768252432754e+00
1.805641970415776454e+00
3.278050027078831974e+00
1.913069918816998838e+00
1.089813118507423129e+00
1.054508939265110357e+00
3.994428825999202792e-01
4.657205397440087880e-01
1.007229833449523104e+00
2.877920384777705287e+00
2.503707421333941863e+00
1.355235988662659929e+00
4.405573334964212329e+00
8.033343916784771999e-01
3.804457028938239560e+00
2.353723606765703913e+00
4.405081083424913224e+00
3.027749598379648965e+00
8.360510888733428958e-01
7.798951427976721362e-01
6.919007765091383932e-01
1.462477062369885505e+00
9.609891352694033273e-01
8.455891087512660276e-01
3.167202217277302001e+00
6.001864511073173869e-01
4.172073543345309332e+00
1.604553246631637231e+00
1.579363170617157142e+00
1.600958869429881304e+00
6.920267258944937661e-01
2.500793070623025915e+00
4.929891783729332566e+00
1.134309022924010701e+00
2.202059004382105556e+00
7.946927472196975151e-01
1.257468116476637476e+00
2.035485534223954840e+00
5.323853343418124551e-01
1.043717337666654865e+00
1.608794154999668491e+00
8.760321705867831765e-01
1.408324920668577951e+00
1.802768366439462477e+00
2.470447560848896273e+00
1.292229435120816561e+00
8.940567595944488577e-01
1.194231133718199223e+00
1.613729847557454411e+00
1.315850547028943662e+00
1.150082108411226489e+00
9.044021073420497325e-01
3.159649451899190442e+00
1.370176429802422602e+00
6.927100051067932585e-01
5.861874486541126528e-01
4.063137811954204537e+00
1.920486774718615619e+00
7.587434571051612231e-01
1.276077951025933244e+00
1.105625088056820138e+00
1.420269324173992986e+00
2.291194104404503662e+00
1.774670348279683008e-01
5.556194455178875558e-01
6.665292208452593403e-01
1.503918593379104429e+01
1.220468928993479141e+00
3.296336682291670428e+00
2.909594960626086024e+00
1.331311931222875611e+00
1.738046349621600539e+00
2.371457851386662430e+00
6.955338858414785719e-01
1.659903438495580419e+00
1.477790571803150099e+00
7.497711586106564630e-01
6.358635571315415902e+00
5.255413690996130205e-01
9.319345133789448399e-01
2.712089251988315297e+00
7.797541099882403515e-01
7.103170044789556492e+00
9.511439624976170126e-01
4.286679883940457181e+00
4.482936338767922635e+00
1.575611789363874582e+00
4.262830082414991395e+00
1.625100090375614537e+00
4.724408567530086422e+00
3.208523606550877538e+00
2.025983235568630914e+00
1.785432248850910675e+00
2.198777346408109512e+00
8.640926096739390827e-01
2.758430941773299505e+00
2.468429752878104733e+00
5.348232508613271818e+00
7.799540843574631843e+00
3.035134572172872858e-01
6.270488516549856950e-01
2.125782805152199195e+00
7.658329754920829568e-01
8.591892439276719307e-01
8.661519981660645850e-01
3.788631507209027083e-01
3.153064342171555956e-01
1.051682768028058712e+00
1.212041200640187943e+00
3.598486407428181710e+00
2.507083507651572507e+00
1.185689286959239475e+00
8.956600827165162038e-01
1.580791261986299823e+00
5.139463491397386008e+00
1.195117109081303974e+00
8.206579925230831352e-01
2.702869200593352339e+00
3.684710014330959127e-01
2.588126323578444854e+00
5.805982471329430572e-01
1.565631436087168593e+00
1.656021789308406156e+00
3.137488599453656324e+00
1.533351705203185755e+00
2.059910702805201943e+00
3.281496605969367764e+00
6.128453304029582993e-01
2.305318874835226017e-01
6.448388353502195747e-01
1.460834644600393029e+00
1.731199799606108591e+00
2.293552207155487910e+00
1.612294844677471806e-01
5.606019726753033172e-01
1.495608632174485475e+00
4.781133170544918931e-01
1.271304595691836514e+00
2.560823071709625864e-01
8.754100138134174314e-01
1.213691118462515872e+00
1.550954707292061752e+00
2.009208955049155421e+00
3.998925522194221593e-01
5.903480742138236259e+00
5.649619243100907351e-01
3.713970028891851349e+00
7.568435263582126149e-01
1.646897659498580024e+00
6.153850922954796632e-01
3.536431012916546601e-01
9.680990188244498196e-01
3.962507368402441887e+00
3.010519534268049302e+00
2.619621978903534654e+00
5.460463507307704578e-01
8.711609157964126382e-01
1.471021824082269891e+00
5.869122771759833768e-01
1.486373811396807687e+00
1.488418054193347828e+00
7.171218090600922856e+00
2.113934103676324838e+00
3.740568991135487575e+00
2.355295486385825043e+01
5.023557165084418408e+00
3.162748009200793131e+00
3.204407622187950722e+00
1.664462819649484393e+00
1.909273104430535106e+00
1.598147557305557853e-01
1.669130435618022767e+00
1.269634731832344432e+00
1.135255271378523556e+00
7.441140093597529148e-01
5.352977730943286883e-01
6.618031046056606082e-01
2.193274021742216695e-01
9.031190015207182231e-01
4.241851523740733376e-01
1.008437821406843016e+00
4.230916586295061066e+00
9.832057926222349531e-01
2.133061403707825932e+00
9.004134412542316168e-01
6.833443007399412350e-01
1.668766634626013934e+00
6.813188229942562790e-01
8.676415520038579521e-01
9.804620079093453455e-01
1.673119385073813747e+00
3.959282863937516606e+00
4.926581033087739647e-01
3.028960350228473430e+00
9.219931259237904575e-01
3.340132486484900243e-01
1.166562898283309391e+00
5.554636605726845922e-01
3.904143585137405115e-01
1.865486446432506273e+00
9.666634471258368499e-01
4.130579368115425143e-01
5.706697205137439832e-01
6.352976982503243386e-01
7.136447639010810029e-01
7.374262472562284065e-01
4.211965206304628673e-01
1.793337657407926145e+02
2.323703237831188595e+00
5.658003676253186010e-01
2.573457234248522685e+00
4.030787917258681907e-01
1.341631599257588014e+00
1.520032038221280857e+00
4.178201877836314471e-01
5.051672620924664514e+00
4.869253183211937341e-01
1.333082044605506056e+00
2.559888268563739189e-01
7.542742179508069578e-01
1.228493718404129131e+00
9.419602336503647422e-01
1.861936159066897023e+00
1.684045206019109786e+00
1.939244498217252533e+00
4.100276187246467696e-01
7.796205860889230399e-01
2.963528625153906582e+00
2.465786293544873498e-01
2.587859237227698728e-01
1.189349256410674238e+00
1.471372554726367854e+00
4.504546841970319626e+00
1.027814641097310133e+00
3.926789541020048180e+00
1.076432675073158984e+00
3.087676587154384755e+00
4.672593631968477546e+00
1.226179153690850843e+00
3.505035528616014417e+00
1.195608094795041820e+00
1.399890996864589621e+00
3.148792376723055231e+00
1.206239821966107906e+00
4.418524202326907235e-01
4.411442941162089681e+00
1.907335644001256325e+00
1.028993328431552001e+00
7.322508159563532182e+00
1.601866606366266765e+01
2.339507363747024282e+00
7.373769115987957035e-01
1.962056281422391635e+00
2.612739479153007416e+00
2.488046559667692337e-01
9.781016192379650143e-01
7.524127490098568849e-01
1.821780108973799051e+00
8.785414990334324825e-01
1.448012440845872106e+00
2.366289829059220917e+00
1.695078283676581199e+00
2.320984320931218647e+00
4.636676781230084643e-01
4.966152069185675089e+00
1.088654439725421641e+00
8.758855971713082056e-01
1.200474580633486221e+00
1.828441442405002837e+00
1.237392446702807014e+00
1.288903096275559435e+00
3.688480108797663082e+00
9.390732256394983546e-01
1.197378543655815086e+00
1.267330534258394437e+01
6.272928862049967913e-01
8.759815313835122019e-01
1.776835072141326632e+00
7.430010957292135787e-01
1.361535939088719394e+00
8.373684908961682716e-01
5.390767323465239791e-02
9.792776405926801431e+00
4.756182340071394288e-01
8.879462065051324515e-01
9.691186997254034097e+00
4.588597146685527428e-01
9.140531350348805040e-01
6.944925510876676089e-01
2.022074645650978830e+00
4.263910723746119347e-01
7.690828699667513035e+00
2.196769264659182708e-01
4.531005046861886210e-01
1.149146008144560804e+00
9.095424229364369451e-01
1.371888554677893390e+00
2.374934830443109490e-01
1.716027551236815940e+00
1.399841977558362816e+00
1.842237541982496118e+00
6.520832535758174231e-01
3.790773548412806004e+00
2.383479580113593566e-01
1.033582217857852426e+00
1.216296371538237109e+00
1.762033598108126708e-01
5.735264577161541810e-01
6.459877119259286316e-01
6.330827912356274290e+00
3.485055245506905042e-01
1.500842913775060516e+00
5.319263868838756126e-01
7.076146930744922514e+00
1.151324332019312280e+00
1.420381752591760860e-01
5.100203800835275025e+00
2.615597185139145076e+00
1.268816949533912553e+00
7.425349605483529958e-01
1.025912024696315816e+00
1.788771787774596111e+00
8.199127009019905321e-01
4.769598711198480778e+00
4.168587363240279231e+00
1.933071439782608980e+00
5.436316322826885150e-01
1.732939668660834209e-01
4.905579638317030255e-01
1.441462865228797519e+00
7.163746691794444788e-01
1.128213005182550743e+00
7.857025516206334048e-01
9.283161986409675936e-01
2.382569098819019793e+00
3.072293944471598870e+00
7.222154339505371112e+00
2.591050380108718354e+00
1.662856134943001329e+00
7.108446290123524580e-01
5.471298414777662211e-01
1.165760094591842932e+00
3.261397155069377662e-01
5.861845930663634796e+00
5.853211386650541970e-01
2.753493743528249160e-01
1.246729319593408158e+00
4.734029924792468313e-01
2.018812140533455146e+00
1.884861423124663871e+00
1.326142356769624886e+00
6.660931207573260737e-01
9.069524523246057512e-01
3.544422349287945639e-01
1.436465466449793338e+00
8.710925547508512334e-01
6.725238899135566051e+00
3.327111359728023743e+00
4.278300370415967779e-01
2.972459239336434078e-01
1.131015805578459599e+01
4.270191195899213921e-01
8.342346128666739968e-01
3.093073070633019506e-01
1.702185240062278337e+00
2.353001947498688240e-01
2.912556340036268065e-01
3.330520593963105291e+00
8.737477645514172053e+00
2.839766355437238765e+00
7.996281723440252787e-01
1.926075982923363350e+00
3.021105929623846276e+00
2.589686067785379464e-01
8.142644772478802029e-01
3.629076317362312842e+00
2.372247270963357302e+00
2.972692994586187076e+00
9.658760458161408380e-01
3.121280148865059001e+00
2.487627450726084544e-01
3.525238435196845987e+00
3.385576180844959815e+00
2.520043796316625784e+00
1.260450682086447394e+00
1.299730931392512279e+00
6.703524288054072411e-01
4.109982978610093318e-01
1.512479717373467869e+00
7.260367749159578610e-01
3.470015665061338073e+00
3.416302448840105921e+00
1.188149157075620410e+00
2.626329540161155052e+00
4.427098790392783867e-01
1.231244902433908495e+00
8.813436944632956349e-01
7.802129235736867674e-01
3.139285510669651558e+00
3.223806490189305762e+00
2.292900550075546828e+00
1.012436084216003174e+00
2.506291609173216361e+00
1.310016688419503339e+01
5.922137456634031238e-01
3.200044924297705595e+00
2.226049361059072140e+01
2.764389500526746257e+00
4.871065802157831248e-01
1.057290746964477446e+00
3.353181658552456312e+00
1.217577412642487866e+00
8.167204757246132374e+00
1.982492039204400092e+00
6.804898815909078413e-01
1.956414622058660235e+00
5.505582665581692403e+00
5.401054333003194152e+00
1.917149640176433678e+01
1.352311648224719720e+00
1.125684631623464771e+00
5.771309794839128982e-01
8.739182531176146185e-01
3.460157993556919331e-01
3.544790867256276901e+00
3.513400317303457587e+00
1.631454065490638872e+00
4.384913263235487690e+00
6.609912609105228487e-01
1.113818427647240128e+01
7.320394857875582417e+00
8.101895021567382393e-01
1.244784789256962121e+00
2.715405215638763359e+00
2.215244494600440817e+00
1.616479223755958206e+00
6.038896700085825131e-01
4.450207258736378790e+00
2.956913805942206963e+01
1.670585364810151630e+00
4.361455910012044690e+00
1.541687228005133026e+00
1.671686934370983035e+00
5.071029329823280918e+00
2.756126035568390975e+00
5.254848896442405604e-01
9.732515065573711377e-01
8.263497032138359399e-01
1.071312007297474223e+00
1.740322056057206801e+00
2.125578946364969912e+00
4.084372218836138657e+00
3.894542493886229972e-01
3.371800544240850961e+00
4.432147019597028503e+00
7.106099185991911149e+00
6.778752967480889957e-01
4.621530270913924432e-01
1.890964994765576890e+00
1.371977022390898471e+00
9.025762597274075150e-01
3.724567577550578878e+00
4.254042289257942144e-01
2.325296171658296274e+00
1.268793631891783846e+00
4.054636427577898439e-01
1.491438433515197337e+00
2.588921943759860511e+00
3.941404872061598508e-01
3.065651002400309189e+00
6.372725843086722852e-01
1.556833591801995764e+00
1.166908134252903517e+00
4.374046847206347066e-01
3.932761071450841528e-01
9.064800639247618363e+00
1.328423719716388174e+00
7.519365709016799793e-01
1.159269937583859988e+00
5.061511462021574204e+00
1.561341643042809091e+00
1.745343021148584084e+00
1.158064759778171693e+00
5.489470648525999863e+00
2.028697596759775568e+00
4.695028580422748732e-01
5.153146914083988062e-01
8.562010542448518224e-01
1.111654075953295795e+00
1.267314890603648081e+01
1.983024453266601927e+00
1.900492794823213094e+00
9.512877286874564797e-01
1.405723831205548002e+00
2.479071306703146682e+00
1.181012374305608681e+00
2.438332998435267296e+00
7.092910791270389259e-01
1.657056993755774865e+00
3.737354937949223466e+00
2.136370168741226649e+00
1.162378570122502008e+00
8.462909603788150159e-01
1.159770655471446865e+00
5.028668254284133887e+00
5.037445817407270043e-01
2.727638871145261490e-01
2.499025751300436138e+00
3.061559476575884675e-01
1.867439185619973685e+00
3.362237904246283104e+00
1.075294420749254520e+00
7.942661770812383892e+00
3.343690080592447877e+00
1.142580588061270941e+00
8.991982175773590713e-01
3.445315453561743624e-01
1.647402481146842845e+00
2.424426727106467450e+00
5.192358698435962872e+00
3.181570585144009033e+00
4.391602458855058955e-01
2.523042306672389046e+00
1.276434263580244810e+00
6.802061121053539772e-01
1.447230590557688767e+00
2.380101120266694958e-01
3.421832317177416094e+00
1.331633325961455228e+00
1.769604242569905894e+00
1.965916222661145296e+00
1.736243429031949503e+00
2.454304213793472300e+00
4.563265422071576261e+00
4.836832088923258333e+00
2.836446169818560126e+00
1.825300380744235174e+00
2.531654828218463660e+00
2.390637896963632991e-01
3.454371439992731663e+00
1.039456625273910140e+00
5.390917791405234194e-01
1.012795290092276312e+00
1.089876646267788018e+00
1.908559785541039666e+00
4.794707196136247518e+00
6.515491631537488892e-01
2.295648718557939283e+00
3.885125107407324307e+00
1.798046906253453017e+02
8.238812898975268473e-01
2.670806298934966239e-01
1.465724353844804817e+00
2.705738616512570971e+00
5.673389821857681703e-01
3.847234652437469205e+00
2.369171968050963084e+00
1.369618241578745232e+00
3.005194871092215614e+00
3.181513903471728244e-01
1.007690663077757121e+00
2.230684300476446946e+00
3.220219876438970452e+00
2.491408104836344339e+00
2.525508010149665861e+00
2.076391844548244325e+00
6.943787931860255114e+00
4.872902362954572575e-01
1.383261182733621641e+00
3.588640910732238343e+00
1.299298169373213074e+00
3.525987597253396055e-01
1.178162469713908811e+00
1.482186815135204672e-01
1.242415115257137881e+00
1.674112165307956590e-01
8.197069441544507784e-02
1.380492457715206456e+00
2.318314984669035184e+00
2.358963244923993341e-01
1.710343113682954996e+00
2.385764521549478712e+00
1.556444594247714974e+00
1.470654870825253147e-01
5.210018600769594777e-01
9.303863353782324097e+00
7.404518518134751703e-01
1.824516308806362730e+00
4.004446914986080075e-01
5.324908689657045002e+00
1.661959570670924480e+00
1.265272332601552918e+00
3.704485517907725178e+00
1.522653844894983566e+00
7.004784153395978707e-01
1.848126970179829742e-01
1.613361280451038882e-01
2.794878461726843510e-01
9.180521862751362949e-01
2.452962560738348952e+00
4.002955749086866688e-01
1.414326213966603796e-01
2.674317004789856789e+00
5.046013134163926939e-01
8.710950257829980226e-01
5.420966545732306408e-01
6.471130412688178568e-01
3.226614910213153609e-01
6.158121865373833437e-01
1.595170069029957283e+00
2.270898604065646753e-01
7.165442762578198010e-01
1.813648024861121977e+00
1.173458183234769026e+00
2.342932149000936937e-01
3.027708557623082886e+00
3.282455417868792025e-01
3.880325839528815823e+00
8.814527292367354550e-01
8.991067816235918109e-01
1.663425620119572401e-01
3.791725698125979482e-01
1.786765964070404209e+02
1.066204284909708089e-01
1.396033769638131083e+00
1.218437978471742511e+00
1.326243639095391780e+00
3.400973141936198263e-01
4.844778493019858412e-01
1.184874711876766407e+00
3.068166361389416674e-01
8.523379044682573014e-01
3.053316991446219375e-01
3.612204701072471713e-01
6.728573134746914652e-01
1.662782777436429882e+00
9.528395670961488095e-01
3.188783773208904715e-01
2.006160759936042037e+00
4.066659206609159583e+00
3.198815585995423150e-01
2.794902082212057159e+00
7.353781985663665477e-01
1.344218559712891059e+00
7.058672753988224358e+00
5.205043854451180119e-01
2.225441954701359037e+01
4.545958839319409472e-01
2.796333113702536455e+00
7.056348537826654388e-01
2.185900416541955593e+01
2.189473964045626220e-01
3.557937271999235929e+00
3.501920764712554424e-01
7.206305973890853700e+00
9.068080250418068811e-02
1.066652403909415625e+00
3.062392464623934774e-01
4.326045040641553485e-01
6.830993052168208290e-01
3.827994873148072852e-01
8.064593200179521748e-01
5.063743661007337193e-01
1.680048026726669086e+00
1.120058839049285493e-01
4.076287167439724413e-01
1.140256649293285385e+01
4.665760634525084050e-01
3.921966318203437663e+00
3.851600850818237998e+00
3.756676508772372358e+00
8.282264596236993404e-01
6.585787987768866314e-01
2.908662457014108682e+01
1.865817955801784667e+00
1.548147108193269172e+00
2.585529219088497310e+00
2.184417685180349622e+00
2.043992534138517669e+01
1.192106326773911151e+00
7.476025759090971334e+00
1.861720693227244539e+00
1.013879878236998655e+00
3.197414581591216987e+01
4.054636824618188529e-01
1.720725173114761697e+00
1.503783702088128393e+00
1.213279488480750512e+00
4.172196430683346335e+00
4.655149789034600971e+00
7.702866210901213151e+00
2.649538196944484891e+00
7.384321658508372366e+01
1.069032800515431703e+01
2.873573065496030310e+00
1.500204122959252206e+00
5.756375833226659466e+00
6.805411693912009063e-01
3.148158774536425231e+00
2.019798088028907923e+00
8.452674087856608676e-01
6.195784704364283080e+00
2.138187613720660796e+00
7.133995266740583707e-02
1.041775181317078802e+00
4.493471934347191832e-01
1.099695416340318088e+00
9.206495653214423758e-01
2.364439977320110575e+00
4.628626511918462194e-01
5.202607867698682220e+00
8.594337163707924665e-01
2.565066625271926082e+00
2.115376867614131573e+00
1.717802539871148948e+00
1.018179988240782929e+00
1.815489753125713701e+00
4.394182972476536442e+00
4.774099334251553195e+00
1.606819570887706883e+00
2.372627519945800678e+00
8.090836889586942249e+00
9.149042739355811582e-01
4.129287534751492572e+00
4.792355488782616746e+00
6.273776065881671471e+00
1.041225919333705896e+00
2.797143429676410609e+00
1.585442559170292087e+00
9.060537240552412053e-01
3.672368344670416951e-01
1.881767949406373486e+00
2.842791596904842955e+00
1.157421358352070495e+00
5.540833793246088268e-01
2.721449895977018585e+00
1.677143790605208684e+00
1.218922909996596582e+00
3.794751398657217334e-01
3.900497880753636348e+00
3.103100437677708268e-01
1.006535114265596498e+00
4.946432148025294850e-01
2.869148337376287161e-01
3.668826278264315732e+00
2.366632975299421293e+00
9.058715034443540759e+00
8.821346078097699106e+00
4.936639659490217014e+01
5.890472816828631153e+01
7.160163825588123920e+00
2.380612222961998370e+00
2.625142239528465815e+00
2.474397660218511064e+01
4.790624073795951787e+00
5.889742905484609548e-01
4.811808987665952664e+00
4.834085809591817551e+00
1.191966707951104931e+00
1.485358859418478161e+01
2.599906646152467360e+00
5.447251915670144662e+00
4.980605896000297683e+00
5.053051848979668303e-01
2.430870055257144280e+00
1.050387898324392832e+00
6.426864157802238076e+00
4.497871941581278676e+00
2.782694643088094111e+00
3.374529968604709662e+00
8.583238036527959247e-01
3.289788204447174902e-01
2.156830700925614241e+00
6.703008783288008088e-01
8.124641076198682033e-01
5.298208776824038679e+00
4.507461267522813841e+00
8.459885126962793933e-01
3.378712798411297236e+00
1.323689749920359482e+00
1.426349331279389343e+00
6.256249323111358063e-01
8.764669243239082697e-01
1.667352499303447200e+00
1.832153008207333178e+00
7.395692022577109448e-01
7.266272796772649256e-01
1.607723248088250401e+00
2.727952231343417355e-01
8.329338927872669274e-01
3.622931799147356413e-01
7.408807190401016651e-01
5.283901632633305340e-02
1.069508465234032757e+00
8.489222416521789993e-01
4.961433490536127366e-01
4.774451844641305343e+00
4.293263602086493935e-01
7.843402769510530170e-01
4.122370919631062613e-01
1.640749504197907882e+00
1.161703450933715631e+00
9.215448041843620208e-01
2.024485995356683221e-01
1.498088690864933570e+00
2.803763169167587388e-01
6.032143965059358903e-01
3.069867779577388767e+00
5.417196227451901436e-01
4.521778952201771506e-01
8.537242890991981747e-01
8.723139364748984104e-01
1.039818482372092179e+00
9.198159830933853032e-01
1.508809262427408260e-01
5.449079867558690449e-01
9.266309724922392466e-01
5.809015567354982590e-01
1.123035958712897964e+00
6.988833600971768867e-01
4.424713775058220500e-01
4.665108208032721082e-01
8.219112785534278265e-01
8.264122860211398081e-01
1.220802921053289047e+01
7.810050019320514680e-01
6.625433614217265399e-01
2.188737984277721871e-01
1.073141658475310178e+00
1.356690298834512864e+00
1.408401183100230325e+00
3.281078438414551712e+00
9.349878475848061310e-01
3.069471065509876695e+00
8.690982360991257316e-01
9.614677631502668298e-01
6.163758787595401412e-01
1.232640262185270119e+00
4.088324539015938952e-01
1.118446863421115767e+00
2.074681061635693879e+00
1.929076310232791469e+00
7.658136701669002733e-01
2.288259399985255182e+00
8.314537690019681015e-01
1.791744271700279398e+02
4.292947489751495205e+00
6.339631713059740825e+00
1.552162780039687107e+00
7.220477584366288282e-01
6.586979204499514573e-01
9.080985435475458223e-01
5.110930037360033928e+00
7.472342377859462204e-01
3.958574349777416734e-01
1.409501556534465738e+00
8.399115467066312846e+00
3.969119366158470052e-01
2.070734577527459042e+00
5.889004552524738756e+00
6.001733685465443502e-01
1.184271907823348347e+00
2.309048559096649189e+00
6.115703527651645821e-01
8.925502836909038340e-01
8.866377973864989492e-01
1.101315918174542885e+00
4.419145439362587857e-01
8.282767603274309165e-01
1.375972133392145746e+00
3.141206119328630031e-01
6.319417913370215523e-01
3.202748949192354200e+00
1.421320652320518407e+00
7.460040850336810969e-01
4.953462087571495864e+00
1.409858643093875985e+00
1.985133346705496571e+00
8.224191825710813752e-01
1.201069578405629334e+00
1.739525998225744052e+00
3.692425239124415004e+00
1.618843574753249470e+00
1.060299713138138866e+00
4.750215841491240099e+00
3.442531298833650388e-01
1.983974497485902377e+00
1.265466888450148542e+00
5.342292902330604276e-01
1.275630670589054105e+00
4.353988547873071546e+00
2.284772467154663200e+00
7.921076962951257849e-01
1.880203156243232532e-01
6.637253025200470224e-01
2.102639750008808317e+00
5.522624758335317185e-01
8.695073463529362501e-01
2.051060186699178445e+00
3.266536907652426880e+00
3.482721299835849216e-01
6.524862467215624129e-01
1.300404007069674073e+01
1.263946781261931607e+00
5.853532948403649128e-01
3.186428821455948857e+00
1.097304833391991474e+00
1.540106322431022967e+00
2.102252016981050353e+00
9.510688818812523815e-01
1.129284069041232685e+00
3.634771780611498193e-01
4.046889958526373121e+00
1.104255588670527199e+00
6.024073494648788385e-01
3.603311935216856887e-01
1.997956806108378558e+00
2.083349135505722671e+01
1.344368835299730947e+00
5.889391736077348449e-01
2.707378110061165355e+00
4.267171193476419155e+00
1.815523938192770137e+00
9.174492079046045134e+00
3.538986855472546544e+00
1.624611803675615640e+00
9.567353795851864240e-02
1.203363698770253620e+00
9.212641496220808079e-01
2.108273915795582099e+00
9.431840310353010182e-01
1.499335360091400338e+00
1.918240132610305571e+00
2.944251370557875447e-01
3.357883691202308007e-01
1.844212469835052604e+00
5.488846777308664660e-01
9.893727133341944091e-01
3.185699816374632509e-01
1.427862407219677943e+00
1.250947263515538976e+00
4.670755741158893137e+00
2.065902560002269850e-01
2.428308677425181639e+00
3.009230238610889341e+00
9.422617034870375274e-01
4.355754584999406154e-01
8.995123015111717857e-01
9.179449129943144658e-01
9.532393542008831266e-01
6.378391869378117196e-01
5.451752907427204198e-01
1.196640634425900629e+00
2.073324268892279054e+00
5.123845279236010075e-01
1.151435343729325211e+00
2.063843074173621783e+00
4.835221373828673674e-01
1.315414590769443448e+00
5.104620228339080690e-01
3.618742939199877551e+00
1.152304682405610015e+00
5.771590944242014354e-01
1.646574675141874167e+00
4.268899541141023546e-01
8.396066736420235710e-01
6.624326529152814169e-01
4.570109675746707012e+00
5.755092798412587696e-01
6.442924521965068818e-01
1.802165936851043648e+00
1.399240979082946090e+00
1.740439272540762694e+00
1.791676896434331923e+00
1.271159330829842560e+00
9.932228453419192360e-02
6.998052874857033645e-01
1.317741811358868809e+00
1.241469710480479050e+00
4.015937394668775973e-01
1.927608569704430286e+00
2.334499199923234958e+00
4.997020422352963509e-01
1.632535899100981958e+00
8.933789546192673348e-02
1.524409633265820518e-01
1.955968941912157588e-01
2.577822213545421182e+00
7.925769546996254133e-01
1.561781486668466057e+00
3.430756732158084521e-01
1.393190566110243722e+00
2.380900067330066427e+00
1.437815834583400454e+00
8.484382239027509209e-01
2.193829768418974702e+00
7.435857736165945031e-01
1.589282693380939193e+00
5.107488661489323345e-01
1.351804808714962336e+00
2.225045546865950019e+00
2.442075801487601172e+00
7.372049659334179772e+00
1.260666798218663454e+00
3.410306003192110080e-01
9.453441296929597781e-01
1.175753300354525877e+01
2.490791950524618437e-01
7.083767461435793722e-01
4.702872537321116375e-02
6.647433756767198165e-01
1.985713474734794037e-01
1.245217211637412502e+00
1.272283032270645098e+00
1.304730829770669009e+00
1.033042657700388389e+00
5.323563403016756679e-01
2.673716814209262660e-01
3.941508556042634392e-01
7.695082437741664894e-01
5.337369397643701774e+00
1.678244394580234444e-01
6.983101844078858367e-01
2.267915155390135329e+00
3.915130093817702495e+00
1.107719387875109929e+00
1.248356726878405043e+00
4.920414065059255937e-01
6.935954818680161171e-01
1.031211989169182330e-01
1.391089873867401128e+00
6.659212752427096094e-01
1.820344188506314020e-01
2.663555891925676544e+00
7.129502156765418208e-01
3.459243471869404285e-01
2.997116767254488945e+00
1.499432022876678039e-01
5.274775695321899383e-01
1.521313073060940324e+00
8.584729884829461755e-02
9.710578415632207250e-01
8.372589082394543691e-02
1.101947465848718943e+00
3.666828870303318944e+00
2.354789185175173660e+00
2.128605677880817559e+00
2.812464721665624001e-01
8.457353741745482489e-01
3.665985733222474341e-01
1.308290924122571086e+00
1.753039652165991669e+00
8.159224142637516719e-01
1.337101804912833591e+00
1.521939895977890034e+00
1.230608560847290756e+00
2.737657528583045341e+00
2.723958608032812090e-01
6.425990807381661840e-01
2.027386251520603366e+00
5.024345842522603078e+00
6.207698976453393414e+00
8.270426450120428319e-01
1.851484555519240072e+00
1.665114031549421170e-01
2.882288076309151847e+00
2.014677389550997066e+00
2.449510519856415713e-01
5.987088760240437679e-01
2.020077654274509360e+00
4.521683442127054364e-02
5.897189316942439419e-01
7.270344386763212263e-01
7.079304972101755355e-01
3.163983639120846902e+00
1.095005303061973745e+00
1.079279986539310121e+00
5.226725578983344445e-01
4.526973398656261582e-01
2.996440405429982579e-01
7.126903836881250121e-02
6.212481347606627624e-01
4.076901965849235032e-01
7.059976997757382300e-01
2.270283452246510680e-01
1.440040481742952183e+00
6.918581167529213038e-01
5.856849659314559142e-01
5.586353566518144353e-02
9.653373042104109736e-01
1.726712239767377310e+00
1.270177456108708913e+00
2.970482725072285390e-01
2.608358358627157481e-01
6.658260698547694423e-01
5.089053911110034134e-01
1.503228855890013982e+00
2.281051472791278678e-01
5.252268353573061876e-01
5.137987330229181193e-01
2.371274156252538567e+00
8.197612584769781163e-01
5.703998352022383589e-01
8.249516626440912548e-01
2.385401549010892908e-01
2.684542236110887714e+00
7.431664050923437737e-01
1.793665741368568822e+00
2.554025058498435308e-01
3.727398550451188064e-01
7.148549761028973881e-01
2.316981990371273614e+00
2.971700581569114985e-01
6.024065280498699382e-01
5.966915154346863481e-01
7.971124904037579784e-01
4.340858552038021068e-01
1.205962903526519359e+00
5.621218371543521553e-01
6.396804814676217976e-01
3.052759524068631158e+00
6.850329786910808183e-01
2.875712271088365912e-01
1.313366674194244021e+00
4.109493074435707216e-01
3.395812847988305405e-01
1.077842848227184014e+00
3.526301396162653812e-01
2.425804702115351985e-01
6.160127916345732313e-01
1.473003279571703850e+00
1.745387447493198241e-01
4.466036207833861127e+00
1.401780197119842641e-01
4.551636428531022349e-01
2.371471387430547084e-01
8.175085824589468642e-01
9.499426382845251871e-01
1.635411759908631801e-01
8.303377412587242823e-01
7.374543632545490501e-01
1.477990716320226383e+00
1.070007430000492921e+00
8.976922465118011285e-01
2.670141197425545787e+00
6.394971068874737430e-01
4.754132819926267794e-01
2.790671141512077180e-01
2.227700580509152095e-01
5.281519983941586061e-01
1.257230871274404249e+00
8.658249534917314971e-01
3.958696849606824775e-01
8.905488124899548774e-01
2.968763417338704524e-01
2.752330625342772619e-01
4.817647027487811373e-01
9.735537434392738110e-02
1.048082009131374948e+00
4.383258568273925015e-01
1.228201841628491442e+00
8.229711224435174444e-01
6.388702104253199954e-01
2.434252649644589594e-01
2.403577208858066250e+00
2.406787699212446230e-01
5.106853699776047195e-01
7.742562223616791250e-01
3.432468931194363471e-01
2.205477469695295234e+00
3.590123862998295223e+00
1.021791553792908980e+00
6.520577857572902314e-01
1.884897141515150976e+00
2.801536303411872875e-01
2.132407673819229021e+00
6.501924949285970978e-01
7.995201495508855172e-02
5.211904873246444581e-01
6.415382187766002220e-01
3.795183024258286242e+00
8.827518476471802877e-01
3.116931471079202320e-01
2.054150708399205549e-01
1.350211857135807492e+00
2.940246404154734372e-01
6.882313791117048440e-01
3.691029314030362940e-01
5.971476414823604362e-01
2.678519450928680268e+00
7.078629294381291182e-01
2.279715494793752573e+00
3.488163017249018782e+00
2.358291426162085758e-01
9.020705976382622504e-01
8.110824466147108502e-01
2.173169170129550132e+00
2.355223181624283568e-01
2.643560012240646628e-01
2.156370478379121991e+00
7.100043906651948289e-01
5.118806321658817549e-01
2.522151020338682104e-01
3.473284678057651398e+00
7.004835566024335547e-01
1.475873645215115104e+00
9.403890939083192624e-01
1.274008689905959057e+00
3.102330154668152318e+00
7.670763228407460055e-01
2.265169643865031501e-01
4.080636783415122482e-01
8.006622006752416310e-01
1.552326810574218008e-01
1.174797791493345400e+00
9.980245139788384012e-01
6.705485487056607186e-01
1.299658577282521321e+00
7.211446756558561599e-01
3.235945594076449217e-01
1.739924039492740659e+00
1.304379970095551400e+00
6.495761806096769231e-01
2.148292758812678782e-01
7.862036688583573518e-01
4.386523809981434319e+00
2.467727156268258171e-01
7.692377789918078967e-01
1.780831839573678632e+00
1.424561064677726918e+00
5.719604595278677817e-01
3.087757669281015360e+00
2.413026246458732871e+00
9.923689720377040224e-01
1.768290675199437167e+00
6.355041054144776602e-01
8.319856072067279840e-01
4.255715129848317013e-01
2.601692418900961812e+00
3.199737831677949007e-01
1.353700965937794987e+00
1.797222610474144346e+02
5.361599324212270590e-01
1.379185433946283235e+00
2.474550843499761843e+00
4.356521053486493988e-01
1.568844021150789247e+00
8.520138712577203233e-01
2.654018649549731990e-01
6.012943888563431205e-01
5.812213624430697667e-01
6.046691605038186923e-01
2.396720907726799688e+00
1.706335306605560875e-01
2.108455423009385488e+00
2.225890093174406559e+00
4.094602774321043914e-01
5.341285054159653489e-01
7.625266913368566879e-01
1.554026096671544233e+00
4.491847675851705191e+00
1.498600264273262095e+00
1.441596705897336239e+00
2.330635642195733492e+00
1.632696384333348627e+00
4.737903962204298436e-01
5.359310121559521939e-02
2.165258231838040892e+00
6.773102546185129080e-01
9.974966508479859995e-01
4.936148365664107529e-01
5.563990754880659972e-01
1.893412368848412797e+00
4.812766605852967228e-01
1.678026043771697173e+00
3.505594138471615384e+00
7.876365742315873941e-01
1.304880626837015223e+00
4.987844056068267973e-01
5.078248846167975117e+00
1.374230670361562767e+00
6.319849155478530767e-01
1.031736150170712962e+00
3.900820501610367419e+00
1.517000246659618634e+00
1.277235173539016388e+00
2.913651886272312641e-01
4.847766279302141434e-01
9.053377654034072464e+00
2.394242472268345967e+00
7.413534058134141347e-01
2.847873608257150746e+00
1.292688829596103650e+00
1.011643900763499193e+00
9.750774546016311994e-01
2.542258960671462287e+00
1.535075131586170816e+00
7.659505535222954631e-01
1.032394057067396176e+00
1.381616508055875991e+00
1.008483918309945437e+00
6.546811537873949760e+00
4.459100291424192619e+00
1.138034114063653401e+00
2.295519021400915793e+00
3.610378586349468844e+00
1.340113212513634355e+00
1.016188828361072005e+01
9.695314253471684074e-01
1.795640809903086499e+00
5.506401711113977360e-01
1.747810933586791293e+00
1.104872236912632699e+00
1.792673090336989405e+00
5.823871814879880704e-01
1.908831369936153877e+00
4.987963659347318113e-01
1.395383236669113680e+00
1.175963580333142966e+00
1.583600637896563912e+00
1.123876631512235713e+00
3.135443367556947081e+00
1.042649945166423731e+00
8.825553096938079101e-01
1.276418437917276272e+00
4.075633284537908962e-01
4.110211004425223802e-01
4.994549494082691221e-01
1.480127025013403985e+00
3.911771515393884235e-01
7.583849250037414391e-01
7.650754124875160045e+00
2.034941784229212569e+00
1.155345924838094795e+01
8.722296026584797080e-01
1.335075667925080367e+00
2.026098035204906278e-01
1.641951208194019296e+00
1.249835172789899751e+01
6.424841639678524619e-01
3.113067008414962533e+00
2.450905910674454902e-01
8.038499417684795700e-01
3.378843506343746306e+00
2.911402560661576544e+00
7.380668024646790393e-01
2.242172592408624432e+00
3.286694337984806813e-01
1.697434342671869212e+00
5.538144344381453088e+00
1.202250065536728751e+00
4.311738594217768283e-01
1.057743108451987823e-01
1.844239095633340320e+00
1.887377410527513844e+00
1.929670048157251960e+00
1.547827818880483708e+00
5.801924655265191522e-01
2.131866598101364030e+00
2.479530874856067157e+00
6.537332355234076076e+00
7.716791874355113379e-01
4.412305591995394849e+00
1.140427611446057643e+00
1.829648610878484849e+00
5.647928700547318881e-01
4.413913690491066966e-01
3.650638135343652335e-01
7.739404860388837681e-01
3.096653339592100540e+00
2.791412956448771521e+00
1.579339744031568848e+00
2.422201579214475764e+00
1.274718316399773510e+00
1.332458245644884354e+00
2.738446305901630851e+00
1.861707875240044441e+00
1.467870368172748075e+00
5.591223953560135129e+00
1.525452284651800383e+00
3.394658636605685675e+00
3.530639536587945493e+00
2.368347997125185511e+00
1.599393015677894603e+00
2.085629970787640008e+00
8.354642652466057751e-01
1.209838664332545388e+00
1.183743399596446366e+00
1.280641795710203645e+00
1.808686505436139180e+00
1.091966498249224538e+00
1.630946230810923936e+00
2.346470619718690642e+00
7.958268698659149987e-01
2.536050621637895852e-01
1.895208047967673171e+00
2.139896231060360421e+00
2.530855501109973704e-01
8.081757827262869842e-01
1.029215979361724154e+00
1.370489444907738497e+00
4.491329999166148390e+00
1.745744646904739072e+00
1.813772592001391182e+00
6.780921477853558699e-01
4.669337878747396253e+00
1.010728831611913847e+01
2.420443752362877454e+00
1.232413559291236194e+00
3.195996435286203030e-01
2.576882849806545028e+00
3.601323016453769066e-01
5.357175449847240145e-01
1.144224318277919927e+00
2.460256443502142787e+00
2.699058385425423090e+00
9.634152374767427363e-01
3.659750642283329025e+00
2.155670213616915465e+00
8.997105585949907169e-01
9.845600171061074102e-01
8.688979627266900652e-01
2.507832626457764835e+00
1.735546488693189282e+00
8.711446377811823405e-01
1.284001293532614829e+00
2.194466822387687088e+00
2.627908115509371090e+00
1.109913877533110105e+00
1.325405233513567538e+00
8.519385082613413207e-01
2.758854244937228639e+00
1.721030960647596197e+00
2.181306014959225603e+00
8.197104981749707697e-01
1.311248810767891015e+00
2.802722140923617378e+00
2.690546771820449212e+00
7.238604783022924982e-01
3.153566396439404951e+00
3.343988518033310875e+00
1.832934729818186170e+00
6.597400692234763886e-01
6.417761999259581351e+00
2.358750150633742493e+00
1.009624051841569559e+00
6.239380535531607208e+00
7.361773361198619137e-01
3.297095783080293607e+00
1.030390741891270556e+00
2.897308144830841314e+00
1.239934387294396201e+00
5.182423598388116837e+00
5.823812568564273873e-01
7.345421916877721280e+00
5.044506521530764509e+00
1.371664335667937440e+00
4.004302842583816080e+00
3.301833410586165196e-01
5.164746874390429454e+00
7.596878682671104333e-01
1.396760912419908962e+00
2.340644294442235374e-01
1.360537348954988346e+00
1.365225885059298649e+00
6.555111129905796252e-01
6.167935139503680775e-01
4.970239077141521022e+00
3.511614396208496691e-01
5.063597169552473964e+00
2.842604419580026520e-01
4.497991508080189660e-01
1.699801034037442538e-01
1.348758432928167661e+00
7.557062113628717492e-01
3.099011572320876873e+00
4.788471411572547409e-01
5.110805874956185768e-01
1.340955349305034572e+00
9.093177281138602464e-01
8.871506104747425292e-01
6.495012885012587667e+00
3.889899737408966107e-01
9.978267466112957784e-01
2.189583445995148647e+00
4.447521689070066953e-01
1.512013371360093339e-01
1.493714675147733262e+00
1.781315483638306940e+00
1.199782653350399819e+01
9.717585284018858127e-01
4.320009856411031746e-01
3.547532386834496565e-01
9.627420227086488369e-01
2.898971831061388782e-01
3.811063910225014784e+00
1.808768917315902947e+00
1.368800501313105211e-01
1.236439637577112088e-01
7.409102035922460194e-01
7.995930594574781614e-01
3.210546655134208116e+00
4.130639203607343046e-01
5.415660013496025327e-01
2.527421937739368074e-01
8.462357902704301660e-01
1.199086426860748400e+00
2.908584181360213350e+00
1.751352376911973430e+00
5.673077832695582190e-01
2.741649487050835887e+00
4.187069185985005659e-01
6.749002132717637492e-01
3.237520721400978796e-01
3.347428344575684167e-01
8.549009852585078839e-01
2.321636044799453735e+00
4.468539916199990025e-01
8.655869082484927146e-01
1.340484413742920600e+00
8.972635582263397414e-01
3.481391981594352258e-01
7.810626796146746820e-01
1.593435428104275908e-01
8.021324795611561864e-01
9.943633330446063345e-01
2.052438390128950019e+00
9.731819931702628823e-01
5.609780404270422460e-01
9.277790133368440939e-01
1.587661936672311702e+00
4.268004696594672742e-01
4.193112891533120612e-01
8.928815214735317252e-01
1.000820018074459306e+00
5.036100968138870204e-01
8.384327271343220422e-01
6.387807787559928174e-01
4.938571735367505156e-01
9.258048899187121705e+00
3.097224804703540557e-01
2.173597562521952131e+00
1.920286673621855733e-01
7.826928248546416444e-01
1.611905854608164823e+00
3.015273044916040868e-01
2.980955791084470619e+00
3.726241958364524542e-01
3.776526270731241919e-01
2.018281958454690161e-01
5.855431294357137106e-02
6.865553368803497536e-01
5.229553411551064457e-01
2.772420913844656276e+00
2.391493785924037607e-01
1.319960705996707784e+00
7.797848300979421943e-01
4.155471765455923672e-01
2.994693039171197890e-01
4.083378266607722296e+00
1.474141738148634850e+01
5.263585791698563998e-01
5.634202077138213971e-01
1.154207581870056343e+00
1.006603307947251169e+00
1.796414865646477210e+02
1.145734899572238730e+00
1.252394891300428581e+00
2.887124776376265967e+00
1.881664501428774727e+00
1.216254971392445983e+00
9.541738953787314292e-01
9.769321576989478118e-01
6.174326128180522844e-01
1.882392518944057680e-01
6.050690514051721980e-01
2.165696031483046013e+00
2.440154078931883852e+00
4.888018198409238013e-01
1.428320615553244355e-01
1.078256932012618963e+00
7.722788407849415782e-01
1.385207680236777650e+00
2.669401460987307573e+00
2.840479476450201157e-01
1.698955445213843563e+00
1.221743903421442123e+00
2.531566644456981319e+00
1.998669849326761838e-01
4.509055924554925543e-01
9.088053566702251895e-02
4.771068972607123149e-01
2.137581435592307066e+00
3.736429766639702277e-01
1.099639396852692297e+00
5.813177287022180950e-01
8.065853244260421384e-01
6.070988322016320771e-01
3.842996033395453814e-01
6.462394260227434239e-01
4.116656975992022405e-01
1.022086379517590515e+00
6.146511366535994725e+00
1.366785031649656146e+00
8.304738617436070447e-01
1.126566138035028697e+00
2.410799367869551901e-01
3.994006644476309376e+00
1.353850730620908882e+00
1.207769847844596178e+00
1.795611565987484060e+00
1.609344123594679266e+00
1.756944598827885895e-01
1.249682806417711456e+00
1.650713137365190375e-01
5.150547378147165567e-01
6.861776981767305772e-01
2.007155770341983114e+00
7.959059323431810107e+00
1.238439603262716737e+00
8.115217946881155830e-01
5.031023902114128976e-01
8.452144315073920611e-01
5.564057190927973462e-01
8.285912304646380067e-01
2.892381791961444293e+00
1.229089776034435921e+00
1.586949001395030479e+00
9.788994429452586576e-01
1.624591788020243621e+00
2.009215797158073968e+00
4.909528592797366975e-01
2.008227928052767286e+00
6.430541521395145566e-01
5.096467763232866988e-01
1.764634782648528022e+00
2.852873384165736659e-01
8.397519374332320652e-01
9.355847628760901591e-01
6.690397269395002011e-01
9.193658277056545591e-01
3.207101441675742071e-01
4.867052906071182017e-01
4.286347149177047733e-01
2.150865325176565701e+00
3.693592987801975203e-01
1.986119863227846949e+00
6.801920399293301944e-01
1.152470230643332760e+00
2.738855004879798827e-01
6.967624545005539627e-01
8.467903358065564934e-01
1.140939131756153468e+00
8.459355148366421995e-01
8.077739129588904499e-01
5.132254376691393061e-01
6.582638466200780858e-01
5.997472750665130414e-01
6.587872532961681626e-01
2.941437054517772154e+00
1.220467222509756366e+00
2.594912420758480831e+00
9.392549171604398950e+00
8.136934792253559534e-01
2.263844324341909020e-01
9.264738855017353725e-01
1.094846509844041860e+00
2.394423702296075707e+00
2.716164179503408604e+00
7.648951597609979780e-01
7.925176053941352938e-01
5.146928714207134270e+00
3.522643656344634500e-01
1.390123166377834174e+00
5.288621607764462107e-01
1.473217523265258455e+00
6.972800245283190534e-01
1.066209312648785934e+00
1.149451735007817055e+00
1.443053932565306008e+00
1.152544425665990957e+01
8.533802105043544195e-01
1.541985099373824664e+00
3.210264619474698100e-01
5.054847554604060544e-01
5.064398180500289115e-01
1.831603118036490230e+00
1.467829972917790382e+00
1.839393705386851874e+00
1.903609298208019274e+00
2.739818565428695063e+00
1.989541603433882866e+00
2.953319485429377611e+00
2.346431715594335721e+00
6.431545460746345810e+00
1.012710430437840259e+00
1.984615388597052554e+00
3.398420709598024558e-01
2.269638038360747068e+00
1.387754819527116545e+00
1.606625448012096768e+01
2.400565995336804370e+00
4.190334802407524428e+00
3.589251345886534939e-01
4.616141245276625393e-01
4.730806895971173098e+00
6.996636061160523834e-01
7.189460774744976801e-01
1.545280952090719584e+00
1.615517995255585371e-01
1.768644348105961583e+01
1.403282231324310070e+00
2.078107491268706752e+00
9.301198788877493850e-01
5.381390806582007080e-01
1.311086838560979295e+00
4.390834529050738344e-01
2.698933809487527480e+00
2.016635823818729634e+00
9.009675016465713782e+00
1.450140565090096478e+00
8.634068777475499834e-01
3.226146573968451392e-01
1.226607198670533627e+01
3.595488722519090130e-01
7.322816269967736824e-01
8.599175125246055762e-01
1.271352620287473645e+00
3.895176519823752237e+00
1.160372757703485913e+00
1.206020323080386980e+00
6.184871663076612069e-01
1.548207216744421411e+00
1.231532659473419944e+00
1.874433415269696823e+01
2.310435839937838853e-01
1.077339676942372426e+00
6.105725425583877763e-01
4.739635593559831661e-01
1.665502902409797370e+00
1.212449362313903656e+00
6.990472186557378231e-01
1.017450632244165654e+00
4.202637631162268739e-01
7.370806855596482299e-01
2.043269947477926607e+01
2.874393187414060691e+00
2.004050568691810952e+01
3.670959456275645572e+00
3.246336783284789473e-01
3.444631871283916347e+00
1.381172647957374711e+00
7.093135309122214904e-01
2.376656312012176975e-01
2.579937007896488055e+00
1.006328129360552825e+00
9.707543538822428486e-01
1.179231778321860741e-01
1.298227374497505915e-01
8.835200659230495468e-01
5.863154434256433456e-01
3.398919518689751951e-01
1.841338257408674739e+00
4.514093883147976882e+00
1.028699181758078618e+00
1.439429086382483014e+00
1.370053398878121609e+00
1.173604889646167937e+00
3.651634557229402889e-01
6.027564304522265992e-01
7.735636291886013538e+00
2.148158792899092173e+00
9.510111682102238007e-01
7.240311501837316532e-01
7.638229577749010568e-01
3.427557637757240872e-01
8.385992414535147210e-01
1.531882763862691066e+00
1.067279254814439859e+00
2.364570846723058839e+00
1.183978797974561514e+00
2.610419075188924243e+00
4.853049383369864245e+00
1.287087334021005836e+00
1.941649057050005567e+00
3.397952073702080189e-01
5.662691628669835886e+00
1.329352638175083756e+00
6.619466486860871024e-01
1.704728481703956966e+00
3.813508921747421176e+00
9.968731319893352483e-01
1.532280511286158609e+00
9.201104046489430033e-01
5.792911145629920933e-01
1.501998466989429071e+00
2.588820317185597908e+00
1.928841296383008996e-02
8.019877757574134236e-01
6.783456521273393269e-01
2.417657294215844299e+00
9.217982524530969890e-01
2.397978067873852981e-01
5.655217941176025498e+00
1.000735786357214607e+00
1.585473538026542961e+01
4.069719467511720090e+00
3.504594971632926104e-01
2.059533892281701473e+00
1.197519149789076920e+00
1.884596749781677261e+01
1.982593466149630501e+01
3.099042484680073262e+00
1.218884413542223655e+00
1.182999042612320473e+00
4.063135001410292269e+00
1.087533306647159570e+01
1.507763593511147748e+00
1.843762480230323852e+00
5.317157548627681862e+00
1.063288099298777434e+00
2.193459476514772799e+00
4.536648274243277434e+00
1.367403028529662334e+00
2.331370716745501781e+00
2.904711140016483562e+00
3.012701038053262614e+00
5.774425581057304191e-01
2.592058324513068612e+00
1.067090179406554373e+00
2.899625735699142393e+00
1.678553333738071585e+00
1.954482993629404364e+00
5.798865481910299158e-01
1.268176728001633613e+00
7.302072657245856080e-01
4.196495548531402164e+00
8.486167608670726059e-01
5.038113728268916347e+00
3.618500584091159933e+00
3.478089383048327043e+00
8.267759728496734128e-01
3.407693279151982058e+00
2.382995140465687722e+00
2.985707114955021280e-01
6.530419739397972378e-01
5.118892245521916573e-01
1.957291681838793984e+00
1.397816505989563751e+00
2.991670570726199685e+00
2.317433905509321157e+00
2.526645899775730175e+00
4.578164607659025442e-01
1.922289975485115932e+01
2.286431851996050035e+00
5.247818615971846512e-01
1.280362558246666449e+00
2.842511186677493473e+00
7.423180803374483938e-01
1.192925568317614760e+00
4.884280022719922343e+00
4.527129961624433707e-01
2.404751720952244820e-01
5.895929280684926166e-01
7.292402558269543977e-01
2.244371297010713917e+00
7.421074800221415302e+00
4.716191427441072115e-01
1.008237922393943897e+01
1.767429677609959393e+00
5.208791291871233131e-01
3.751467407029364320e+00
2.260875040266183966e-01
2.615778484125835579e+00
5.682703232974356311e+00
1.279302040350321690e+00
3.453451709445973794e+00
1.092484670869285246e+00
1.261958641036374829e+01
7.656891738043926088e-01
9.342565183209188273e-01
1.879834794415068400e+00
7.477306861853855402e+00
1.293165490959082842e+00
2.025844711116180363e+00
1.307587336075161311e+00
8.419783782186783805e-01
3.492475181223496872e+00
1.538287111938247520e+00
6.840622993954435849e+00
2.735618197569427146e+00
2.097573688416520810e+00
1.634925608877151504e+01
1.831001176786713369e+00
1.621616238705110957e+00
2.861143084416947757e-01
9.237924938362236382e-01
1.039259477528660547e+00
4.073135626559878375e-01
5.323834151316312990e+00
6.745829428341675316e-01
1.212190940360437175e+00
2.712216741027830835e-01
2.242926550556568088e+00
1.025834195038068053e+01
3.105669931886700930e+00
2.915371207914159157e+00
2.877257785795278799e+00
1.993865639022028846e+00
1.957793452444885896e+00
2.323393083320010266e+00
4.411943277410654840e-01
8.124664967751183964e-01
3.863247869732482354e-01
7.359691031942878769e-01
1.142962799539277485e+00
1.775477887810061439e+00
2.816576359989250822e+00
1.851365677392208253e-01
2.674327352999908758e+00
1.314539377154323674e+00
3.283014344611923097e-01
2.396422927995542018e+00
5.044847867647389350e+00
5.630838287883916937e-01
4.347930266761975138e-01
9.722713427892548665e+00
1.902254029824496984e+00
3.440459117199432981e+00
1.426740612806540742e+00
2.104881894127733410e+00
1.688763847316191002e+00
1.501575895115033088e+00
1.008592149269233795e+00
1.141196865824566364e+00
2.684765511352908529e+00
9.333505698258882655e-01
3.816588818434508479e+00
3.303530523997679214e-01
2.789434772081704206e-01
4.874149039281267193e+00
2.587831859503382681e+00
5.992843645623563420e-01
1.573609669531895294e+00
5.466775369109821980e+00
1.115085480168740206e+00
1.157864410109356186e+02
3.726363246294527087e+00
3.239003104167423874e-01
3.471225800636256853e+00
1.866910409305306828e+00
1.464733397722989494e+00
2.275923061063116204e-01
5.970690752076640573e-01
1.265111460762232909e+00
2.271409125091661263e+00
8.974220877575620481e-01
1.349707942612544675e+00
1.325824600865806779e+00
3.533773986421254065e+00
6.839211738886870062e-01
1.349230190609452595e+00
1.703799273067642162e+02
2.580117794183800051e+00
1.639836644568638979e+00
6.718275657611199048e-01
2.490687611032061266e+00
5.815438286742691254e-01
4.367508559390641310e+00
2.302158329611694587e-01
4.447867125953569811e+00
1.287899595462008939e+00
3.150233402462055743e+00
3.267729624515391396e-01
4.001967482038098489e-01
9.586168659683423909e-01
5.989838151000312916e-01
3.525772359179355497e+00
3.773528596370596677e+00
1.173498300802588767e+00
5.149055716631285584e-01
4.090394077650483240e+00
1.543603557258213188e+00
3.499419741576609066e+00
1.543851497379766124e+00
2.213100311899421690e+00
9.776673965874996819e-01
1.853051105011509270e+00
1.301640639090288154e+00
2.765415658116493702e+00
6.236400929558703066e-01
2.829783857040960360e+00
3.483968979071325189e-01
2.319226455557127586e+00
1.269647186395892691e+00
2.159067718660069080e+00
7.305771017054448757e-01
7.967512221694517116e-01
6.017192630396156483e-01
1.369660953471155684e+00
4.444942878680434362e+00
8.801005373769140716e-01
1.742694114240562753e+00
5.564307705642184132e-01
9.955078302946427371e-01
2.440952238603169899e+00
4.282398106711279517e+00
4.349456519851228720e+00
7.892067466644559381e+00
1.670965676353076912e+00
5.635496851098895199e+00
7.593134164800509067e-01
2.153655551481132857e+00
8.091792845821592195e+00
2.224182530860744134e+00
2.248954332973660986e+00
2.012767100270626663e+00
6.739509691058278129e+00
1.532785058897696340e+00
4.260511688958486864e+00
1.757933085159703313e-01
2.135405991871497378e+00
2.969307047431146707e+00
8.593621125138392047e-01
1.015683970717369045e+00
4.552813875284025258e+00
2.798686171680503154e+00
3.934713158987418691e+00
4.812779842691475851e-01
7.769193800829322649e-01
1.039376475807336941e+00
6.431622325052044342e-01
1.012446885346844683e+00
2.988682340230628842e+00
6.029309319353074237e+00
1.588841335200355198e+00
5.402598637582923802e-01
4.760016792575012090e+00
2.717601912426360400e+00
1.362414028220342965e+00
3.520254196984539341e+00
6.669190330545425871e-01
1.756685542959578239e+00
7.227640554097328196e-02
4.494280744029157670e-01
1.990001868051680889e+00
2.647971901540485451e+00
5.840167129331771401e-01
1.621272717661641050e+00
5.206295299503641560e-01
4.401669772395657154e-01
3.062875191276408948e+00
1.031083479491502697e+00
6.042148466083617775e-01
9.039210984303089891e-01
2.415341461183436511e+00
2.027131922444449508e+00
3.825541591925035179e-01
1.656659699459012813e+00
1.014226222982051784e+00
2.876012830886742755e-01
2.957949179938076600e+00
1.650920887520109348e+00
3.919555544434381034e+00
7.288784837151327523e-01
2.787347005860150606e+00
3.201916601045735611e-01
3.305780752712840775e-01
5.578811717805450598e+00
3.483160423891936142e-01
1.006410834516540120e+00
5.353051767380656578e-01
5.226167651615594156e-01
1.319812447811055389e-01
2.710459250266726849e-01
1.732144188090915193e+00
2.339661956129220677e+00
2.708107838740181794e+00
7.026570699116559959e-01
4.103131329699974406e-01
1.185412127304191543e+00
4.112585704012331478e-01
1.429608610758092313e+00
7.362062016317062474e-01
2.060221006764622942e+00
2.772789065662718544e-01
1.435105344291097706e+00
1.329557724109944106e+00
7.828834105751516503e-01
8.535881904357781602e-01
4.153236352783567509e-01
4.027738073558418952e-01
8.925118482100037332e-01
1.072792078743691979e+00
2.113493372134799042e+00
1.563551302931144305e+00
4.763457537786693896e-01
1.706232846569958328e+00
9.051189595124257137e-01
3.640135997871721818e-01
2.330762408216653725e+01
5.980238623859782665e-01
9.672197422762488506e-01
5.944693460535946938e-01
1.024232582537896619e+00
4.777355267452526033e-01
3.315556144473987277e-01
1.311680101956056443e+00
6.430087838301422609e-01
8.523381191163510451e-01
6.916050384492770098e-01
8.628746563191107555e-01
2.974678286359035972e+00
2.751441034244109574e+00
1.045097722855681033e+00
6.700340756427354272e-01
4.776873530365403631e-01
2.283337893615095648e+00
1.096123928088222454e+00
1.179562780014469681e+00
3.691575045033539393e+00
9.837156392686171591e-01
5.636426642775774903e-02
1.551212747478562859e+00
6.331759889789211337e-01
5.483739546378425533e-01
6.135578554939619345e+00
6.730440927536150975e-01
4.724627372206799403e-01
2.589819497268566750e-01
1.529565973696403736e-01
1.033195485493652921e+00
9.701092434009603860e-01
1.887416228726014777e+00
5.841947752978217112e-01
2.681061009311682675e-01
2.131680900934810996e+00
4.096416143153657208e-01
1.348512173674905057e+00
6.248793466084745063e+00
2.238830931407781222e+00
2.041785942298302459e+00
7.460419701639041667e-01
4.512686005371664422e-01
8.382486449872864620e-01
1.464251062984049112e-01
2.295696655623802762e+00
1.152938677055831196e+00
1.131917281644115647e+00
5.960916689343365160e-01
2.819444378697522957e+00
3.512245809545845532e+00
1.875061126188077409e+00
1.038570928980410368e+00
1.108561555750282590e+00
1.046173783779829281e+00
4.303576169770004234e-01
4.870926736262307655e-01
2.031679876365624526e+00
1.511456391167971702e+00
4.771051597245906106e-01
6.193354092999418192e+00
4.717586077657793808e-01
1.011842986908438213e+00
4.080196982822641427e-01
2.116488740867665530e-01
6.680899311495500648e-01
3.903122007061556875e-01
4.566342739103214088e-01
1.602479154004101902e+00
5.788480325014977446e+00
1.486591176242112233e+00
1.045110407971443500e+00
3.646945135704525498e+00
2.438283476165244990e-01
2.971941490370305861e+00
4.633818690322780043e+00
3.029914875556392606e-01
1.341370700155785967e+00
5.061956928289635727e+00
1.262426339500519301e+00
4.712728342070163223e-01
7.579655395732657341e-01
1.631780786989117882e+00
2.053966429007273220e+00
8.109956944428729386e+00
3.841530615675599059e-01
1.195066088505762458e+00
1.864662959376643281e+00
1.198801123507111877e+00
7.050994271179225059e-01
7.966575577579923184e+00
8.952408722668316887e-01
2.634571838753414053e+00
2.026681917116345488e+00
1.195973649495330804e+00
4.454631061572074557e+00
1.591813276604287175e+00
9.220879076331744972e-01
4.229597186216550675e+00
3.608478539045464895e-01
1.389196695510404922e+00
3.222025001036898484e+00
1.557251271074542087e+00
8.472091355643168731e-01
3.205252144701513650e+00
7.490491687273346244e-01
1.052331257129702990e+00
3.794844326992269590e+00
7.663529800475249454e-01
2.958404386207621695e+00
1.138926516033810454e+00
2.999777313464276229e+00
8.688167860182415270e-01
2.086152179323024658e+00
2.880406886381960074e+00
2.406735942296706732e+00
1.759533685494023114e+00
5.280930104551295301e+00
1.250987956245337429e+00
1.038505290204633447e+00
2.862930596449680398e-01
1.234773984504654143e+00
1.619577293362065573e+00
1.418470427136388823e+00
1.443545092931106666e+00
3.085385379486465518e-01
9.641272074761784161e-01
2.199079601554467356e+00
2.114452549703234485e+00
4.586200701620410380e-01
2.212642864142164267e+00
3.879119306825692615e+00
2.097305007698496482e+00
5.455285020817405295e-01
8.443976187030618474e-01
4.958616622552265873e+00
7.448882440157873042e+00
1.800910746434468912e+00
3.284451909678989812e-01
2.541116865364977606e+00
1.836431810759331373e+00
9.769840376100739077e-01
1.940700940169091782e+00
1.256836557616513306e-01
1.515831903036321648e+00
6.658436360932675768e-01
6.544060841291590158e-01
9.873710773171767707e-01
1.646314397156179776e+00
9.094838429975568017e-01
6.620916710025160690e+00
6.366725243252379096e-01
7.293994030979479293e-01
6.382833163825215594e-01
9.794220722951845204e-01
8.347867358356095835e-01
1.092270848552369555e+00
8.336518444523135507e-01
1.967843141414142183e+00
3.594107969874301478e+00
2.662155342737604347e+00
6.983305341359656637e+00
3.496945827655969508e-01
1.306999315801828931e+00
6.446258644284308836e+00
1.280038740131095087e+00
2.398340589967310255e+00
1.034899025211103218e+00
1.732369543015737090e+00
1.140319928584823561e+00
2.271602360046992786e+00
2.857478080704879631e+00
4.400672891862475566e+00
1.292048965131671556e+00
2.717911071020620017e-01
2.019941985137934992e+00
1.330214799833904893e+00
7.165739132060293670e-01
8.764711877011438501e-01
2.115821630572074064e+00
1.407844091201696957e+00
2.088590493461560893e+00
1.496197559433271040e+00
3.661953076399497409e+00
3.997250200458565494e+00
6.235612834339946176e+00
5.282048299283652604e+00
2.961102007461185792e+00
6.624191596141542071e-01
1.749099343235569703e+00
1.909361027117234100e+00
2.856919772982464245e+00
2.505750266949901661e+00
5.778729755335841878e-01
1.881157875911217969e+00
4.752656351462535289e-01
6.093603013853342576e-01
2.277170582129780296e+00
5.184646960444032615e-01
1.609462759612713789e+00
2.738278313925509799e+00
1.647431103221164594e+00
6.340336484691064811e-01
5.157609462489812557e+00
4.827803349984912673e-01
2.290479259430170167e+00
1.711576041304349038e+00
1.623355856920948082e+00
7.271543172339341998e-01
1.840716345013236221e+00
3.185547008221213616e+00
5.469470990591767112e-01
3.444764018544498985e+00
2.104830667902680919e+00
1.538960206206590131e+00
9.871365081226519678e-01
1.237319387407310955e+01
2.389528847429276848e+00
1.441195335026377977e+00
2.542669327266232404e+00
9.269747696921267988e+00
1.055676990671946536e+00
1.181377022074651340e+00
1.122783829142642631e+00
7.787547018260105869e-01
1.323707542118864211e+00
4.697785341500292922e-01
1.457480057552627661e+00
3.887105992507401631e+00
2.339322292041675411e+00
4.220003359516962815e-01
2.811002067094043877e+00
2.803112136044297320e-01
1.217929734661886920e+00
2.259411069664984506e+00
1.556382565631577952e+00
9.559152265193403553e-01
1.252776157168461912e+00
2.567241088001217975e+00
5.568956955459848368e-01
3.008101850159035529e+00
1.904127418847568309e+00
1.162581050114272374e+00
9.214283266314389209e-01
3.284164941100494950e+00
7.839935107691633487e-01
3.970719465815716331e-01
5.103988603794629597e+00
6.208686334154415176e-01
3.651042917092525819e+00
7.776964202426637218e-01
1.425296864224444349e+00
8.095880654142650901e-01
1.366596888528194942e+00
9.046049042831330045e-01
8.958323582646261496e-01
9.299484800181303523e-01
4.858427795564054463e+00
3.582291493211096634e-01
2.540149631861873480e+00
1.217902851125507002e+00
2.821800253761454158e+01
5.839521067812201149e-01
2.953508507523162852e+00
1.904446908278338846e+00
3.814669950183649516e-01
1.197673119174531786e+00
1.619459345752930046e+00
7.220645358507412626e-01
3.922211839415220780e+00
3.858249875704254261e+00
1.300506449550764110e+00
8.338865457784319091e-01
3.790309893417343368e+00
1.114188807408650339e+00
8.262213959636005578e-01
3.393848572152256549e-01
2.145378000295514731e+00
3.535645186651573457e+00
7.534741062305159165e-01
1.450608326674510229e+00
3.076653304539918921e+00
9.281340436930088922e-01
1.107130451752172950e+00
2.977281160110162972e+00
3.883285496279632598e-01
7.674790207885512361e-01
3.460154636137226181e+00
2.181420578808341837e+00
1.801357134943235572e+00
3.127499581019269836e+00
9.798303696290142284e+01
5.541253045768389507e-01
1.329452833813437040e+00
2.052703323650993728e+00
1.630545787762801346e+00
5.289508838246459455e-01
2.219219614338112656e+00
6.955134179718206466e-01
1.551980347233956170e+00
2.407760033002728672e+00
2.546916855459065987e-01
1.017076522250927928e+00
3.182273233828799008e-01
2.043679455380397414e+00
1.706880590080541937e+00
3.122085689933450592e+00
2.160891949960535019e+00
7.351654141971185608e-01
4.667684908038064684e+00
6.413507034281202834e-01
3.058158817207010216e+00
2.257072545630596672e+00
5.020489487956673047e-01
1.065645509027353555e+00
4.752826019383936895e+00
3.954030307927632659e+00
2.520881665731598553e-01
4.358255520931359484e-01
5.293847151801081008e-01
1.820654508017962359e+00
1.062553129796143248e+00
3.143132470828237768e+00
1.035231230190124085e+00
2.190376855914997201e+00
3.835229343620778497e+00
1.316448963065819822e+00
2.548868789344475583e-01
1.333126939187686100e+00
4.012808083367543910e-01
1.071374762019188243e+00
9.850318815322999244e-01
1.591616151334346974e+00
2.682096620576211787e+00
7.895172372345831135e-01
4.515980929078217798e+00
6.465038648939989585e+00
5.967163875269285711e+00
4.783265824490929852e-01
5.765650441230373291e-01
4.798561862428224245e+00
2.064816408961014815e+00
2.672112224157669136e+00
1.635392783737541711e+00
4.445890188777252283e-01
3.711432986250922106e-01
1.006585483305747486e+00
1.633217114172774931e+00
9.612723720665269367e-01
9.485779902290611076e+00
3.947576399219049570e+00
2.783951871797718969e+00
9.554367959125545928e-01
9.755255445624481103e-01
1.643956405382614783e+00
5.238205266504160074e-01
1.282022541866199905e+00
1.831101567119453932e+00
8.028875145310936379e-01
1.383678400214595650e+00
9.836559356644308805e-01
1.527955079134252880e+00
1.583830176884225782e+00
1.999195379110996429e+00
6.643734925084715748e+00
1.348208555052202939e+00
6.375753084737501908e+00
7.154639298589536844e-01
5.073803845616046138e-01
2.447039010921771229e+00
2.432934419807252002e+00
1.147421837041529225e+00
1.102345909343169783e+00
6.283455590282377434e-01
6.241585789648371740e-01
6.493825858093360548e-01
3.534610376010350219e+00
3.851002686597079783e-01
4.710363155369982624e-01
1.360989618256287503e+00
8.800762747656145635e-01
9.787139631477318469e-01
3.873786360361333725e-01
1.515825680395999742e+00
4.059890487788435087e-01
1.935045907746287819e+00
7.073099769808994797e-01
3.188838016648978257e+00
2.486532671605541644e-01
9.539124817063298067e-01
6.912418064567781295e-01
1.230979874245077932e+00
3.581873161975173137e+00
4.490237099315366187e+00
7.430433593354712762e-01
1.173988199119018860e+00
9.505024852887516973e-01
1.003968183158210126e+00
6.707863897322461355e-01
1.267367797304572496e+00
7.355520733917824128e-01
1.856170382853436607e+00
6.930899194634483340e-01
1.245186022660477398e+00
5.438938641293710186e-01
1.781060128972516088e+00
8.979391828024880784e-01
4.918788279334265212e-01
1.319346105833479443e+00
1.554391840619947951e+00
4.474405088742730574e-01
1.202672565582809661e+00
9.312079043944089252e-01
1.663669011625432237e+00
9.179653675601479046e-01
6.565752135485847241e-01
1.204582331405940065e+00
7.221351457425458920e-01
5.810468714152376979e-01
5.200119783012944197e-01
9.400780604800480944e+00
5.800168368700100441e-01
3.720962433679649295e-01
4.595967524410989324e-01
8.226418367991702452e-01
1.145771716786174954e+00
2.413939640795937258e+00
1.674849196602770984e+00
4.591764928214872588e-01
1.000909194784349365e+00
1.651755181496465719e+00
1.851390669184527438e+00
7.731320939301894457e-01
3.460010780925668050e-01
9.957971583765473644e-01
1.391679937115508636e+00
1.114929152292829517e+00
1.237541345254462577e+01
1.214173746691406430e+00
1.108582082367949972e+00
9.027685691739117946e-01
2.454047183424990841e+00
4.341836464449884136e-01
1.541316054341107522e+00
6.517840724464639690e-01
1.509471024263205452e+00
2.738093106984278435e-01
5.800191124429547873e-01
1.480649744581532978e+00
9.955636320254913629e-01
1.521914029701518789e+00
6.539724823812120835e-01
1.716313434868410592e+00
6.542339839166063653e-01
1.255312909757294593e+00
2.537142163457601907e+00
1.871887042534003065e+00
5.929068986447038725e+00
1.025228609281737757e+00
1.053615142392057713e+01
2.964521644078810692e+00
9.196917141936212792e-01
3.074891615033085390e+00
6.686844910536724473e-01
1.296514653406463990e+00
6.246130671072270824e-01
6.262545951359923535e-01
5.039961655253553552e+00
1.672646022992044124e+00
9.584998090594738507e-01
1.693679871715034979e+00
1.191143971013462144e+00
4.261784092530488621e+00
3.385411848420374348e-01
8.732073828701520934e-01
6.930760397057257327e-01
1.792727279924928752e+00
2.021359883454713291e+00
5.144962053182510209e-01
1.700808894588655695e+00
9.739051688500700577e-01
1.447140535879987366e+00
1.207179360694904391e+00
2.675933620490770881e+00
4.216529683297837394e+00
1.968960010698383445e-01
2.433509750897292712e+00
6.331016881505151517e-01
6.497017568845809832e-01
4.278314110166477335e-01
4.045978072272815584e-01
3.811008662409305359e-01
6.338896724835145768e-01
6.201505394774503577e-01
1.210983888301628175e+00
9.219106668583425535e-01
8.698262658310563111e+00
8.759267820540409533e-01
2.388204671643248567e+00
1.327529952862889218e+00
1.589874964119333933e+00
2.723524574658180986e-01
1.508332665538105744e+00
2.720694114960852783e+00
7.261474320869296672e-01
2.699594418994125888e+00
9.780285119788572068e-01
1.643771828660366419e+00
2.076355461928530932e+00
6.006094132783100781e-01
7.850891081880772004e-01
9.664312483556610767e-01
4.368512210921735583e-01
4.555247180563329890e-01
7.596624771081456728e+00
1.102662663332739212e+00
4.094176411134997640e-01
1.703678275980343271e+00
1.832828041525727203e+00
1.645920342647114065e+00
2.026768167310948776e+00
1.624759023309698014e+00
4.165758720760031619e-01
7.116465423061641982e-01
2.753933362659655160e-01
4.891860836859120099e+00
6.049540404517136372e-01
1.725534944571884610e+00
8.439335426014473729e-01
1.840093332304794993e+00
1.393814599342965144e+00
2.967483949767890206e+00
7.425551916131918340e-01
2.547270083382505046e+00
3.210176416219888029e+00
5.617751282364431553e-01
1.603962114123450355e+00
3.928974632714483106e-01
9.712196538318053074e-01
4.685615408032071660e-01
1.090334678856123451e+00
6.154795136013487822e-01
1.814642951841217933e+00
2.593662632673535917e+00
1.298738958081509409e+00
5.843080199338195335e-01
2.107021400302458769e+00
3.982816086740739725e-01
2.381116364967982069e+00
1.942483162844231170e+00
2.368920060446646048e+00
1.072156293065623212e+00
5.065543121701499008e-01
2.499793288172499128e+00
5.179986312030479212e+00
1.482788627505547518e+00
1.682186641498389479e+00
3.110248199840857097e+00
1.713447521149496611e+00
1.881272101003808039e-01
2.575351773970214975e+00
1.937738486131515891e+00
6.619150893902840060e+00
2.935884521450683948e+01
2.326181694548924150e-01
2.158615735390107648e+00
6.382330107453566548e+00
1.343055836609277964e+00
4.393373855963913499e+00
1.796565637084795997e+00
6.362799185228570353e-01
8.917351622002241962e-01
1.207557145075127902e+00
3.083533111789141579e+00
6.895266792447287685e-01
2.253676512640435448e+00
3.607223043412641772e-01
3.551791851547205781e+00
4.909964119445016095e-01
9.754363284389165889e-01
3.078474340960341560e-01
5.745495877264580331e-01
1.073406239704739029e+00
1.761750925785452671e+00
7.110978218055363786e-01
6.088699291000947422e-01
5.883881700919411095e-01
6.785466382802852747e-01
2.742337968733672415e+00
8.582063818391537646e-01
3.059651959445041092e-01
2.995969247755844389e+00
3.285708778279951559e-01
7.362620905927815818e-01
4.964217358757775145e+00
1.776857537907992501e+00
6.524925341794794775e+00
6.842994661662183953e-01
1.937361307416511913e-01
4.983066685728494427e+00
3.531059542926800354e+00
1.046856973563880189e+00
1.599743029903313962e+00
1.319072029808136426e+00
2.996127447467359928e-01
9.963670856474642790e+00
4.691427450250377773e-01
3.453040537522004128e-01
1.215081179142571077e+00
1.322285709761973349e+00
1.684639003102276211e+00
6.373388845080988352e-01
1.541959380286136438e+00
7.582508465174108148e-01
2.519274123969760470e+00
9.489811832691954496e-01
8.383021670097633438e-01
6.147305315140461079e-01
1.360206113759514679e+01
1.054015051966120886e+00
9.864329383724889100e-01
4.186778918207548217e-01
9.270266827549367150e-01
2.076666365295575467e+00
4.425757604913040377e-01
8.300756549892652103e+00
8.126668106870215125e-01
6.484608583460566011e-01
3.362645990768073023e+00
9.787224188499575872e-01
3.124840842930932672e-01
8.894827527722671823e-01
1.376921133131953034e+01
3.552875373217356803e-01
9.424506517251086679e-01
4.958272154618445504e-01
4.164373198695165978e-01
6.098963618126773678e-01
2.277793083482013703e+00
7.200813839456768894e-01
5.305005050796914867e-01
6.769483161812851479e-01
8.915793412193100120e-02
3.429380701228958994e-01
3.413927389022107128e+00
1.362275299829657227e+00
1.318035906201947327e+00
1.086149230397232879e+00
4.978106747970865165e+00
5.064253695212340034e+00
8.983012035576823928e-01
6.505185083768794119e-01
1.806817455201102263e+00
3.110697609808188435e+00
4.041220857446892745e-01
1.700641194804767053e+00
5.365159404833522716e-01
3.284479405713750744e+00
2.380418860779002499e-01
4.212579030742472086e-01
7.481153106269315956e-01
5.578709396618909411e-01
1.186525385813355982e+00
3.813512016798487725e+00
2.111660588596365518e+00
3.688556294582349349e+00
3.299176488158640508e-01
1.358347763947245879e+00
1.314223937882085380e+01
8.087775445747262815e-01
1.951197847483321590e+00
1.335520443575650695e+00
4.124737871724470928e+00
9.337806116629463471e-01
8.934254373753674372e+00
4.130521245916448647e-01
5.949779192352266932e-01
5.876854040912450339e-01
1.153778757745922201e+00
8.869229064370081073e-01
6.943881322877964557e+00
1.049458940416021502e+00
5.341335921904984296e+00
3.321388407676996390e+00
8.165630291738724678e-01
9.097602488468141679e-01
2.767127162493895565e+00
3.175702706512605999e+00
9.651226394790660690e-01
1.541271339558447417e+00
2.996760419152835753e-01
3.970693186222260973e+00
2.384072855641362620e-01
2.909089292604010724e-01
2.274096365253966689e-01
4.434011989101664941e-01
1.330426622481718280e+00
2.911796852557590576e+00
1.116124326188371096e+00
2.587675824762472487e+00
3.269464788455659576e+00
2.179739085777857022e-01
1.218290474147730729e+00
2.062949208319031946e+00
1.404385163962542094e-01
1.096900989002542293e+00
1.782361321063364423e+00
1.101080582398085150e+00
2.383126400669940415e-01
1.016989004491364312e+00
2.390540395409836094e+00
1.285566127529858882e+00
2.625923247800828975e+00
1.012918988923988461e+00
3.055547478338719536e+00
1.859299433295677417e+01
4.087944017305528699e-01
3.990087944305447110e-01
3.399840660611359588e+00
2.023440005873385628e-01
2.229508208991728690e-01
3.113598563690005983e-01
2.762073187609251912e-01
9.138561071816441839e+00
5.616131750838443404e-01
8.339027168107600474e+00
5.961291016033688495e-01
2.274438636608145270e+00
9.014232378082258634e-01
2.185563373616252747e+00
1.505938458998435037e+00
3.183294612851697014e+00
5.116484990651095632e-01
6.154085582576712676e-01
5.152160299055632553e-01
3.791031222633418185e+00
4.130995147163088355e+00
2.912880230527754133e+00
1.645860000749653773e+00
4.388286478320892470e-01
5.414423589915788870e-01
3.803723179137694643e-01
2.114431854409050793e+00
1.418191350620108437e+01
8.081399895140153333e-01
2.348302979805397595e+00
1.576557130428449582e+00
3.051318112832187346e+00
4.685110934310235287e+00
3.559548247332577020e+00
4.823123795000998193e+00
2.385269949390032451e+00
1.493581618192362237e-01
2.532781030296155755e+00
1.166157919317533320e+00
7.049413774349813089e-01
2.162268451857543017e+00
1.413036182461025358e+00
2.485525750345113083e-01
3.380456589004167789e+00
3.507492292143241208e+00
3.189558869582247991e-01
1.935592577041181483e+00
1.700466984894020983e-01
2.263149645510101060e-01
2.304607779976659110e+00
3.780740251622344950e+00
7.355771930405429204e-01
1.356336269436827058e+00
1.506250512044431833e+00
6.170148904575512017e-01
3.978274305109224529e-01
6.139646271189324045e-01
1.060895207731962886e+00
1.351947996611422509e+00
1.183710530292789942e+00
1.817259072889982896e+00
2.069949566351015069e-01
1.382363675233102107e+00
8.037796806535217886e-01
9.575645525972960037e-01
6.295424937103463181e-01
4.217294923429410147e+00
1.470085733762573010e+00
1.963288321976573547e+00
6.714475766411640567e-01
2.405040202151347728e+00
1.073691956195256925e+00
5.466999135343123539e-01
1.103647172366750251e+00
4.411397716311363792e-01
1.008813127576873470e+00
8.063968226419205854e-01
7.451632027673035230e-01
8.289220656208445837e-01
1.656164610183333386e+00
3.979220833891881082e-01
1.021294310649527803e+00
2.707761047215451189e+00
3.408011815606608041e-01
7.060322404877422686e-01
1.074461712308500294e+00
7.658560837482388806e-01
8.683706891796629801e-01
4.000180827275870432e-01
8.108893353310695495e-01
8.440270653400494538e-01
1.718607987817363014e+00
1.182855081034596578e+00
7.052648362954617722e-01
1.764921677418890278e+00
6.951620219629023323e-01
2.077609523079379183e+00
2.420418298016797087e-01
1.633208682591224870e+00
1.708827616073982147e+00
5.437115508168320899e-01
1.650812501913731190e+00
8.874363768587041346e-01
1.074782569041196512e+00
1.174563448387304643e+00
3.778081118961568396e+00
1.343917792357152363e+00
5.022394654666640923e-01
6.705254289812648816e-01
6.148615675809936398e-01
3.119620447756308868e-01
1.134900302055028121e+00
1.228190303604297373e+00
3.788846547825735489e-01
3.280019130710538078e-01
6.786970483840294444e-01
6.932127318302601093e-01
1.205531438614721784e+00
2.676848331233826261e+00
2.768523946902677668e+00
4.576760380430003328e-01
1.247864847956403844e+00
2.910366142786867116e-01
3.094546103790381419e+00
9.468651210094771731e-01
9.495745781247745265e-01
3.394654431396231797e-01
1.764646897054506169e+00
1.105420112223539864e+00
1.030232518429431421e+00
2.130654234291573079e+00
1.391539019268652200e-01
2.213913049705195313e+00
8.977600819117885766e-01
9.698456684463808708e-01
1.791663317303063607e+00
8.632545710466003053e-01
6.483885303032262959e-01
1.079961290800371065e+00
1.568307429288368748e+00
2.770505890313450514e+00
3.412672655823805190e-01
1.244795491140639365e+00
1.691390268261439900e+00
2.061785741377320846e+00
8.862994385487116267e-01
5.629980370160767578e-01
2.909096491946403074e+00
3.719043220316809784e+00
2.565115233486338631e-01
1.015234208889440604e+00
2.597944731985997624e+00
4.348862707334674726e-01
1.073905017855183530e+01
7.399796663217762749e+00
2.647930874933772216e+00
3.198134373851935663e+00
1.677201382658332074e+00
3.016701773051937985e-01
1.109960167584340462e+00
2.652634183764260634e+00
2.011062139082743450e+00
5.907640187942411192e-01
3.617726469673567369e+00
4.860090996510748163e+00
1.908019303711356196e+00
1.388729580742781744e+00
4.680146735245051204e+00
7.655307011093415159e-01
8.957906182554915553e-01
2.567211163886947034e+00
3.012977852799503697e+00
3.307907353329437306e-01
1.873711280923724853e+00
2.903692344767989653e-01
3.407986231528532528e+00
2.095527360257967153e+00
2.464957139335568037e+00
1.286968805756962375e+00
2.126216064719313348e+00
2.101801808246717584e+00
1.669524875039354095e+00
1.901305597748903953e+00
1.132870507522964143e+00
3.230309920059156736e-01
3.367979505119476524e+00
7.021470213244222158e+00
1.185684382706394535e+00
4.444480219249296482e+00
8.834841073129316769e+00
4.911665821788098740e-01
8.195179335312482438e-01
1.958490919097074734e+00
7.920076823251164022e+00
2.465078282050353842e+00
1.386529619094687416e+00
8.465687453334771462e-01
7.996445997662409155e-01
1.726983109870628086e+00
3.087798455195688963e+00
1.522527390316809726e+00
3.570536495824607304e+00
8.679734670467850188e-01
1.631795284163219284e+00
1.990437523279819709e+00
1.938793083347195800e+00
1.213477328704712477e+00
1.653090859278703029e+00
2.423319333870216585e+00
2.647856897843034130e+00
3.983089142092628432e+00
1.473696356199702073e+00
4.848473561762433270e+00
1.933130799849264392e+00
4.580866125573430647e-01
5.556669152082348795e+00
2.027829513541322459e+00
2.423507962361712842e+00
1.273181867147349378e+00
7.889889259556004397e-01
1.753980576933342528e+00
7.048013262908581211e-01
3.131132588438040099e+00
5.359284132869664319e+00
8.513936517174862662e-01
1.476767714616814331e+00
1.466095304257803711e-01
2.451162332594151172e-01
1.411019240586451007e+00
2.993304056757584597e+00
4.039146110056409889e+00
5.672909767125298153e+00
1.240521088924372073e+00
2.144921975554736182e+00
2.121849653049820095e+00
1.221198977279764675e+00
9.655926543271782236e-01
8.294434048243354285e-01
1.331241168441642309e+00
1.538834284428627130e+00
3.017325255334493583e+00
2.011370250853032449e+00
8.523162231569618719e-01
2.272033250159861684e+00
2.257335722044350845e+00
1.281185940882906937e+00
7.982216443700415054e-01
6.851611364163444629e-01
1.868247242636845940e+00
1.872938375173263115e+00
1.624691103719647867e+00
3.525254070815182494e-01
3.807335354489376211e-01
1.241549221648965862e+00
7.399708283219375016e-01
8.187075017487623896e-01
1.332923505715844503e-01
2.015206018613847072e-01
1.359429402546562082e+00
2.949347415797476391e+00
6.123377504465512544e-01
2.302565827592226444e-01
1.074054003795024137e+00
7.337183380064490335e-01
6.572470895891973086e-01
3.602214889290099586e-01
6.605483081335445927e-01
1.989739219960670491e+00
8.007757394538178586e-01
1.103259839550450927e+00
2.608346799714695297e-01
8.216077427493798657e-01
2.343800280346258536e+00
5.965060058259264997e-01
3.365034848587823979e-01
3.182849128464380617e-01
3.642867468462592795e-01
1.582497716870639337e+00
7.039457981055101676e-01
5.652207828262105771e-01
1.626980062532966897e+00
4.679079506624732043e-01
1.984210291541265714e-01
2.397735205284387217e+00
2.405817586552542742e-01
8.449383870207631819e-01
5.526525501876305979e-01
6.617059284536428443e-01
6.197778361429813199e-01
6.439916519759950608e-01
2.479226257596506833e-01
4.888925493335403161e-01
2.476385586336284028e+00
8.013839968813494252e-01
6.508314200542658634e-01
8.582205751820284334e-01
3.627042462103875486e-01
1.421772744385866316e+00
4.335684804989005658e-01
3.394200872264682145e-01
5.700524018248270819e-01
3.935731346298809163e-01
9.639022224599586020e-01
5.388645836323517901e-01
1.494737621334048416e+00
1.711717715482014901e+00
9.492046717386440902e-01
9.284737657552898371e-01
5.257722997659198816e-01
2.389646768892420003e-01
5.082386857664276114e-01
2.138145000431356801e-01
5.648346393855107062e-01
1.774444684862836130e+00
4.549206302625726228e-01
6.153950723519718835e-01
9.671992772305189057e-01
5.572795527292345730e-01
9.289096764044767474e-01
3.354476532925566024e-01
1.535014604351103484e+00
1.771252262629806395e+00
2.707004166374955556e-01
4.192185111407361831e+00
3.300695672608108255e-01
1.328000852262787579e-01
2.398620060368716445e+00
9.680205839067097529e-01
4.127267225922205962e-01
8.889017271444401569e-01
9.398208102563967437e-01
7.117551158417290136e-01
4.408454853373275362e-01
2.089300478131014827e-01
4.978154070150023203e-01
2.812993013313164758e-01
6.251894172326959431e-01
4.166960637827562541e-01
7.812460170058402875e-01
5.755914032394047197e-01
2.634489227657286770e-01
3.125209390456489267e-01
1.859779877927636882e+00
5.472104116022694642e-01
1.930768443274337443e-01
8.990252893943171397e-01
7.389817438551857798e-01
7.171507448565764831e-01
9.411238867404636554e-01
5.972696120674815257e-01
1.116156029053350651e-01
7.589988530599809380e-01
2.491515426819748136e-01
1.610016725093242340e-01
1.350966340305615576e+00
2.010415311482563361e+00
4.887817163911911122e-01
9.924028713076203934e-01
1.448581143301568286e+00
1.280646725451462631e+00
6.359841032125108651e-01
3.250201967114766388e-01
1.752826036875350990e+00
6.834172200950222598e-01
2.249889251515034161e+00
4.770141606478307317e+00
7.642970831304107815e-01
5.554064803585815335e-01
1.156829963523335003e+00
1.430467393937032039e+00
3.674099027153012176e-01
1.632075004548209085e+00
1.470821495630056930e-01
2.031826530771209782e+00
1.130610569742861449e+00
1.234891478750820060e+00
4.729509247585803045e-01
4.021011030709907841e-01
2.481274413195473094e-01
1.757934409894505334e+00
5.789078848274286093e-01
1.913302811760403399e+00
3.567056255475990589e+00
1.257639947558571558e+00
2.583840016270044782e+00
1.579442539603810758e+00
2.298045393059282127e+00
7.489614525331560468e-01
8.653354810250425411e-01
2.630981139214059628e+00
9.376070643442654395e-01
1.027126891213413051e+00
3.660085524722730965e-01
1.378096765168021820e+00
4.728787419392229685e-01
1.411157738213295598e+00
2.470438910507441133e+00
3.154656637187494561e-01
2.097577876145266362e+00
2.058832717530145462e-01
9.293377838970894089e+00
5.525271926092027996e-01
4.536272538249748187e+00
8.212475081538763710e-01
3.842718363938865678e-01
6.241275764139934124e-01
9.824228382798990689e-01
1.520321824101816544e-01
1.823850155126673478e+00
6.156932477859390351e-01
1.400271942156707361e+00
2.792672529381805546e-01
2.826547714058988969e+00
1.219067513306558492e+00
1.850649979012059188e+00
4.563810029118214873e-01
8.506876690078877701e+00
8.683772732711650955e-01
2.610630702773200085e+00
3.595696484647519231e+00
1.417629968001588914e+00
1.496595192713294109e+00
8.542178101446633587e-01
5.264067924406261589e-01
1.405786863577295209e+00
9.333709144432124072e-01
5.216484774143562708e-01
1.899117197882243646e+00
1.960035845370065033e+00
3.079174727313425119e+00
1.568565657662759572e+00
5.062359992043350410e-01
4.487652599855913027e-01
5.221827756433448098e-01
6.593934215661988452e-01
7.784507280248076366e-01
1.255641167521550416e+00
1.511463204994655474e+00
5.725427936892771852e-01
2.024947121653581650e-01
3.896210280772455237e-01
1.952667597775934460e+00
3.857637745220874770e+00
1.121938121430228419e+00
2.416226819805092241e+00
1.338901377643697188e+01
2.901731475316154385e-01
1.828476518833580255e-01
1.882486746245646547e-01
2.151401474436944294e+00
3.681909509695692417e+00
3.611456967948481367e+00
3.470292824333700010e-01
1.514112889061190570e+00
4.694069032167480060e+00
3.102334330091090386e+00
1.015023323634519636e+00
1.631477047019110005e+00
2.972850848387087908e+00
5.258585507994579800e-01
1.138946279596304345e+00
1.101405207439662748e+00
1.250289766097184785e+00
3.660672457995114648e+00
2.027158003695992861e+00
2.111962682737594132e+00
2.260756944612432928e+00
3.277719749697769913e+00
1.826552396152935076e+00
3.406249501063553620e+00
2.636872915514761218e+00
5.501669289282059561e-01
2.525097834781087514e+00
3.958015387920796879e+00
2.641233663940454335e+00
2.884380652922716948e+00
6.338916720385718850e-01
3.243219679911732101e+00
8.648222095378148566e-01
2.864855748225574317e+00
1.388500226582262798e+00
1.115024058290085440e+00
6.947462148312250063e-01
4.049063553473216004e+00
2.995101378878632037e+00
3.495726927331559875e+00
2.985739902303181204e+00
2.361888880016011161e+00
1.599246627832573431e+00
7.514154165247106665e-01
3.106476474292378054e+00
3.173127063344270749e+00
1.249729147284877717e+00
1.095983318112776939e+00
2.959024107955971594e+00
4.593981744266505962e-01
4.823870334163900431e+00
3.651844841616799009e+00
4.770337535966906017e+00
1.146825878764415219e+00
7.176961842834324035e-01
2.846179146845372543e+00
3.583994478000858130e+00
1.079885747120238104e+00
6.934542288645074493e+00
8.008126064768378294e-01
2.008656056620751418e+00
3.725035287176078125e+00
2.020063452496166256e+00
1.903064946719488004e+00
3.351154340816824728e+00
1.499611420745274426e+00
1.999975684015722344e+00
2.290877387368098539e+00
1.123452626255593945e+00
3.274297058813167460e+00
1.189583042532717982e+01
7.498695376591993700e+00
4.188520789721191129e+00
4.945615092626565734e-01
4.706143984756260834e-01
1.952177869782408370e+00
2.129481786219571848e+00
1.662206332781344331e+00
1.160548017683868727e+00
1.417755629204151324e+00
1.948391014488915829e+00
2.864241703236282799e+00
1.266598253356067794e+01
1.662754491826325776e+01
5.515882611547841208e+00
9.981276336441494701e-01
1.836707272253165213e+00
1.836178044851215940e+00
1.666724447338562731e+00
6.927728012102231381e-02
1.100389236091324108e+01
8.422424531600196662e-01
2.191193606728262466e+00
1.837093001577555285e+00
2.900909974668555158e+00
2.303421437003427830e+00
3.503231225685018213e+00
2.249718874754491171e+00
2.774925172285752417e+00
1.797495781339684573e+00
2.379572046593081858e+00
2.451952246806762048e+00
1.637984358718022504e+00
1.817661346470738515e+00
7.713383113940823765e-01
3.970003431751910616e-01
1.035505294861547743e+00
1.609462842769269209e+00
3.664643144331642510e+00
4.711848682247423170e+01
1.281712400553368880e+00
3.947829043810792360e+00
2.811857516793425660e+00
8.424676775771867687e-01
1.419997929640073764e+00
1.723809998149382405e+00
2.022020906531320161e+00
7.805158471874743542e-01
1.031240835127039679e+00
1.562211942150823596e+00
2.301201006038469998e+00
1.304827570919515400e+00
1.178034958311014790e+00
1.404508030851438605e+00
4.752648606130668973e+00
1.352448394816789445e+01
6.338682980836424230e-01
4.823251251761467850e-01
1.551187017423981018e+00
2.304421286960215198e+00
1.047775755321634250e+00
1.013542916753792378e+00
8.445834248886072704e-01
1.324364187150541383e+00
1.797562119588860474e+00
1.225263578531740283e+00
3.336966628548226899e-01
1.445558617698654791e+00
9.162851698962801716e-01
1.022769608882174719e+00
6.305628836880212695e-01
6.060048027705408069e-01
2.404148356403960296e+00
2.762082101015525204e+00
1.332128652841631844e+00
2.007439789683891807e+00
1.215780036508265605e+00
1.002669048757582448e+00
5.481406566930048241e-01
2.955543263959133693e+00
1.822451656189592262e+00
1.172866157105592499e+00
2.158859278252230229e+00
3.904330494463763124e+00
1.980347148116416545e+00
4.787804800155371687e+00
2.624323573867501036e+00
1.242427738625330402e+00
8.142112963936593006e-01
1.614873694567011686e+00
1.455957182881388867e+00
3.077640337945348303e+00
1.532190171166424530e+00
3.439523677558142256e-01
8.169869310724675593e-01
3.944662652409358650e-01
1.236113187191269169e+00
1.902690595187268130e+00
2.674964061975740215e+00
1.883917112837058871e+00
3.785016761956534470e-01
1.247644413395677443e+00
2.088752779284488881e+00
9.017722771045718622e-01
1.450050268457898417e+00
6.131243401314517838e-01
2.494046186623906536e+00
2.324196031123319517e-01
1.807259343500526638e+00
2.447943157647389345e+00
5.836219262908484140e-01
6.710271393408289153e-01
5.604076896135449237e-01
1.753753331355631717e+00
4.547226793432242453e-01
2.044949438892074145e+00
1.445660072904082494e+00
3.130152257042184694e+00
2.501438044611316025e-01
1.664882956924464141e-01
1.041394868390763229e+00
2.111906327234339464e+00
1.433031123809991092e+00
2.288284810215913123e-01
3.087736350237452188e-01
1.137362495685889652e+00
4.569447648771457260e+00
6.954197139527341642e-01
1.475153965966810032e+00
2.859037365933970509e+00
3.343202431548427001e+00
4.385967964030025312e-01
1.068847207709608504e+00
5.138559256369271688e-01
2.962869180590550489e-01
1.135064656108681680e+00
4.195239064337250023e-01
4.659335510865716401e+00
5.265642086340356798e+00
1.132471160762434925e+00
1.895395861715051533e-01
8.451599755573437900e-01
1.050322212491636265e+00
8.473154277021560654e-01
4.661079248028105471e-01
1.933992153256441693e+00
5.009793104615659631e-01
6.926485219098020840e-01
8.878471746107020612e-01
5.443591332227446511e-01
4.454444305739215793e-01
7.330385515714296085e-01
2.182033668534089088e+00
1.284231489364799694e+00
5.274183416756624831e-01
1.441591286015436069e+00
1.356087544041406190e+00
7.217826838237421105e-01
1.621069026017774473e+00
1.438281264649141189e+00
7.120379286965284216e+00
5.597689893287061125e-01
1.898557871593509194e+00
1.108799172825614576e+00
1.422943680377565467e+00
9.447192490062958914e-01
1.213903563146030207e+00
5.779575367873677205e-01
1.153903665990939409e+00
7.858507738323190495e-01
1.733072796482991729e+00
1.716728976218604208e+00
2.137181871296244928e+00
1.336514533462008103e+00
1.683636302983545718e+00
8.745111670942971038e-01
4.507875982531510672e-01
1.395794626140685057e+00
1.581376800522964698e+00
8.147231765800367898e-01
6.697320665960392105e+00
1.536437915622643091e+00
1.086871092370694569e+00
1.049145610956546459e+00
4.402640643034151147e+00
7.942320013803263468e-01
3.346030522054637135e-01
8.721605781572515426e+00
4.613923239740862492e-01
1.045815285003445450e+00
1.220521060848070327e+00
1.434163835219661465e+01
7.148011780679002225e-01
6.393976942208032810e-01
7.429012509376421214e+00
2.009346948539268318e+00
9.357209018552752333e-01
3.737670176182119608e-01
9.376657384307474086e-01
6.771962285755184219e-01
2.441596824151204270e+00
1.352971002316676108e+00
3.724570641785271086e+00
1.361474365234677464e+00
1.924243641139407712e+00
9.056980588789467213e-01
2.674294042124817583e+00
8.480021889218912756e-01
5.394213550645982735e+00
9.292977775049976463e-01
9.498940747019389619e+00
1.437789561222289736e+00
7.681291197895547818e-01
3.882330769913228674e-01
2.550705808831495447e-01
6.481285785441156300e+00
7.011184327406153605e-01
4.966709657961335678e-01
5.190829156218415008e-01
2.277265250731284851e+01
2.874137598029666285e-01
1.152431003333489468e+00
8.374126832105260876e-01
7.759990856319405328e-01
1.724391607491974621e-01
4.250215983310853263e-01
2.843210948245395286e+01
1.427558739190765369e+00
2.167622674984696740e+00
1.768906085890194824e+00
4.685454642013659132e+00
2.993174641243553924e-01
5.546725593797408038e+00
7.224222517044494030e-01
7.715899419019002892e+00
1.132351187820038962e+00
1.338605811280999980e+00
1.236318530951496131e+00
7.580049311381550359e-01
4.807999437867087611e-01
1.816707995314917223e+00
3.447211519430495752e+00
8.047098491654588459e-01
1.453988649766010166e+00
6.011940938471074247e-01
3.434245619393453186e+00
4.122541922785665669e+00
8.381541864694787014e-01
2.735981360264384543e-01
1.589748492167784910e+00
1.437799602942880783e+00
2.363860576665209656e+00
6.316253095863112677e+00
1.357141723612890649e+00
2.342873322517190715e+00
1.265974368365360592e+00
2.600134336701669113e+01
9.417164285882508867e-01
4.876629757724653680e-01
1.734353015624385597e+00
2.105582579160051981e+00
3.959279783835620403e+00
1.594688096858896120e+00
1.622684422668215998e+00
2.885902737607476620e+00
1.109141554925203721e+00
3.436177748260034193e+00
7.573646808598611946e-01
6.463770986170882527e-01
1.066900045563580424e+00
2.699706447597581604e+00
1.135715377322563446e+00
9.754104088100133962e-01
1.417116281840227865e+00
9.899566047799662982e+00
7.792600062809483807e-01
3.059958525543622909e-01
7.555269395177320213e+00
4.896460661126648795e+00
1.262396691900834700e+00
4.917504667125525586e+00
1.922611790361972606e+00
1.189509424353065059e+00
7.778273454639280660e-01
1.001166969754073710e+00
4.420564604786682006e-01
1.510106525980863923e+00
1.214120393956588939e-01
1.053472756190817483e+00
1.359395139264739072e+01
5.118516153503848365e+00
1.154290313881982222e+00
1.233010922175193436e+01
2.709094433231010957e+00
2.480321204860727935e+00
6.695332185470885822e-01
1.548463789836736604e+00
1.439214461693220315e+00
6.690521708090031439e-01
3.112083901648477369e+00
3.118703826538167245e-01
5.184914126444954974e+00
8.267694210495401208e+00
1.875577295658541477e+00
1.099552204585447779e+00
3.138828764807251481e+00
4.086693735095344060e+00
1.322256398003393230e+00
1.978683327516591817e+00
1.846546278239747485e+00
7.215496731080967230e+00
1.545424689914286276e+00
1.065893302431214273e+00
1.165442321450304242e+01
3.491447566616972864e+00
2.893922143921686452e+00
6.731599698167912704e-01
3.579412229815636337e+00
3.789973709868944329e+00
3.679257936393122375e+00
4.011185299834289175e+00
2.587211529294306533e+00
7.804554429409711336e-01
3.325802879888521968e+00
9.558459057437713735e-01
1.313725668113734368e+00
4.614422590905403965e+00
1.915559089830452200e+00
9.693501317024028063e-01
3.020648146044594196e+00
2.137925118122993684e+00
6.808200326068488684e-01
3.600377015146599025e+00
2.389046042500652334e+01
1.825188407838505888e+00
9.694147196246552411e+00
2.335540504099186343e+00
1.249094655059384529e+01
9.545615389468114387e+00
1.132774022826501081e+01
7.420818281987968668e+00
1.619831956470916978e+01
2.213128082565938470e+01
6.295589075243676724e+00
3.935500291858982980e+00
7.924128820007299012e-01
1.181594347572213621e+01
1.163803655588308139e+01
1.893381792365816274e+00
3.049908014893015995e+00
1.452630318687772704e+00
2.064423158450605644e+00
3.015199290588706305e+01
1.804129813957106165e+01
3.056198293749260220e+00
1.783103894406051770e+00
9.496437589354192355e+00
3.089966533475587696e+00
6.238547712768901299e+00
9.256969399289644684e+00
1.950370276454899354e+01
2.622397980191921274e+00
1.241281982821099916e+00
5.445675849679799008e+00
3.638717574273964583e+00
1.213674192975518906e+01
2.872476767852227830e+00
6.770818955436144648e+00
1.000285826765819230e+01
2.193984509451825460e+01
2.830752680104221319e+00
4.407994742619692374e+00
1.473268728225501789e+01
6.741785026545062287e+00
2.991912460627708548e+00
3.316613931290741668e+00
1.721361535965845135e+01
1.988580972870341768e+01
1.850108656135511609e+01
1.491278050799184385e+01
3.387296842860764823e+00
2.137131722457776384e+00
1.125810811779113019e+00
4.278748768780095446e+01
3.204620786045098146e+00
6.795211697300062248e+00
3.484944183649310467e+00
5.332559939732987253e+00
9.234327040041470980e+00
1.345737515178585397e+01
1.345392679873172792e+00
2.462203799256297287e+01
6.107852990694026651e+00
1.387418345207481707e+01
5.922291303690424336e+00
1.325392081943076406e+01
2.091040147627430557e+01
5.369144790789368571e+00
7.246058068530107477e+00
5.461754502168037817e+00
1.322115089722765369e+01
1.530247478290617558e+01
1.264517541710332482e+00
2.098569583602423450e+01
1.154052887595888421e+01
8.851437820582475524e+00
1.180320585667722888e+01
6.118777840844924931e+00
2.175608544340126471e+01
4.100839135123365509e+00
4.736574652203985103e+00
7.317022009100832669e+00
2.496496519829962679e+00
1.939678321592275267e+01
9.742434822374226755e+00
6.805376902682557905e+00
2.920864004822241622e+00
1.104932820048226016e+00
3.599814757613382543e+00
1.224074678354877044e+01
5.498678370360492451e+00
7.545736474990910381e+00
7.402029985437774684e+00
7.707876510702812212e+00
6.637978259119434732e-01
7.035320019206244169e+00
7.023626540917631722e+00
8.602309868738862164e+00
1.713702268940056328e+01
2.638741902031084496e+00
2.978829528302437879e+01
2.350449673131443262e+01
2.582642640932936828e+00
2.379302226906766293e+00
1.987700773980505042e+00
3.363227995785951219e+00
4.374886985018458851e+00
5.702448938064040185e+00
9.979642350753785696e-01
4.225486574878588364e+00
6.638813314394002241e+00
2.034574121184048678e+00
7.720675582457456443e+00
3.395790151784713107e+00
8.284462800529601267e+00
2.272173775933280293e+00
5.349352874210691944e+00
2.258460271117406393e+01
6.021785312513844524e+00
2.587022397955204944e+00
1.400452181428003406e+01
6.116226085329536488e+00
1.640515082847885830e+00
2.702941823822428979e+00
4.531962213720721167e+00
1.209845221805841042e+01
1.013481329989263324e+00
4.811912244385377235e+00
3.557952534401409128e+00
1.693021333235610015e+01
2.525292061124448484e+00
3.607727341189528403e+01
1.491025888386076659e+01
1.027652635157880034e+01
1.873135229856504935e+01
5.275883443551080632e+00
5.782989054606814783e+00
7.852532172575102942e-01
1.479989843953647632e+00
4.437763970516765077e+00
1.825039197771083144e+00
8.295802994848315848e+00
1.926728143499648160e+00
1.400269892311257980e+00
7.379443157231284189e+00
1.199176588759693018e+00
3.330681334599097987e+00
1.154028720686050491e+01
3.844889936628672622e+00
1.704066478907219562e+01
7.456031314250410880e-01
3.797715608744736127e+00
1.472361631359703882e+00
4.190819122881242365e+00
5.350066341992390839e+00
1.121157701306252008e+01
1.421194325230286992e+01
1.028543713610492283e+01
1.207340384735011929e+00
2.305348527404304182e+00
2.958252291025738145e+01
2.780157254875322614e+00
2.817497761831207370e+00
4.037219122724336806e+00
2.051245188646629192e+00
3.427575998457982109e+00
6.684921980044918222e+00
3.072394554937076450e+01
4.111399604141401931e-01
1.494739629417034088e+01
6.347119245872784532e+00
4.428847673711285182e+00
7.420578374274056088e+00
3.019581532444391314e+01
9.433656973715472960e-01
3.787579303587844226e+00
3.790911452877200105e+00
1.814640478262996126e+01
1.939421439943256997e+00
3.861369874836363181e+00
9.168749212795085368e-01
3.012384683619568460e+00
1.840025962937597015e+01
8.017894449217450870e-01
1.898740995581859048e+00
3.159628870630477948e+01
5.273570196313089653e+00
2.768488327185690423e+01
1.388253673980329062e+01
5.644482241457550842e+00
2.976880391902455614e+01
1.486944651173893517e+00
4.511959938380767809e+00
4.102343297332748939e+00
6.689051938389989793e+00
4.865235522856570682e+00
5.323178372136414538e+00
9.084001794093050641e-01
3.433109035423272726e+00
3.736489721864345359e+00
4.497017429133458677e+01
1.857006269041514779e+00
2.961144005342924324e+00
1.159421798709491941e-01
1.046603766168076488e+00
1.296493180320301697e+00
8.458371024271087890e+00
3.440290669597912743e+00
4.012425715965215467e+00
1.442952283033370975e+00
4.267790938610725449e-01
2.353343091327610992e+00
1.147103455864508792e+00
2.729108843645147608e+00
1.689703654690243750e+00
4.298029032712611830e+00
2.520091761925889351e+00
3.836543950832829619e+00
4.663436097911380251e+00
2.002225463369621927e+00
7.460793833739077785e-01
1.658598638403978143e+00
1.257230014664158624e+00
4.278718084019306644e+00
1.144506308423130170e+00
6.940538101888179545e-01
1.276154768021438901e+00
2.942586690159233687e+00
3.362196287425228025e+00
5.282854014122761122e+00
1.109979759035511160e+00
9.241516149491175725e+00
1.106225069330147637e+00
1.706013619250665636e+00
2.429768578754732289e+00
1.608466051520982099e+00
2.805914644647795608e+00
9.574653908000286817e-01
3.184170334579077277e+00
2.692017650191305678e-01
2.446423470236110731e+00
1.694482236541540843e+00
8.191896592025321056e+00
3.825935608045567982e+00
6.648502748123125805e+00
2.108600882987589742e+00
7.430224445157336266e-01
2.034781188876034985e+00
1.926448950908615121e+00
2.437160856727757619e+00
1.370857851551357198e+00
2.509924695908251735e+00
3.590539181412676584e+00
2.362093204994422657e-01
1.594139487065369121e+00
2.348075342141682231e+00
1.309228914069551220e+00
1.732412186741502991e+00
1.193698126233182721e+00
3.528250232640266493e+00
4.771463477384152441e+00
2.809427825841237070e+00
4.389943647086099077e+00
4.689376425712797669e+00
1.670549941079826128e+00
2.862790535000505621e+00
2.435451917138091726e+00
1.794175821780096935e+00
2.476002256335486429e+00
1.164376056016137184e+01
1.298979586483105297e+00
3.030716902308100646e+00
1.297548698157877212e+00
2.160743125864217351e+00
2.121346318076095194e+00
2.566293446043091286e+00
1.053537769005531199e+00
1.401684474178120077e+01
7.457143161227661743e-01
5.002407298676208036e+00
1.029063099319995844e+00
3.139618731323054135e+00
8.061328481848021310e-01
9.712949863209163759e-01
9.483303191569616430e-01
1.347440124269948392e+01
1.184895165275939855e+00
1.416791167402332796e+00
1.764006771860153089e+00
2.060864574308977293e+00
4.813960370287977852e+00
1.654296888932653697e+00
2.535878931392634428e+00
8.330539280306636485e+00
3.792760722397749085e+00
2.479012255715184132e+00
1.032113346827782330e+00
1.972511280200848205e+00
9.264069942204649077e-01
9.704471142467352429e-01
1.764837875271847878e+00
5.502920351728249670e+00
6.619675103458372289e-01
2.374593255354370047e+00
1.769984387384139768e-01
2.316614554104835744e+00
1.807170299954227399e+00
1.606268798323806424e+00
1.849722506686758638e+00
1.571368619548300372e-01
2.511597404271514122e+00
1.131416272732147377e+01
3.542263288983517722e+00
2.030119414214689999e-01
3.193701418147508519e+00
2.307258356228800267e+00
2.244562069994298525e+00
2.866433044182539192e+00
2.778425211144379681e+00
9.510019144432373395e+00
7.677007931351081949e-01
3.421345800599663090e+00
1.166202077477549226e+00
4.341056157339806543e-01
1.946629162888173070e+01
1.999650045509414387e+00
3.898646995434514650e+00
3.212743078817619224e+00
1.488432429478019126e+00
2.966040027405641766e+00
1.813945673828381011e+00
3.175439187188350942e+00
5.479012225564600103e-01
1.727828898760335852e+00
1.250937649945074392e+00
1.440466769346061771e+00
3.268990796456304526e+00
3.302028768437796913e+00
8.783679735287146517e-01
5.813566698026733093e-01
5.167995684489676833e-01
5.258232646066799632e+00
2.902244196267185217e+00
1.417706066883777538e+00
3.384670123630083349e+00
1.817158926941755626e+00
4.726686945073572121e-01
4.579344711287403946e+00
2.204745607410903752e+00
1.882219697952139947e+00
6.238703928170603596e+00
5.388558518604356529e+00
1.250114113496185286e+00
1.186000525968473163e+00
2.731903468354802023e+00
5.504682543211278922e-01
5.229241555706009237e+00
1.413916755119687174e+00
4.768620476138858422e+00
2.863072619157453147e+00
1.257693746509600885e+01
4.512596586145146027e+00
3.876830650734325534e+00
1.724369531557495172e+00
2.213165986637041005e+00
5.517452611527429163e+00
8.156002177543965059e-01
5.067614964457721527e+00
2.942201541934827969e+00
2.955121619589319071e+00
1.531587309793490448e+00
9.908292914141771934e-01
8.682102555485483597e-01
3.991095524753961454e-01
1.665638995802613209e+00
1.187914130666660295e+00
5.668550804129545151e-01
9.045164697180850810e-01
9.956605982568536017e-01
1.858862298372917721e+00
1.048769521371602398e+00
9.861150595634663452e-01
3.722084785432037690e-01
2.156990779748093612e+00
3.644151520848335046e+00
2.804206026727739109e-01
1.936850015100114009e+00
7.705404300805720474e-01
7.082105388945945101e-01
4.577408242070534428e+00
1.033418449992925536e+00
4.750779826765949565e+00
3.745942810984904892e+00
2.577337666184417397e+00
6.132396629617047346e+00
3.052194602306637972e+00
2.076561509277732309e+00
7.468072721661437541e+00
7.219823340818993795e-01
3.563194419256086931e+00
1.171635825470778514e+01
6.636751404469901638e-01
2.825857191749943098e-01
1.921397896143096640e+00
1.122850489126912210e+00
1.147752973667256038e+00
3.637291976054294329e-01
2.117642693226320816e+00
4.611793460427239033e+00
2.525021974297605887e+00
1.018356923755890042e+00
6.524284571698463209e-01
8.666911466918922891e-01
3.344936615123223600e+00
3.075209566114459614e-01
3.777441412100648321e-01
1.221589211966850330e+00
7.989366060796366797e-01
6.900402066772811649e-01
6.808774557422357931e-01
2.046826334785972978e+00
5.140351737673199972e-01
4.476220904468482531e-01
1.307826426990858604e+00
7.053462466351916316e-01
8.613982165053343243e-01
1.558505466707801101e+00
1.117189144560786662e+00
8.417897929520041789e-01
1.198994684127633770e+00
1.023356589250201676e+00
2.291908279780635382e+00
1.058825490435446826e+00
7.783326324244999039e-01
9.217704792081469201e-01
2.047411763438892418e+00
4.949550019173201143e-01
1.656513235571393627e+00
4.665198660315115653e+00
4.661850297072495652e-01
5.173580473937240409e-01
6.958314564625287524e-01
9.314409168627922897e-01
5.068259611998702674e+00
7.392361969532119659e-01
4.133168323485356233e+00
1.754377835829363574e+00
8.515505943817791579e-01
1.791405692067871769e+02
2.437922749020677404e+00
1.563994383968628776e+00
3.257363078354385433e+00
1.015137919154745827e+00
5.193227218154256031e-01
4.666703244223563196e+00
1.298445885839473846e+00
1.011663510831900537e+00
4.159798735531494152e-01
1.014681872205715685e+01
2.140185003439492029e+00
5.297661902083848240e+00
8.416730508981177250e-01
1.227742006746133541e+00
2.125021707299366902e+00
8.106914126355611039e-01
6.012668418190735053e+00
1.766643361292678946e+02
4.739387204418307853e+00
7.105641678907763659e-01
3.921899569568750854e-01
1.640787428985135188e+00
4.617323502374138799e-01
6.055175667351445412e+00
1.865215189893101089e+00
6.394100922010364840e+00
5.715084632928657538e-01
3.388183695335585721e+00
4.202804364352183963e-01
1.588624669362386443e+00
6.385677188383449554e-01
1.536184581532441751e+00
2.292231070965081163e-01
1.884506600569328061e+00
1.123407728655363691e+01
2.635556556086966484e+00
5.956609519673130571e-01
1.833530740248156432e+00
1.277063769219856093e+00
1.520141433577304468e+00
1.572113589047092974e+00
4.828927337464651082e+00
1.452209610503706561e+00
1.515715867676576734e+00
7.947570227488827133e-01
8.873645479181413442e-01
3.129038805229291231e+00
1.653163458805023689e+00
8.598323525454381056e-01
6.754110568765234746e-01
8.605453618891855117e-01
9.699962440779320572e-01
7.089556226071648259e-01
3.493827844996758802e+00
2.302649924601951614e+00
4.256349482105112325e-01
2.577689338098819949e+00
2.678963503827474835e+00
2.896868807946153090e+00
1.268357923212980687e+00
7.190705767487639832e+01
5.878486578346515046e+01
3.759553431920382299e-02
7.370869082336516387e-01
5.807463647140599372e-01
7.552738738733576485e-01
1.702146772916825341e+02
8.398379284779011744e-01
1.664322898320791611e+00
1.449102405084750966e+00
1.947280464772523256e+00
9.111177116828184808e+01
2.357394768685525221e+01
3.413414007745126932e-01
1.333824069977775084e-01
1.627315684511411842e+00
1.616803628971051232e+00
2.838223916019060766e+00
4.365692146871569257e-01
1.163182600096635433e+00
5.075627329037221358e+01
1.187670501674180784e-01
9.174037042999667335e+01
4.204356668019321397e+00
2.377443038323105995e+00
3.808853987778135219e-01
6.213988643830520298e-01
9.012201959979449839e+01
9.398046833269172851e+01
5.950707732406230743e-01
1.725159110629588932e+00
5.028956988330184341e-01
5.761291340813770034e-01
4.342149493623911560e+00
2.557174396752016321e+01
1.439977655587287853e+00
8.601639123777392593e-01
3.809677863894226357e-01
1.716271045613621204e+00
5.196755695690531418e-01
4.799084165810496017e-01
6.173940378943826301e-01
2.210520785335611804e-01
2.861186304539797387e+00
6.112996325693229593e-01
5.594262592136944079e+01
9.363135213844093130e+01
1.250655408191796214e+00
2.233855805993808730e+00
3.172315059440605212e-01
4.248199938958870936e-01
1.677648530877864275e+01
1.119984537134713909e+00
2.725219151893784608e-01
6.842167397290450026e+01
3.462266944224703025e+01
9.121245509401988727e+01
1.661975128105738442e+00
1.559406450378339173e+02
1.771994020443169005e+00
3.071941259108502020e+00
3.436550128999204534e-01
3.494785923595695176e-01
1.444340303569574768e+00
7.188229305893674148e-01
4.993027129947716913e-01
4.666644753419033065e-01
1.800732655873314769e+00
1.032948286003508631e+00
7.910722281353915752e-01
2.143273393655257042e+00
2.471322563960458296e-01
2.915606391301310829e+00
1.714604351294451101e+00
5.055477661879403950e-01
7.748819100181501440e+00
2.556239119348929112e+00
1.167933810751116130e+00
3.661687898888253412e-01
1.031836435152569731e+00
7.205310315343100847e-01
4.373560889540852870e+00
5.444739220119295675e-01
3.388268177669027992e+00
2.598014765912331825e+00
1.189921245923579951e+00
5.184623784105344413e+00
4.646416602521413353e+01
5.998591424551857898e-01
2.344532443758141849e+00
9.737428512902968070e-01
1.320686715283817314e+00
1.242389625551099108e-01
3.684166563686479101e+00
1.679593081967514445e+00
2.511505636265133568e+00
6.857997434596133646e-01
2.239550357774895417e+00
2.124174222794700473e+00
9.506075572244353511e-01
4.475608682065338684e+00
3.521776035538423333e+00
5.630207639942468312e-01
4.452801495249342878e+01
4.220995573827119318e-01
1.747972725266235727e+02
2.409397736744873342e+00
1.009681863488895104e+00
9.898094762900844223e-01
3.448818703282180431e-01
1.177556080839905928e+00
9.265388270496808243e-01
1.310136070915297157e+00
1.975903468578351641e+00
6.034324203212317883e+01
9.828785011261039761e-01
2.330934835840288155e+00
6.919527521593916708e-01
4.750668156338019310e-01
3.491366994398570345e+00
1.790479346736957496e+02
1.095324835580853806e+00
2.154307770749383621e+00
1.639269750256154978e+01
4.482660298075157868e-01
2.498071272541262378e+00
2.852429070918978127e+00
4.338745873821968080e-01
1.640433902718072989e+00
2.463484068940742233e+00
5.402367538263075808e+00
8.794957526276399040e-01
2.317104003860443129e+00
4.950640567158648420e-01
1.488180557567128748e+00
1.945223469275798811e+00
3.082440898154644948e+00
1.337943214867162611e+00
3.122575348375253412e+00
5.415342386128797481e-01
2.000421027024893217e+00
2.951979944723876148e+00
2.143463193850939863e+00
1.614315154889166024e+02
3.317674946780465040e-01
6.187886537600100212e-01
4.371952307173045504e+00
2.045897621647627673e-01
6.484193850181092955e+00
1.639106177339050507e+00
1.111479699382981856e+00
7.207790562753781938e-01
2.591644997153926600e+00
1.041224973002834675e+00
1.257041758462746239e+00
3.134063553139768477e+00
3.864008548470681537e-01
1.646317049485714001e+00
1.692719186520256769e-01
2.955478842831006592e+00
9.419161109906016849e-01
1.193994000240192976e+00
1.026606341481846707e+00
1.582747483212752115e+02
6.086860777147304447e+00
2.047280614485567529e+00
9.377921095407676377e-01
1.704433337965672646e+00
4.023584868036766959e-01
4.203594324764627288e+01
1.260040175721196976e+00
2.434700714701710567e+00
7.327910634325112138e-01
1.550152388774833190e+00
4.502912936233288477e+00
1.435228547414959444e+01
2.167487542911740728e-01
1.111317922097498911e-01
1.693819971054845386e+00
3.924326422589177810e+01
3.438652492140575667e+00
9.280848915674612121e-01
3.385583809164149915e-01
7.613881700545932496e-01
6.814163806141407820e-01
1.491533404444487787e-01
9.413213383459083650e-01
1.843330672420912864e+00
2.510784953886376680e+00
8.959503592925912585e-01
2.185894551452156054e-01
1.058729835218809701e+00
1.135616047875331214e+00
4.050827253463417321e+00
1.084935341651549034e+00
2.167386787389786740e+00
3.435629082908186471e-01
4.558920835505564817e+00
4.078205982487390635e-01
2.055283566244462179e+00
5.458566909433899106e+00
1.456667019038734301e+00
3.138303281668410882e+00
1.372593073932052654e+00
1.017382450859027898e+00
1.498270228783617375e+00
1.886364131375560138e+00
4.611261409712436032e-01
5.315580059958485704e-01
9.076894462544256026e-01
1.822755459715919235e+00
8.284042903435580030e-01
2.885304362930654509e+00
3.137376727005670496e+00
4.064572212386121208e+00
3.122098630345823689e-01
6.696635343338240842e-01
5.293918939762334297e-01
6.930034343089592763e-01
1.247609563120012144e+00
5.334412934623177227e-01
1.659487199776710664e+00
5.585314801436169763e-01
6.973949370695105010e-01
5.190618390743595434e-01
4.935317937651644282e-01
2.764716687086364644e+00
3.623278498565327688e-01
6.154161880551476393e-01
5.858913175894510106e-01
2.595108561995296714e+00
1.166259103461296354e+00
3.454501260858024558e+00
3.788627445583244047e+00
3.474862603454693222e+00
1.497940853781064785e+00
4.759792314714399453e+00
2.866601169473800947e+00
2.010197105895718650e+00
1.798769801295229787e+00
4.096413625561082128e+00
1.908858846293351119e+00
1.623326494161876576e+00
2.836510897694640043e+00
2.220784335019060141e+00
4.760155714337566679e-01
2.794762468214126550e+00
1.598065047327423271e-01
6.486640152470953824e-01
4.329184721381815315e+00
1.536646062169841676e+00
4.451588332540127091e+00
1.937796113655990027e+00
1.537412779213003511e-01
9.571489853377760371e-01
1.293076929470058145e+00
1.574740561466364985e+00
4.723617749202148053e-01
1.065063852456888727e+00
1.301603486389117936e+00
1.623547706973888616e+00
1.409121210184883122e+00
1.134459501494234690e+00
3.942787962507817046e+00
1.144921881779894512e+01
3.597751071043088000e+00
7.727472235333134876e-01
4.017139371655004787e+00
1.478573177492900514e+00
5.099495679622172428e-01
1.018504318394079400e+00
2.369494448652853080e+00
1.281915076421837885e+00
5.920646421605906262e-01
3.299238559185796671e+00
1.331144410720751514e+00
2.444573768675087688e+00
1.664730531846317696e+00
2.406412256070378786e-01
1.653996231921539328e+00
2.838494786680144433e+00
6.254033571830288629e-01
1.411306871349743419e+00
3.577270648728403390e+00
6.455488635586534296e-02
2.015461838619111656e+00
7.865778428085260510e-01
7.900724846392895850e-01
2.384913457949935367e+00
2.368972714682916703e+00
2.250401300598787291e+00
1.574115827000587942e+00
1.149352295748205188e+00
1.538735065119586132e+00
8.732726947997813127e-01
6.997230820349457092e-01
5.517254879703995529e-01
6.569268725476822279e-01
2.273500493679290191e+00
3.449297222406207397e-01
7.687501174336731635e-01
1.736362923077605647e-01
1.204619245530387239e+00
4.699511866289597606e+00
9.621583131174094028e-01
1.126172531245784203e+00
1.584156053145281406e+00
6.744246394024744351e-01
7.781296238718666824e-01
1.452717912165052860e+00
2.273894653556192136e+00
6.118628344142252873e-01
7.614564008330353406e-01
1.019292925275887107e+00
5.824016677253998076e-01
6.707910335066972207e-01
1.475179100589115722e+00
6.441609167012812831e-01
2.999315142612125618e-01
2.923348571725529421e+00
1.249419529597219247e+00
3.475981723550497504e-01
1.645857754329305589e+00
8.770580231088824785e-01
3.098830043455751970e-01
1.559739719194186192e+00
4.837212886859018068e-01
9.209932294507064965e-01
9.105436449858671510e-01
6.602086293959413821e-01
7.166945679312862749e-01
1.104234347937610883e+00
9.733777235304331699e-01
2.538685183793741196e+00
7.001607984021561704e-01
5.112809201589690877e-01
1.605384900749588617e+00
4.679155124513047492e-01
9.456970059019022268e-02
5.064336222821875566e+00
1.938953147495671603e+00
3.566088342231387154e-01
2.353942823022176611e+00
8.774299567643998321e-01
4.477476557171657379e-01
9.221116701996697751e-01
2.062314458477427781e+00
1.220638922163537199e+00
4.532767644308095534e-01
1.053586423118700877e+00
5.001918914302808661e-01
6.471695972950602949e-01
3.062761616909164708e+00
1.591867669675561814e+00
5.324128750469879989e+00
7.962465691752541597e-01
3.288619091906494485e-01
5.550692160045803680e-01
2.091881703675409376e+00
1.176540536076952970e+00
5.767577188011522304e-01
1.559696468529258473e+00
2.484015901725617148e+00
8.513489961267246553e-01
4.420296557825152961e-01
7.055207937846886823e-01
1.189290944530312366e+00
1.312512130520925746e+00
1.861120589051355800e+00
1.807484407401628967e+00
1.259091848456681539e+00
4.623047990337028068e-01
3.230219493206207271e-01
1.353713558978296039e+00
6.509080214516569374e-01
6.310038272816198557e-01
2.631965003526432145e+00
1.227067672439452473e+00
6.035118252613607126e-01
1.584153117595374249e+00
4.199963120576812314e-01
6.636369511678196220e-01
4.674056246399584946e-01
1.321501829526956051e+00
2.543124481611864329e+00
2.536505842852566417e+00
1.027335004093454573e+00
7.033619837264960539e-01
1.326370421799692778e+00
1.208986246723209312e+00
3.820308806388069689e-01
1.142679088165834633e+00
4.528541467332465875e-01
9.945485431655664010e-01
6.047840719385642050e-01
7.986830739574687366e-01
8.818613894765204853e-01
8.163142197224043661e-01
5.467471158548643517e-01
3.926484373145252005e-01
6.848723610952871965e+00
5.579251466768144763e-01
1.726549000868651262e+00
6.551940798939833721e-01
1.737072191314676495e+00
3.407906467056051047e-01
1.345357939072450160e-01
3.202158137128788273e-01
2.619218326242954697e-01
3.467822237363346605e-01
1.788167130940692857e+02
1.418524566941006537e-01
1.688455134993048778e+00
3.144215093053882581e-01
2.518282154108160698e-01
4.862202946018484018e-01
1.438452354189863058e+00
3.150375087343533220e-01
4.276942978255746097e-01
9.952295395021343305e-01
1.143361154693766979e+00
1.616450155997734284e-01
2.166015419307959489e-01
5.101430754588165417e-01
1.620280242243830493e+00
8.076437698897735995e-01
4.963993529015807149e-01
5.060065431773694833e-01
7.087921667511051793e-02
1.004377458133532519e+00
1.565383508549221592e+00
1.048657588177619671e+00
4.503732802051764739e-01
5.358810687968158515e-01
2.452775268177392609e-01
6.335694836116586570e-01
6.281132856163860190e-01
2.372175052056084421e-01
4.185408599740804703e-01
3.475374960146058179e+00
7.915676495510969302e-01
9.352141433458837083e-01
2.708180640107344939e+00
1.172283317652706547e+00
4.385801394937984821e-01
1.380316804910239892e+00
3.687682728963572187e-01
6.839900634333281326e-01
4.593682386404155937e-01
2.572892020434584204e+00
3.767527414642249717e+00
1.923724065167432551e+00
1.875806061394152680e-01
5.443929707952951391e-01
3.119604317594842358e-01
2.369044340941098170e+00
5.087893255986029178e-02
2.604980604226833307e+00
9.440596702996186806e-01
6.909943668123087468e-01
1.019681716749161415e+00
2.652213278969000609e-01
1.313175584427696885e+00
3.774994498358627548e-01
4.223118396379758055e-01
1.473161582364343580e+00
1.709810082568540002e-01
1.135107872488426928e+00
7.170816076450907683e-01
1.521801438923338634e-01
2.526031811841472074e-01
7.804570936973598272e-01
4.091149597005671601e-01
7.775864373709212574e-01
2.081455502461597273e+00
3.910189789451272158e-01
2.787943582419603605e-01
1.424159350450291128e-01
2.685307901857507673e-01
5.755473316686563479e-01
2.620466736546327446e-01
2.260968339185361220e+00
3.304942151890073454e-01
1.933001642478047455e-01
3.054910292935615335e-01
3.466701720256611385e-01
5.212814950239492706e-01
2.014854396486013499e+00
4.464118638504010472e-01
9.151470589403648548e-01
1.498308402114786331e+00
4.575672956682257930e-01
4.660598704236785794e-01
5.106685341461332239e-01
9.300590412722308242e-01
3.319629291196715126e-01
1.505736470268153271e+00
8.094772159517961141e-01
2.952909367607169933e-01
7.113503280380508720e-01
2.730322059516736122e+00
1.597232258291771290e+00
7.715340288213184960e-01
7.545552182190544688e-01
4.183468777202942190e-01
1.428129539562514871e+00
9.004816534657819060e-01
3.403665161720921262e-01
1.557861038933973763e+00
4.550024385904706925e+00
2.951593920120285097e-01
1.119518330543355811e+00
2.937647563109452076e+00
1.556424672739953885e-01
2.671113577936475636e+00
7.667042075634142861e-01
2.108840486864546337e-01
1.326653754355750170e+00
2.381395540097411168e+00
9.271330728308930791e-01
8.332664748601537053e-01
3.450868162119613003e-01
7.653569591880979850e-01
1.147747659261137976e+00
5.447037024647111814e+00
8.875585636374201393e-01
8.059375142825915272e-01
3.420700576719934993e-01
1.561342076837800796e+00
6.894268744679477035e-01
5.892240696509539744e-01
4.608388604510109121e-01
1.102115343655831303e+00
2.707974104147619521e+00
1.925971300747685300e+00
3.116953744263850634e-01
2.268315639351268231e+00
1.022483234552401310e+00
3.603412300083257414e-01
2.835356710255113044e-01
3.482995016114898146e+00
3.632439024965270491e-01
2.682845415508403053e-01
1.748356329120618613e-01
1.228877073292563571e+00
4.967270308463438977e-01
4.012859464197685022e-01
8.058393355045696538e-01
5.613962884729670755e-01
4.933591115609022304e-01
2.418341319445430848e+00
6.802369317373505808e+00
4.417413699643524816e-01
4.505888668022502985e-01
2.795670869060105534e+00
6.661128168172998354e-01
1.416378315163245860e+00
4.104019431021033171e-01
5.114140827515399890e-01
4.401614902508340088e-01
2.105032219574868524e+00
9.371100355798871462e-01
2.143486479906409059e+00
1.855354390298151745e+00
1.195780453042647240e+00
1.428581435538198052e+00
3.089866126374010147e-01
5.493503594224464770e-01
4.720155552945926591e-01
5.231556596025430661e-01
1.086214862543123161e+00
6.704417339312336299e-01
1.085630851211315528e+00
4.582272902343135890e+00
3.962464867657020662e-01
2.529906877516148733e-01
1.362343263265159532e+00
1.214962609113317965e-01
1.541740471255352629e+00
9.068783140212508531e-01
4.954868368873933115e-01
5.216141583070750265e-01
1.184844296256259977e+00
7.196863924378602562e-01
1.267578651866152706e+00
2.835601246874701609e-01
5.612366609507861703e-01
8.430223248424891791e-01
3.694072740909901120e-01
2.692519503082486665e+00
1.315779148915405816e+00
8.419489366202875802e-01
6.626845221382725581e-01
8.937359536181790354e-01
6.880746815721566767e-01
5.301110644711919395e-01
8.707063218373508606e-01
3.134620133100471939e-01
1.401315669068412983e+00
4.763747937327726945e-01
6.106541179863625324e+00
5.052597154779412403e-01
1.626703775688004727e+00
7.226098397943883089e-01
3.091109175752458360e-01
1.912820029746864936e+00
1.790555677037548032e-01
3.471157880038702181e-01
8.009015350317389981e-01
1.198821991860203218e+00
1.512566673340727474e+00
1.267752681625729183e+00
1.638962527588728291e+00
3.095031827197486929e-01
2.947553358600928597e+00
2.262464701019879509e+00
9.764190337672740139e-01
2.746933618968786517e-01
5.369156845321053639e-01
6.781409005508880483e-01
2.126196958234662926e+00
5.621187373782485786e-01
5.163060051113994575e-01
2.230242252112693002e+00
3.398734804160645329e+00
2.510818350183809500e+00
2.843368094344649322e-01
5.083020252779082426e-01
1.484608745148641384e+00
3.359883535678820921e-01
1.835611987560273439e+00
3.005563134580905071e+00
2.770037934899034493e-01
2.219408640539138222e+00
1.435769746973079020e-01
3.785906868902763622e-01
9.421807530848508305e-01
2.476548791266552918e+00
1.137628030886305819e+00
8.040297736045437516e-01
4.283814516001919759e-01
1.619473906340533675e+00
1.577391870774317306e+00
1.119426950244334362e+00
2.073152510971010720e+00
8.676711520911714048e-01
3.254057066902980577e-01
5.008405658867554067e-01
3.284940835532988768e+00
6.579019094548017588e-01
7.328926023048217830e-01
1.596784274221466848e+00
2.955349244805290265e+00
9.443901712219321398e-01
1.007434918932746060e+00
1.035805386062077504e+00
4.113873145034190326e-01
1.565200349488674592e+00
6.632015320598637631e-01
8.088984278057527177e+00
7.880573197995421886e-01
4.150635933582565329e+00
3.839707472502301933e+00
1.039860645314569565e+00
2.780473024992975439e-01
1.335496888410081295e+00
1.405960177797869903e+01
4.286022867249070778e-01
2.991820528533304935e-01
3.995179558803143016e-01
6.699354863166860907e-01
4.196063356894887408e-01
2.337529873255298085e+01
1.833828910274597268e+00
4.616452480329963914e-01
8.845596025591025979e-01
2.333028326280214060e+00
1.424122770446864417e+00
9.458158313781425131e-01
8.615989279771419929e-01
8.234424550571000090e-01
1.348498283814106191e+00
8.457533901824835221e-01
7.109427103052852193e-01
9.996902555985196503e-01
3.837550500713858836e-01
6.426453242636260832e-01
2.124690931619445777e+00
4.326679269402199379e-01
8.013844498781989012e-01
2.521231532211755666e-01
6.589555442502152971e-01
4.796443842303962923e-01
5.690833420065830239e+01
2.936376060170371449e-01
2.444998769005723549e+00
3.823567392054857406e-01
2.345691887008648224e-01
1.383392318183805703e+00
6.955426315148099947e-01
3.948961222332276755e-01
8.256719303748034644e-01
2.779977363428354664e+00
7.050466117282530032e-01
3.325379408410609194e-01
2.887267483527685696e-01
8.092746869625665473e-01
6.349641507586030187e-01
1.394531724203711187e+00
7.863850450493596878e-01
1.900797623515372736e+00
1.315184186851456327e-01
2.117904156762222989e+00
1.823900930519432861e-01
8.961825963703358155e-01
6.119431089280478187e-01
5.311704741216646264e-01
1.642590970441079712e+00
3.889998413006701128e-01
7.540957956025874376e-01
2.853036515564561504e-01
2.491499496220152265e-01
1.560316793151363290e+00
6.847627937293739864e-01
9.254442111762889445e-01
1.943052580503218663e-01
7.550536627949783197e-01
8.556288207520901246e-01
1.405024009986693412e-01
8.006538586522248258e-01
9.993885552800036987e-01
3.126742622314691022e-01
2.617982719143709058e+00
2.067635270755562582e-01
1.192582910469329294e+00
3.215061118533342754e-01
7.396437349733298028e-01
1.708774389317087916e+00
3.340374592317446045e-01
2.110911514128426258e+00
3.802561198554063049e-01
4.423528792974807944e-01
1.808369317209430893e-01
8.555531106100470184e-01
1.017668475225535829e+00
1.656033058487324405e+00
5.922993037383063042e-01
3.305402515721786449e-01
8.418162114493681347e-01
2.206404238489664937e+00
1.178740518245707358e+00
1.698908668921744303e+00
1.270376300807741776e-01
1.926683979826775639e+00
8.093392992451398094e-01
1.058016159378649235e+00
2.766543263092029470e+00
3.517583028684970192e-01
1.131120308396918572e+00
1.844378379721376859e+00
9.605720363754829405e-01
1.071401940754287629e+00
3.169002036275571643e-01
4.798696030524486345e-01
7.863841427029039099e-01
1.092519219606959302e+00
2.926523789428633893e-01
2.870260569373917492e-01
1.185507644574516739e+00
2.296730880482968473e+00
7.869465937107178455e-01
1.991451668857219470e+00
1.489415995695931416e+00
3.193251182612322769e-01
1.957307669594000599e+00
6.730805689205506814e-01
2.091131685113695848e+00
1.013212705396140167e+00
1.018538586896652109e+00
3.569850607685106425e+00
1.287681605512816185e+00
2.306499886030168311e-01
8.504813165709472766e-01
1.288431860604422274e+00
5.771059494716617166e-01
4.774344565981846422e+00
2.100795259751541966e-01
1.815468752023133570e-01
1.144146545137892712e+00
3.584518580090551021e-01
4.758584482636200041e-01
4.528321117054071587e-01
3.968607406572138285e-01
1.284255979045380247e+00
2.304153577137404874e+00
2.080872888464087023e+00
3.652512280630389352e+00
5.576914671077520147e+00
3.211215229201265231e-01
1.760662601263547566e+00
4.708425617184241463e-01
3.693257080374163781e-01
7.191892557328379176e+00
2.160877679014517050e-01
4.681544077805223303e+00
2.035826906604329523e+00
1.134916737733158376e+00
7.374688787271648227e-01
1.407675432438545204e+00
9.113763367694732720e-01
1.056152978946487631e+00
6.430147045263432393e-01
2.047707749094208829e+00
4.577923307800802477e-01
1.788900405185975373e+01
3.213413860186210336e+00
2.856171907257082365e-01
1.537563996256440468e+00
1.921414305042482340e+00
1.374801094396520185e+01
1.090160117717728561e+01
4.381333206789627788e+00
1.955348625554203190e+00
6.817554652147389760e+00
5.912766760022492019e-01
1.884456276082964976e+01
1.488841921684159464e-01
5.333510560901971731e-01
2.178513130139530851e+00
1.285830380439555443e+00
3.868773776501215345e+00
1.655285633275190404e+00
9.758346848206851387e-01
1.859354708438109016e+00
5.600931763755029991e+00
6.406176983199157737e-01
1.226144622290376907e+00
7.343268011821055374e+00
1.964779311569574638e+00
4.177950503012943351e+00
1.226250322191723141e+00
2.452614662331221163e-01
1.414855534739762222e+00
7.119801348847748512e-01
2.024687831580870068e+00
5.525540701474869199e-01
1.023341825061614641e+00
2.309325839209991216e+01
1.031592264248683666e+00
1.805573499748519328e+00
1.152066736885469123e+00
2.395694078186201836e-01
1.927688300900287421e+00
5.725627238527260232e+01
3.080390403140733646e+00
1.887278751254199749e+00
2.059731150949915268e-01
2.073944287104891426e+00
1.135072109111685457e+01
1.863156579735310237e+00
3.311629428916582629e+00
3.054374328337423172e+00
6.527209356103729210e-01
8.457461819534659586e-01
6.421866794433563896e+00
1.976339714610083842e+00
2.160916377078685890e+00
1.224046154408087839e+00
1.200815366098989045e+01
2.233928824921175949e+00
1.217015368633683092e+00
1.214541409660400140e+00
9.690499301928454656e-01
1.275719435104428756e+00
1.389534476597606094e+00
6.820020821668249411e+00
6.208835175683378171e-01
5.811939478910149726e-01
3.083912124461800630e+00
2.898964358678766118e-01
6.537910434694366169e-01
1.889354232127347766e+00
3.764590343148451979e+00
1.657443192294863366e+01
6.723804816017143748e-01
9.719458153007028756e+00
3.990438405491981921e+00
3.403456134111793485e+00
1.693455420284549484e-01
3.975546159396697643e+00
5.324452604542603273e-01
2.271673553561656789e+00
4.985874488815937311e-01
9.253872952206932956e-01
1.795263477697118359e+00
1.314473946482691780e+00
3.540811012047065276e+00
2.863194587898159948e+00
9.191812731072156462e-01
9.409235198778254095e-01
5.810945215987757262e-01
3.267259689592626470e-01
1.601023425186772986e+00
3.010852823334053685e-01
9.601706191162395765e-01
8.936233061221200424e-01
1.130750223955560907e+00
3.568107352695135126e-01
6.437103196835406438e-01
7.699690617293422079e+00
1.739885415103966659e+00
4.617650087690902128e-01
5.178820689963556934e-01
4.552772563626104052e-01
3.953522100512070203e-01
7.610195845802098624e+00
1.722022880657953836e+00
1.615306351812731411e-01
1.360513628188294133e+00
1.314182105004678691e-01
1.010618543556651927e+00
2.065161245113183719e-01
1.653634994819685566e+00
9.315091023911504786e-01
4.384617901788592231e-01
7.978892184571337864e-01
3.557198690126476270e-01
2.329945003821289884e-01
3.709560269607353078e+00
9.000025382995632262e-01
4.407784126756245646e-01
1.813853560703009071e+00
2.591092482693621246e+00
4.884625811513573779e-01
1.275454242703826013e+00
4.633641899128668196e-01
3.289042165149816732e+00
2.543254007825093588e+00
3.707508809606743672e+00
7.331896115817231330e-01
2.438961689701720115e+00
4.487836682048870762e-01
2.483260401745029100e-01
1.144823546572392603e+00
1.783652429790264504e-01
1.253080558839574143e+00
4.358805152546866291e-01
1.198551544380252842e+01
6.031578310132658105e-01
2.064560956901005273e+00
9.412136610996660879e-01
5.252860071277128950e-01
1.382588734330933544e+00
7.779673272601016487e-01
5.756854392741757920e+00
8.378726563536743610e-01
1.392132060193753906e+00
3.372712466881186422e-01
1.576789235808267575e+00
1.138794233315242987e+00
4.918869006153350765e-01
7.221168240850495135e-01
1.436217047652514456e+00
1.370267174403335231e+00
9.232697713923861960e-01
1.001913136519474889e+00
2.688525908341091508e+00
1.751090257614780432e+00
3.829772853294893253e-01
6.002485353345333730e-01
2.442545393761390571e+00
2.817772247414404685e+00
5.741349479301842695e-01
2.236709668985001453e+00
1.723173059914268279e+00
1.222418617814742481e+00
5.254400714630750535e+00
2.880741714377475504e-01
1.155922866987023623e+00
6.956560019868366362e-01
6.730469190552047509e-01
4.346109482564247117e-01
7.577309540615850825e-01
7.077648311009241411e-01
5.938658935951593998e-01
1.087786430419815487e+00
2.500686421978575158e+00
1.612832972647464169e+00
1.125667624746141904e+00
2.651395336906612332e+00
9.952001763629205744e-01
5.996182375198232384e-01
1.765032960820556607e+00
2.803866741951632213e-01
3.691764013848511383e-01
7.841596603128873078e-01
1.159083865508556466e+00
6.094071851682087981e-01
9.111911782878708843e-01
8.346130478477386205e+00
2.074103963112799764e+00
1.092148271026318085e+01
5.774821305220517509e+00
6.071074463587790015e-01
6.737039993661172232e+00
1.788882815770431289e+00
9.386082606118369975e-01
7.377457061968310192e+00
1.174895242448751986e+00
2.171084653905444384e+01
1.213563855027196992e+00
3.904915518241258154e-01
1.876250693354952981e+00
5.988528153546598398e-01
2.686517122755343046e-01
1.006232017673365897e+00
1.336142530646639459e+00
8.226259988681384749e-01
5.917318304697718467e-01
1.871119215363027943e-01
2.735683173998162854e+00
3.828226480629424167e-01
1.249060636915224398e+00
5.348876270028829483e-01
1.448662651621499897e+01
6.150428529247058407e-01
7.476780245200684849e-01
1.170867039819522670e+00
2.065645741877224939e+00
2.598627542755111985e-01
2.539593292263870872e+00
2.228342192064367566e+00
1.170375843449363185e+00
1.033031453408746136e+00
1.294228555956208782e+00
1.447308574669661785e-01
1.052435174838836751e+01
1.003622421102687401e+00
1.329542465473559920e+00
1.491676420030243033e+00
9.192061842320182308e+00
9.936037770598179719e+00
7.074230409129453889e-01
9.445864339600221982e+00
5.866015235311309306e-01
8.877663249119666089e-01
5.279677133670995781e-01
2.424651795378115482e-01
5.443609687795718521e-01
1.734357567278922652e+00
5.704364678455495774e-01
2.270068464325696311e+00
5.358775706295635377e-01
3.014880266098502570e+00
1.378526998308813312e+01
7.341339281765976166e-01
6.249994452152437541e-01
1.321649107935954914e+00
3.201663524695464447e-01
7.166984076013819260e-01
8.038966613003831752e-01
2.129536170614526380e+00
4.238300299372604663e+00
7.568085602039783533e-01
1.199806022606209277e+00
1.494126806282745357e-01
3.248845184393783225e-01
1.927327507368897797e+00
4.738501014580853266e+00
6.624824576375933916e-01
1.522404535505069845e+01
1.011333052558092360e+00
1.514507153058698208e+00
2.382848766779174809e+01
1.424851569495950043e+00
9.698240250399139839e+00
2.574162268190797742e-01
1.690594093916492957e+00
1.437597019554454292e+01
4.443681623713051643e-01
1.152308541027797517e+01
2.551774490646772087e-01
2.714801958129778647e+00
4.910044890269328333e-01
3.187087347672314386e-01
5.582485690531807654e-01
9.849597021563170074e-01
1.510512959731996396e+00
4.465392932256500913e+00
7.633493910356214052e+00
3.939958992756216194e-01
2.184008360352513722e-01
6.837826830592156568e+00
1.126161229606582742e-01
1.971407753113866845e-01
1.213255288492990758e+01
1.102785870080783548e+00
7.662634978442300904e-01
2.074393503457665044e+00
1.332033748941038453e+01
1.027663486785137525e+00
3.890758421123126976e+00
2.970612392743900099e+00
8.414813329752330873e-01
1.742055922829929671e+02
1.235511626272053132e+00
3.894526957858617244e+00
8.075517058420917493e+00
1.257107858960583524e+00
1.378371739710563038e+00
8.292266002698428506e-01
1.713022116268307116e+01
4.506335331001498190e+00
6.269485270961412837e+00
2.882976843679296408e+00
1.069927966672814756e+00
4.405332551271675001e+00
1.425562258998661624e+00
7.570822096897211750e-01
6.817727206189371003e+00
6.829890384293607619e-01
7.120416867913857972e-01
5.276732479071948312e+00
5.909170022938067923e+00
5.406261283734052014e+00
2.236708266108519361e+00
8.452007568397542636e-01
9.797460231911114814e-01
6.769016619603049900e-01
4.240869323052096185e+00
3.313844713502248074e-01
3.543442570680531478e+00
7.868914390270759229e-01
1.886752435297083474e+00
4.816526014971739045e+00
1.530010842765756962e+01
1.264661566040580531e+01
1.168752471824368255e+00
1.612677364548319003e+00
1.264393767241629885e+00
8.348086101944071080e-01
1.822469182873564630e+00
3.136813327947586938e+00
5.443679722504051188e-01
4.559026771360618624e-01
5.421236740069524940e-01
4.750935992709290012e+00
1.963232730275061177e+00
1.475300963482320071e+02
6.406624651601084075e+00
2.201461313624664129e+00
1.411871831667682153e+00
7.590596531607313402e+00
1.812590007407758108e+00
2.131565255339502585e+00
8.133517404917999238e-01
1.113646225623122987e+00
1.008004420097590392e+00
3.395025890612547448e-01
2.375297395390274957e+00
3.189894019010923176e-01
5.628814397481988197e-01
5.819334413354386726e+00
7.656064456570438104e+00
7.783596483947178291e-01
6.969387154285047181e+00
2.356142718729748342e+00
2.459492397350201642e+00
1.045926464365021680e+00
2.223027916963451478e+00
3.760567738644250202e+00
2.056412766769443845e+00
1.330459121524087740e+00
9.245720728647905950e-01
1.559647632156082153e+00
1.491714530590800170e+00
4.170880801484472822e-01
1.266426903439028528e+00
5.345152621033408380e+00
3.493216100951440861e+00
2.753614328262964928e-01
9.684563270622266629e+00
5.502154578569889054e+01
1.064006901712989395e+00
1.044808873512895087e+00
1.616643277727399663e+01
1.388009300872212970e+00
1.123650639609899926e+01
6.238981781800104542e+00
7.820279984563270892e-01
5.192339320435566119e-01
2.713818667951024999e+00
2.512265248230192594e+00
1.612487840672019335e+00
2.711011520824698984e+00
2.348194482689788920e+00
4.553750194523103478e-01
2.698188957394248355e+00
4.790444592790588985e+00
8.163237458486578557e-01
2.849707169985051802e-01
1.026846922066743328e+00
1.035570763032135355e+00
2.886703207143775263e+00
2.202966365616763345e-01
9.035664727155252596e-01
1.490646894528226962e+00
1.644453508720735924e+00
1.876004392352710770e+00
3.291766454453860735e+00
5.901938561805730732e-01
2.181212135891510862e+00
3.131921451758038710e+00
4.686885335823877119e-01
1.652575782197455379e+00
1.045821471744938114e+00
4.280417815815059868e+00
3.453019152008552251e+00
5.139719236674329395e-01
4.075886065433043548e+00
1.937438433887078482e+00
7.063164990759898121e-01
1.133414935039234850e+00
1.587273346003541086e+00
6.840788049168251561e-01
4.961510731891024761e+00
4.761726457379856225e-01
4.629974023838040686e+00
1.342296199677091018e+00
4.763840954834410168e-01
1.114315756944875835e+00
1.445825448649932676e+00
1.612347877267899188e+00
1.388168850058676851e+00
1.738200073916591037e+00
4.171455775714203895e+00
7.844670721844444472e-01
1.288770333955417513e+00
1.412579479568231156e+00
9.227639667410163504e-01
2.794305950291974039e+00
1.966755767362498464e+00
2.480312777221668430e+00
6.168926540606864961e+00
2.298069236795213133e+00
4.144755126807531664e-01
1.283236385608547803e+00
1.899827864837913438e+00
2.630061290614737146e+00
5.598134664398071170e-01
1.146665736460376284e+00
4.846667870415486967e-01
1.446252051489423929e+00
8.225871801455163501e-01
1.031940874751110293e+00
1.332470850036636234e+00
1.388142931640812039e+00
2.126774318196163804e+00
3.895536159734332426e-01
3.075660173214207482e+00
2.618001182150026640e+00
1.250758226324430789e+00
6.502714910056879294e-01
5.730450675283150552e+00
6.204763947399519752e-01
1.571420975945001741e+00
1.311422308129685632e+00
1.152009780648096893e+00
2.790675031642867232e+00
6.072143627458478354e-01
2.844470121848237110e+00
1.032597618805918716e+00
3.513164565306163833e+00
2.232550142488746725e-01
5.700820149090433109e-01
4.528019788463010897e+00
9.895164587681096746e-01
6.164426289219547828e-01
6.996897264919510917e+00
1.319239696372862758e+00
3.599854917266682164e-01
7.717021585309172815e-01
2.747150476237933958e+00
4.627609714287053144e+00
1.489803369991927529e+00
5.282540823566090893e-01
1.879330923743551596e+00
1.296521435728934968e+00
9.971185241102841212e-01
2.207141412447829243e+00
2.060374302325895357e+00
3.056262073327441708e+00
1.079799407273997369e+00
1.055356982284492373e+00
4.900013729401019980e+00
2.341518634593227066e+00
2.466517123759672803e+00
5.339362378301035772e-01
2.411490516218132996e+01
3.459596897847103669e+00
2.728711835772049454e+00
2.549845293368897536e+00
2.758080208434394720e+00
2.331795882460506952e+00
9.803420844593486727e-01
1.280325271819943156e+00
1.408401168320387642e+00
1.603761392374638328e+00
1.603235960305814611e+00
8.238350747985774269e-01
1.876958287632765732e+00
4.342707826830032314e-01
1.079931519981992327e+00
9.588157651725467412e-01
6.788550716976935462e-01
4.982742128188274222e+00
7.901020926168359493e-01
1.311180973398142546e+00
1.118295201837036013e+00
7.954468797893061716e-01
1.182800308808823475e+00
1.372543065927108286e+00
1.158668419369851543e+00
3.195554316821343499e-01
1.095723739493138060e+00
1.236458249166276779e+00
2.569257016231636381e+00
1.396176838894880978e+00
1.409427330798418199e+00
3.252172040231605887e+00
1.120414648111514699e+00
3.136990453973146131e+00
1.560002498631816614e+00
5.358154021490099672e-02
3.884522998812224959e+00
4.930642518908398664e+00
1.608734620497491274e+00
6.730803876079278769e-01
2.904340854861602761e+00
5.314106066279508767e+00
1.784682418916867963e+00
1.760981895351774629e+00
1.755608585767612473e+00
4.972416385876107792e-01
9.855544261726674193e-01
3.081893994863416086e+00
6.015255872376273238e+00
1.867546393263528559e+00
1.063049518973461227e+00
2.161070924312105124e+00
6.231070692731659477e-01
7.182199634548914746e-01
1.517614188319701629e+00
2.581170079624878877e+00
6.675699977626711190e-01
8.002760176898564559e-01
7.044754058107607353e-01
1.265475821808428547e+00
7.902615184245042057e-01
1.603061842449396757e+00
1.067073220801412869e+00
1.923077699384307282e+00
1.119448025367736355e+00
2.553476164077301824e+00
9.858944057955341123e-01
2.103800371002213510e+00
6.927505459514385344e-02
2.001342215282739367e+00
9.100067657406946120e-01
2.585499112973835611e+00
2.716496563957635502e+00
8.990946191598474524e-01
3.280281856729689860e+00
3.162486145424257544e-01
1.600683767174912342e+00
2.270306810993412583e+00
2.933973492283818096e+00
1.857210648449256318e+00
1.307439606742745619e+00
3.692735924557524196e+00
6.414538628642560969e-01
1.590179633383433488e+00
1.422979150150805117e+00
8.952209510147369764e-01
9.689064286338918697e-01
3.990821292808735876e+00
3.069153412825068816e+00
2.960763806577945356e+00
2.213608825897597665e+00
1.665968351618178467e+00
1.476181931182721563e+00
2.805661188911602988e+00
9.292485065881123107e-01
2.625543337750670503e+00
5.128292882117353457e-01
1.179587282336241882e+00
1.295273616392481175e+00
2.596672813416836867e+00
4.244578713185267915e+00
1.238625295852389341e+00
4.205812193339375504e+00
8.657367753706955327e+00
3.353682839920315573e+00
6.236737728132989211e+00
3.757117230552868836e+00
4.630319299746392225e+00
5.875193572397724218e+00
2.808696211878313420e+00
5.590256203646479793e-01
2.997359750873248796e+00
1.273436535276296189e+00
2.323249850615294321e+00
1.105431713618531653e+01
7.528660016492225715e-01
2.338255935573209321e+00
8.646426239216823406e-01
1.223345646817010079e+00
1.145395012269475643e+01
3.343181622035271250e+00
9.049819458150700768e+00
2.719917227825685124e+00
1.397477380725548723e+00
5.546870296981875725e+00
4.549986113439616453e+00
1.396974096511161445e+00
1.933094484726490592e+00
1.607336904678412282e+00
1.980756908979292907e+00
4.356071369500884138e+00
4.228030405253317525e+00
4.028748847450366988e+00
6.730330643149382563e-01
2.050632907720149944e+00
7.165867057000909313e+00
2.379955481954744823e+00
1.068158323803353049e+01
3.976332152097225681e+00
1.108657841302884972e-01
6.829393822124310454e+00
1.837611383571228174e+01
2.165068257417297026e+00
2.911386249402436732e+00
1.110472137575009732e+00
5.157609318862184544e+00
5.392714407087825235e-01
1.699237873209791694e+00
1.486707694033327876e+01
3.419922069912783025e-01
5.568900851280440545e-01
6.145569643854145170e+00
3.778843821361669963e+00
3.076186997992826022e+00
2.925256878613686240e+01
2.137104072278182443e+00
4.206881560851816637e+00
2.344554038164196719e+00
3.547676521137341776e+00
2.199442424086802461e+00
1.025406385535718945e+00
4.689291968888186446e+00
8.627880436639516759e+00
1.449249065759403043e+00
5.192415510084291697e+00
2.909778974270420537e+00
1.906218479893399653e+00
2.936131612698252624e+00
5.930958378509544104e+00
9.470717410868115804e-01
2.119208854275801635e+00
8.882429324005736149e+00
2.208907255865266706e+00
1.608208224807086362e+00
6.294140669614668226e+00
2.542886980077537551e+00
1.304395424292060390e+01
7.843900977540478880e-01
3.042751586936094554e+01
3.138592684104478892e+00
1.100106528371282799e+01
1.728757742110417217e+00
5.136355817186893269e+00
2.624999622157528467e+00
1.424521442991170339e+00
4.770188845583401283e-01
3.971853356669845070e+00
3.623229864105143250e+00
7.957609431207173678e+00
6.323189971604525894e-01
2.918520615797855378e+00
5.935936993094307113e+00
3.528865391509050653e+00
2.328211240083671640e+00
1.379522465781674923e+00
1.658317946666770348e+00
7.294192431716701730e-01
2.109678112638377900e+00
1.827982551323520388e-01
2.746412762154238685e+00
1.251605745277642789e+00
4.012996287885567948e-01
8.815851242044299152e-01
2.418258349252330464e-01
1.194518433054205131e+00
7.377469470400627172e-01
7.049233830649699328e-01
6.912360901523995071e-01
7.268895533768129802e+00
1.158531382645147767e+00
7.379010292700168838e-01
1.613279729861389011e+00
1.675402855578487227e+00
9.014956505873112924e-01
9.865935215577327222e-01
2.602315615664307913e-01
2.062282425899970573e+00
6.188443711819874293e-01
2.178710544830189999e+00
1.019789950985736660e+00
9.380261501010939140e-01
1.101977066072504119e+00
3.357351657723095517e+00
2.321199096245744720e+00
1.041580771918079407e+00
4.029999898629912924e-01
1.091973770699789625e+00
1.373861729006425225e+00
1.429502518299492264e+00
2.767615354503756842e-01
5.913008579902485629e-01
1.038964451486048546e+00
1.859046117619284511e+00
1.153264097522273213e+00
7.183831514433309806e-01
4.969278614336987143e-01
1.311677400842964081e-01
3.633052672407071082e-01
1.463072904885533432e-01
4.711997000940280622e-01
4.579073926876400802e-01
3.262896559253734563e-01
1.107000753050772390e+00
7.949454169995162633e-01
6.158504366079817771e-01
8.927208162357439525e-01
2.761857423766688413e+00
2.750362162428998225e+00
1.073433250498923019e+00
1.332080006298858033e+00
1.214206915495806838e+00
6.513113915072794580e-01
2.649618422909310489e+00
9.037695564299704776e-01
3.423881620755672706e-01
3.384091681657164230e-01
4.983198558524605803e-01
5.699905676137738686e-01
5.219807480183739079e-01
4.163664808235679082e+00
1.222448629111648088e+00
1.247633148329655661e+00
5.555832024664316693e-01
8.262348810613382444e-01
1.276679839139660988e+00
8.084830704160408388e-01
2.391434491824983022e-01
9.059755775179739734e-01
5.293552946315265295e-01
6.766446891290974763e-01
3.575126382681587112e-01
6.349885084366423404e-01
1.354948738597151925e+00
3.741518713941966556e+00
9.417363675243641818e-01
1.389297098866263402e+00
6.771866339284160485e-01
5.105614139990722222e+00
6.426192483476890205e-01
2.632724450183954734e-01
9.209713521667891589e-01
2.998557983568152618e+00
1.050970350504755846e+00
1.800842255100279621e+00
1.294135371943565538e+00
1.044015883590144966e+00
6.619558590641024809e-01
1.999991188941104170e+00
9.443391460778721713e-01
7.958984254839488459e-01
1.050679263897085658e+00
1.768513664820138054e+00
4.550609856287902710e-01
2.338653328155690492e+00
1.645708783853851553e+00
1.967214634967278997e+00
1.053305214652975996e+00
3.318633510227577244e+00
6.537065703548246010e-01
1.385795082526331878e+00
6.605351158936204614e-01
1.431012841775125777e+00
1.672855188524047465e+00
1.065367815526281070e-01
1.442999221912535157e+00
2.657370373280030673e+00
4.542206756216517483e-01
3.243870759039284124e+00
1.366438470779869796e+00
1.047453786023929467e+00
8.004676931059846456e-01
1.549550856511931585e+00
2.763378017421858068e+00
6.370663734174049075e-01
9.173190014475174348e-01
2.844408524599802424e-01
1.004015256472267525e+00
3.712905325509746057e-01
3.712934685890136866e-01
1.749257377770176536e+00
7.799296800923660733e-01
1.316168055123485781e+00
6.845876489185990232e-01
3.125468116826418119e-01
4.580663524392917019e+00
1.461546039047251666e+00
1.158078336442106782e+00
2.830138146455264625e+00
2.359545800299759910e-01
3.637045212431613272e+00
1.787257919964275743e+00
3.376974918930265579e-01
4.351053764387818323e-01
6.259560859815856970e-01
4.260591746392936585e-01
1.324798834944375947e-01
1.745855086740123907e+00
4.647887260844760782e-01
6.352493464241678600e-01
3.069017402022441998e-01
2.593859948928205483e+00
6.366872132708807364e-01
4.063159751523071628e-01
3.500033659443166911e-01
4.737319825678895091e-01
3.298696296685745266e-01
4.937157785380078545e-01
9.735228578031500657e-01
2.110561982552187299e+00
3.051952844630068551e+00
2.873974256181321074e+00
4.204015379938056407e-01
3.614924602005733512e-01
7.307479345670130355e-01
1.267258140713754866e+00
3.237296223540896967e-01
2.098443442508284573e-01
2.509590009183266246e-01
6.715957245266316322e-01
9.695285920257320500e-01
7.250853221831848883e-01
8.386503695321460006e-01
3.281550120386924063e-01
3.188040940641682086e-01
2.907799183835958479e-01
4.106067812402384831e+00
2.001416691576754392e+00
6.597356597571081283e-01
2.551928972077364688e-01
1.278216562317319616e+00
7.523932129358510412e-01
1.109366980139945946e+00
7.643285083405988445e-01
1.693325510190911709e+00
3.540849856871208789e-01
1.028943937212592585e+00
4.359857335816213486e-01
5.427735629677193918e-01
5.040911014510375265e-01
5.434157099282788117e-01
1.058686271807286694e+00
6.136264260019135275e-01
3.335338472405902088e+00
2.678652054392630655e-01
5.985166243678511355e-01
1.337052183036398167e+00
3.987972546258053419e-01
1.999706260782771139e+00
8.398006587522267807e+00
9.796686689031636197e-01
1.269614390751478750e+00
1.496419340110248575e+00
5.148535394410318489e-01
6.868607206132071319e-01
1.731391214054991690e-01
4.113594370516805987e-01
8.201144777119793172e-01
2.795019963707141564e+00
