9.016265637315427739e+00
5.207820224259224196e-01
5.184593404225817714e+00
6.528215240841059419e+00
3.781175241710318602e+01
2.624539279725342844e+00
1.406631987581407062e+00
2.823192030576726630e+00
9.386028607367264964e-01
2.159582805432241770e+01
1.869862564017723550e+00
7.424086167912795631e+00
9.144065526007750577e+00
5.715534491423078123e+00
1.106501438532890802e+01
1.405061478224493854e+01
7.024776096678010617e+00
2.603810480717589471e+00
6.971782707970892723e-01
6.512964791198288417e+00
1.418549395991445694e+00
2.748393848354249158e+00
4.004132671076155781e+00
2.196324867291205241e+00
1.683014783821492832e+00
4.008893617131682241e+00
6.656231207719339515e+00
1.340836632105420367e+00
5.371404861423276778e-01
3.650748634476977283e+00
2.564437338481262429e-01
1.336571407105503084e+01
4.470253561475155735e+00
1.643044216478442454e+00
4.657983566889885019e+00
8.039195339075515534e+00
1.359600719470803298e+01
5.490114012127572884e+00
1.252544954207003336e+01
1.620978095280502629e+00
1.733985830009589169e+00
1.199720230088753725e+00
3.068234504346193958e+01
2.673172807506782878e+00
5.685575907585934674e-01
5.014710043083478119e+00
1.163240570346304459e+01
1.769205583522979408e+00
6.924229708591351340e+00
1.094087935701420822e+00
3.134369949722904281e+00
4.315436354314252654e+00
3.197265882826014316e+00
2.100325087945793978e+00
1.368313873639920963e+01
2.964946702146894708e+00
1.371954814182591420e+01
2.400431582389478180e+00
6.973779016142061415e+00
1.672566179914219120e+01
4.325726829390308836e+00
2.065577777705751572e+00
4.266506077620977777e+00
2.287040248279150489e+01
8.409925763895830242e-01
1.187755607350537979e+00
4.956354207314473292e+00
3.533058227518397132e+01
2.115067161783894534e+01
6.914271663004615265e-01
1.690988478002327433e+00
4.460758946720822848e+00
7.769932961699602458e+00
1.332929459140941741e+00
1.023009720775369669e+00
5.322489849556166774e+00
1.915335300044753719e+00
3.518807281689867672e+00
9.887143058903221871e+00
6.879804722408555229e+00
3.469527358386478966e+00
1.645107506117973983e+01
1.626797066402168923e+00
1.870046817950708373e+00
4.526111727625101722e+00
2.891879238502038163e+01
9.988371581238159047e-01
2.010554611330977792e+01
4.324533642483880058e+00
4.148602277032511942e+00
5.432151382977846055e+00
7.241304831135860098e+00
1.509981846469488964e+00
2.498216082968667706e+00
1.593893019146706358e+01
6.488130561054105128e-01
7.709778947719867936e+00
8.637901848022458751e+00
5.480416950639926732e+00
5.681269950772120936e+00
6.817531404509133530e+00
5.971396363336864077e+00
3.180707816592948656e-01
1.036701963930078962e+00
2.266858045768820418e+01
5.743161111161831478e+00
2.718885808837886220e+00
6.018793041659975529e+00
3.911475009420377802e+01
5.657619089059402917e+00
1.033705577864313518e+01
1.338185421398115871e+01
2.200142126023904865e+01
8.805123191790275028e-01
2.290087439769703792e+01
4.044734498452629445e+00
9.438227082122416789e-01
2.116815943700925118e+01
3.215561158365431549e+00
7.533052663658054371e+00
1.073253042832228221e+00
7.267656436676318776e+00
9.204948401858221274e+00
2.659566409674656029e+01
2.737335117346038516e+00
4.233344763910904085e+00
4.072978005521093792e+00
1.258550843824394194e+00
3.888419803099663952e+00
3.153627772826422060e+01
1.502457538013637084e+01
1.479496247317904078e+01
1.561799456196847125e+00
1.097747411330044720e+01
5.342241558750436781e+01
7.039894898058814299e+00
1.654812948642387482e+00
5.972272244244093642e+00
3.221007258478581825e+00
7.087272114054078642e+00
1.811449029520041165e+01
4.259214862650042477e+01
2.071560194704255053e+01
1.350929049029503837e+00
1.143410813116750191e+01
4.570249822128868544e+00
2.982564988997990163e+00
3.740588526189837726e+00
1.454207272142144181e+00
6.476369059796740046e+00
3.326455881939862191e+00
3.763821861313044792e+01
9.888603845210386822e+00
2.009046480838551307e+00
1.230788541578526685e+00
8.669496633783868589e+00
1.970068715586163588e+00
1.026555234879910294e+00
4.186025886092566983e-01
5.377750169929381485e+00
1.908209111437432881e+01
5.203311881660297900e+00
1.213871067629131772e+00
3.178437025305852703e+00
3.292903106033306382e-01
7.846444029270460696e+00
4.387236436535661532e+00
8.885124205326793145e+00
6.038157484542086451e+00
4.137259380796122876e+00
3.687630678581448773e+00
2.712991039263869553e+01
1.064442459077253034e+01
3.707067449578651086e+00
7.723832716514078989e+00
8.635821552691045344e-01
1.265879149704396944e+01
2.636801002551464634e+01
4.243675692710735348e+01
5.875234027120594948e-01
1.107228478041496045e+00
1.392297062036855104e+00
8.290329942998916124e+00
3.559655557533749626e+00
3.195756167888193033e+01
1.389435317307310669e+01
3.183632077103586866e+01
6.110403689412433614e-01
3.859564873933732709e+00
6.369600436704391244e-01
6.479632694584349650e+00
4.158463450235269754e+00
9.420044109066804339e+00
2.401479179126784214e+00
1.236809385261992356e+00
2.302681345695284598e+00
5.957469327856001584e+00
2.881021414314503648e+00
7.974710710727209495e+00
1.192988254888740585e+01
1.279058279601666070e+00
6.025137319300138294e+00
2.252969771221461581e+00
5.712097692013908823e-01
3.518984031045612415e+00
7.438718747871345682e-01
5.124587067508741711e+00
1.708422865084262776e+00
1.030202470227929155e+02
3.664023130509342252e+00
2.951934348702252819e+01
7.803561630585291731e-01
1.701727063359175784e-01
1.343920977772179448e-01
3.829678001715269287e-01
5.564850068049732590e-01
5.059353253906931913e-01
6.450452211309685602e+00
3.395265461862009726e+00
9.765570254704160069e-01
1.724326184696102260e+01
4.993821563078553738e-01
2.695806239993027020e+01
1.592097686751606567e+00
5.153165989079377951e+00
1.841943661586750824e+00
4.352433409857900393e-01
3.503492203844700836e-01
2.105729052907578946e+00
1.011496748719930228e+00
1.593860971013596028e+00
6.771760256207118855e-01
6.089973941866433371e+00
4.532281310096886173e+00
9.289698443044307474e-01
1.974346176556066035e-01
4.622783808849250775e+00
5.216492731481748280e+01
1.161518227702330597e+00
3.561770633108533257e+00
8.472221969781266182e+00
8.993545624497805591e+01
3.610773923468327817e-01
3.098608996531819759e+00
2.837239529135772820e+00
1.916212038885080560e+01
7.011203594601854938e+00
1.733798857599843188e+02
8.909150957139619464e+00
5.023799304919801756e+00
1.386060845413384470e+02
1.758089187877121651e+00
9.754617792770817175e+01
6.527380901787439571e-01
6.562767560606750372e+00
1.424075524932299288e+02
1.498629201489461549e+00
1.783212490867036815e+00
4.068318769882534602e-01
1.572728394228262827e+00
1.117666833073973187e+00
1.909800900314181815e+00
1.323305025910062049e+00
2.741766992765661826e+00
3.982305096257586774e-01
1.203787308569813348e+02
2.307215050136973922e+00
9.383855040802448855e+01
1.831388923575479222e+00
2.365951768735526262e+00
8.418276126970164697e+00
1.519903427547964370e+00
1.718844526701095221e+00
1.360634705852768604e+02
6.215057195649567046e-01
3.801723026588489152e+00
1.345148836006858084e-01
1.094138558216008938e+01
1.719118502178269781e+00
3.044961471284347576e-01
6.613780872053274251e+00
1.400124756780496860e+00
9.639189739873206264e+00
1.082612901424590568e+01
7.264315056031456663e+01
1.790687969713182115e+00
7.635890752436962359e+00
6.117857463696193543e-01
2.539910654954672942e-01
7.697700005510139665e-01
6.067736793461370182e-01
8.083386877922972280e-01
2.226053690513059014e+00
1.038606006547951877e+00
1.053366319631716230e+00
2.818630550186748351e+00
1.419203165322524773e+00
2.492291072887349579e-01
4.165903237673162174e+00
1.050724800946030824e+00
2.782154946131936590e+00
1.974804481085578711e+00
4.361419563538722954e+00
3.731163918534123436e+00
1.828202400313330367e+00
5.903660082272089715e-01
1.397356715837411834e+00
5.516884928645374719e-01
9.614828706168442096e+00
3.810577470369801656e+00
2.885486957918430573e+00
2.655874415300052860e+00
2.295916689730986171e+00
2.077943132819808358e+00
5.515853845965358104e+00
6.052977354823474876e+00
1.276358629085189911e+01
5.071314415213323823e-01
7.092727391883991706e-01
3.927465352305027135e+00
8.341344044926258805e-01
4.559634648997736406e+01
4.505630878445153087e+00
1.574719565528381660e+00
3.387845976348919041e+00
2.246161419508780899e+00
2.026600866771700371e+00
1.322386317281640444e+01
1.681642288532891882e+00
7.241958120009333033e-01
6.908753611453015697e-01
7.157179695565134558e-01
4.896117000358593541e-01
9.313817469806893712e+01
3.091827768368045626e-01
1.624643318735400632e-01
6.882292223407562304e+00
1.227178654821322379e+00
9.603770004127244420e+01
4.221580833097804408e-01
2.324226596313335058e+00
2.283534543807414163e+00
6.295025609747003648e-01
9.290309572107985048e+01
9.893051830811691039e-01
1.900754919231365747e+00
1.867718997830969618e+00
2.482595557305506129e-01
2.242914923714427911e+00
1.098982130651838363e+00
2.359738397266930576e+00
1.291998850877121185e+00
8.095511977738102161e+00
4.328651469450743305e-01
4.124939099928243813e+00
1.603870721524690790e+00
6.083554222940413814e-01
1.562623548238873727e+00
1.728158173915828044e+00
3.176164076732423958e-01
4.014270624720174929e+00
8.976989121939592309e+00
5.317827744991239225e-01
2.280550259966473092e+00
5.529384164008184221e-01
5.010653087482008772e-01
2.208985888306004064e+00
3.710790126721789095e-01
3.760289578122288923e+00
1.859091564378618555e+00
1.180135152925243291e+00
3.835708064174321308e-01
1.990972039409934835e+00
2.168657255972481934e+00
1.498852546466801217e+00
1.564861842082731824e+00
1.238647885859413877e+00
7.473945722510758616e-01
8.704092646887079354e+01
2.773817097897045780e+00
4.988693786084033910e+00
1.419890485294302529e+01
2.767839131612084280e-01
2.689150660722019470e+00
6.590447157435744607e+00
1.037732700933115648e+00
8.324239957493855258e-01
8.771055668622192769e+00
1.140805617252267590e+00
2.018722710630724837e+00
2.006092962826687476e+00
1.249376236814860208e+00
1.130624441925562529e+01
4.676654318429633306e-01
1.604989803497461232e+00
9.005483484491447754e+00
1.679854400853461494e+00
1.701615982330783652e+02
2.175659895808057076e+00
8.488386622197047870e+00
1.405819480685706946e+00
6.522269439323257201e-01
4.567841810744444064e-01
8.839786710088610722e-01
4.055092133710425095e+00
1.344334971331520689e+00
1.716917841908450093e+00
3.226029046119332500e-01
1.984333700888616381e+00
9.660851402877570493e+00
1.574827065266390491e+00
8.711259203200645285e-01
1.734946769917594667e+00
4.913236520881557823e+00
1.027896294775193375e+01
1.104962384344414517e+00
1.109361365050795634e+00
3.162282750285960287e+00
1.655906440482256547e+00
9.354880774710939706e-01
3.741631015321897347e-01
7.961891465483768027e-01
7.119852306504577122e-01
7.168254413802282343e+00
6.863616862630885773e-01
1.616064084921969846e+00
1.165146138940379217e+00
4.748347355798056668e+00
1.560772224199721947e+00
1.517306805146636517e+00
3.007969376672607886e+00
1.119444073798235406e+00
3.038068625943815881e+00
1.589754846953167933e+00
1.094720177833310082e+01
9.872199477267016299e-01
1.184065715447903289e+00
1.832543369443636827e+00
1.741606147956376915e+00
1.029458356983417033e+00
3.166627889487057423e+00
9.865894571789166623e-01
6.310987226303985231e+00
1.104623112388807726e+00
3.994425815104615918e+00
4.072107672972984926e-01
1.756607627066474331e+00
2.122115676224728631e+00
1.230237999356596612e+00
1.052656294514529467e+00
2.358507133555322266e+00
2.804993879981585891e+01
1.866874207591372681e+00
1.121315168750090185e+00
1.793744417081924114e+00
2.387549914459260236e+00
8.652578981718797024e-01
1.933475613504455293e+00
1.837374232744491076e+00
4.052779355840286257e+00
1.335590134565810105e+00
8.784885309660367403e-01
4.866717982639732210e-01
1.731833848500814899e+00
9.341097912588000041e-01
2.779112180674001120e+00
3.711483845491001965e+00
2.093911010476180223e+00
2.579335695636830295e+00
2.956685741660524336e+00
4.170010153856569701e+00
1.474908489619078278e+00
1.741695323491651681e+00
7.476231159971382656e-01
1.884768668623510113e+00
2.031015412743720550e+00
1.901019956342299144e+00
1.664897168398069116e+00
2.024765264397344389e+00
4.322009478813009231e+00
5.499881996818590801e-01
3.499083662776670156e+00
1.832948111397604829e-01
5.689367961202399293e+00
2.057585761835137306e-01
3.339083232129079537e+00
1.711556657063866060e+00
9.562525559212672333e-01
4.383072902199975918e-01
3.665417098595402212e+00
1.903626737005535752e+00
1.442528009361891517e+00
9.810134022659899866e-01
1.841761232127077985e+00
3.828196458458539730e+00
1.827334354752351731e+00
1.076051108868883777e+00
6.133805798696071454e-01
6.608177277984052189e+00
5.167452450847281886e-01
5.707387322379347872e+00
4.514454128920115217e+00
2.591781583172913184e+00
7.686294429920587090e-01
3.443890455473685108e+00
2.525225875956990329e+00
1.334320835393052018e+00
1.295452620228138452e+00
5.469885104001692699e-01
1.008283073512778572e+00
1.292461480636877935e+00
8.270939037521218840e-01
3.763370839194436712e+00
1.488723530076335066e+00
5.607002280025749075e-01
9.624573102754341303e-01
6.739994069097668294e+00
3.435000137632075456e-01
2.074447632885238590e+00
1.499944123467463308e+00
6.853496192873976822e-01
2.534539880396552647e+00
5.712991443417394510e-01
2.798640033173080521e+00
1.589432352289316563e+00
9.701284528841174204e-01
1.612143107249831564e+00
7.264037844189755733e-01
6.463730880634732667e-01
1.616638786755437485e+00
7.141859925606424131e-01
7.195502028745566214e-01
3.883873654529105490e+00
1.095808067875829073e+00
9.196761495168523926e-01
1.585607039438552190e+00
1.480886225251187405e+00
1.172945704792769162e+00
8.364148376925925055e-01
3.062573433037855342e+00
1.307160972329349136e+00
5.590207936311606396e+00
1.898036993757341584e+00
5.806577977964491488e+00
6.280043251647489555e+00
1.786655900391401097e+00
1.615306733298136566e+00
1.322690033427291967e+00
1.317827398259725280e+00
1.140892711908868096e+00
1.843292800563422373e+00
3.710555597396849037e-01
8.157823679482197221e+00
7.269783078773891738e+00
1.516062155172911874e+00
8.457001462742477216e+00
5.586275514307342815e-01
7.281112801942218660e+00
1.059323634340274767e+00
1.860888982426037730e-01
4.170793231997170225e-01
2.269901563544177492e+00
8.962866372610818200e-01
3.405307039391830770e+00
5.612128326183661864e-01
1.751622734863645281e+00
2.122797407836860994e+00
1.624681831413877786e+00
1.324690849427222705e+00
2.781882023191629472e+00
1.401412443648063277e+00
1.144030414612552615e+00
2.077263726978075820e+00
9.593095854058658611e-01
3.328646691115748180e+00
1.408128548952940262e+00
4.239947613162222684e-01
1.134244206709568381e+00
9.846965557573159611e-01
2.012215411354585815e+00
7.603199872561579475e+00
5.400664077776404781e+00
2.504612468441977491e+00
1.384630094838623871e+00
6.840211884747607884e-01
5.180767799981507160e+00
4.418173136154649461e-01
3.586567181877695631e-01
2.648586518148244195e+00
4.805987960264085368e-01
1.102136720714233409e+00
5.491350792154112703e+00
1.701900262543945441e+00
4.290658206586732248e+00
3.745524953789000300e+00
3.158345577751765498e-01
4.789904577802145402e-02
1.089453471427642040e+00
9.661857165805227687e-01
1.966203733224412220e+00
2.040929800439324815e+00
2.707311637730129394e+00
8.763195720797440913e+00
2.307098839469864160e+00
3.170347490700987425e+00
1.056329749042238308e+00
1.822571443072083852e+00
5.003075802676335559e-01
4.100632996207592029e+00
1.372348151232658076e+00
1.127973207054719040e+00
1.112191247575600883e+01
1.805948744191393729e+00
1.226237482238996312e+00
1.842284290802728153e+00
2.100143211344906558e+00
4.971327241936025487e+00
2.957548198819929031e+00
7.323694335976309588e-01
1.508210356731483959e+00
1.030561030570924297e+00
4.743751576342626897e-01
1.497677103357326400e+00
7.670086659923992523e-01
1.592540573148102823e+00
2.077992415347740263e+00
9.230445444508151853e-01
4.103875716384402850e+00
4.661158963128050559e+00
3.361335455513456250e+00
5.796703005514255436e-01
1.704174253030389385e+00
2.986724754520401426e+00
1.441521386733630283e+00
5.796998863619113873e-01
3.409919045814953087e-01
2.430128608527120981e+00
1.518900871952335363e+00
6.264981435417161570e+00
1.987503105744863552e+00
1.844409029376366194e+00
4.020683247618090483e+00
5.517133498403977043e+00
9.386283178376478853e-01
1.347242442942636398e+00
1.574613963385182780e+00
1.542845510911626139e+00
5.086547448714307862e+00
1.544130459634001085e+00
5.549048463268105635e+00
2.546261927583559626e+00
2.263852667307240552e+00
6.443230216851405068e+00
9.074359504354598815e-01
3.940271181090213126e+00
1.831982066395424269e+00
1.160054151143062651e+00
9.343725147460804070e-01
4.580073593154652123e+00
4.372238768003201770e+00
2.142175560334913520e+00
1.174678757157798437e+01
3.072436352195471621e+00
3.761416050744307515e+00
1.026184799172466633e+00
2.796247625252240354e+00
1.095811973500282033e+00
5.305421116485549149e-01
7.605933764322112545e+00
1.681518022942952273e+00
2.435035530563944839e+00
2.636579771878846845e+00
2.719462672157312966e+00
1.649946330553404339e+00
3.112588818098918630e-01
1.053558416588451951e+00
1.515422428018960321e+00
3.399023040135161544e+00
1.280091826303779179e+01
6.765951993564433664e+00
7.176440317776475730e-01
2.940428420991886505e+00
2.304437131486854806e+00
2.178857761149105343e+00
2.992662118675857741e+00
2.326458892756542163e+00
2.860358411848654137e-01
1.619914980712257702e+00
7.074969655916993894e-01
7.753694958865350095e+00
4.551725632187218373e+00
1.836072028670059586e+00
2.784368765363564258e+00
1.524782950469501586e+01
3.490099164582727731e+00
4.437913465168699112e+00
2.454270767750215576e+00
1.249477142985468525e+00
1.844159704198329974e+00
1.867720477784279964e+00
3.243693493920676740e+00
2.992007316922113525e+00
5.443912245532874117e+00
3.581588490283840187e+00
1.136506783258109721e+00
4.344957374776992509e+00
2.498156590729212478e-01
2.236493646033546057e+00
1.342732320452399764e+00
7.566976024009087753e-01
4.919672372102925073e-01
1.569799685213612017e+00
1.860859698391551298e+00
6.355529037101044221e-01
5.169251791660021134e-01
2.692797361543446399e+00
5.810597125205847480e-01
5.116859976625155682e+00
2.630355788169550513e-01
3.137211973466905501e+00
4.787332195664837364e-01
1.642954031338346832e+00
1.719099310112573997e+00
3.057054021724276982e+00
1.626781007843068672e+00
1.774472376627723280e+00
3.065998703095807354e+00
9.874602138324618528e-01
3.596905603295601495e+00
1.192342616935532895e+01
2.031551193380245035e+00
2.636613542459358861e+00
1.182846884314568525e+00
2.020852041174597158e+00
1.220030606763754077e+00
8.644506657250917714e-01
2.761818497104154169e+00
1.635671147478572340e+00
2.597832254831461629e+00
5.069543240536571460e+00
2.274011612664827986e+00
7.968481354702149355e-01
2.138432518435098295e+00
3.186320515053474356e+00
5.730915118232859484e+00
1.341498948789167533e+00
1.326339353659359510e+00
1.722840918933300491e+00
1.893930765067045829e+00
2.587312820827144755e+00
4.106572376376929068e-01
4.092598197103234803e+00
1.297657031497431168e+00
5.345116425444425001e-01
3.436159193305005299e+00
2.630632208389922067e+00
7.249630815368877101e+00
3.693985378029038369e+00
8.198920484057199420e-01
6.283706016472278000e-01
6.733041474816157113e+00
5.545107694179006508e+00
5.459991614229630308e+00
7.721904353695847600e-01
2.959842130196405074e-01
3.278686995145884797e+00
1.256811586331276542e+00
2.478910231582618806e+00
4.240386402495573415e-01
4.613679743744178552e+00
3.602064096444944852e+00
7.303001401252475766e+00
6.267403925438702617e-01
3.388880022688159244e+00
1.892817605361673428e+00
4.187626205087943809e+00
1.292414673270536607e+00
4.524759059654851256e+00
1.589245601525458795e+00
1.149162268661695796e+00
4.497503759134416690e+00
5.103829047578654077e+00
1.909879233894419270e+00
1.954808571832913788e+00
2.908045608393935222e+00
2.808669500886674442e+00
7.066653764528634252e-01
5.170998200756846686e-01
1.223414044534867129e+00
2.967612882091335447e+00
1.233312157048068958e+00
4.797467268031854193e-01
8.384645969803373733e-01
2.602284696836126177e+00
2.037479752929355070e-01
3.740399546633627281e+00
3.826399363258480069e+00
2.710571215910089649e+00
4.472403561411111284e+00
7.671459114803313994e+00
1.897871373116303828e-01
6.019817404931412597e+00
6.482741643365175221e-01
3.582517618550864924e+00
6.670025577586592647e+00
2.369106838297804440e+00
5.139944419219684590e+00
4.407695543653101566e+00
4.918450551028813456e-01
2.231828086110100529e+00
6.168167040084370889e+00
6.229983828266870027e+00
5.686982992938169446e+00
2.006507567354589572e+00
8.393012669728081576e-01
7.537068065411423046e-01
1.231131128011595077e+00
2.004244789934964910e+00
1.063048934980687532e+00
4.945390622902503530e-01
1.179336786016923933e+00
5.999081137585955403e+00
1.215999318836798349e+00
2.284435480414553243e+00
9.769348180963094430e-01
1.551922374366377921e+00
6.416012261322831201e+00
1.531336079744876955e+00
4.308439257656773158e+00
3.729562683687953850e+00
3.555771878370713068e+00
7.118817094770663267e+00
3.371747269256806678e+00
1.490704600260681634e+00
3.178636262755464292e-01
7.691176644616471991e-01
2.196486114784743093e-01
2.665344627278771750e+00
7.916551257143856768e-01
1.150036885378563634e+00
2.873624677694582852e-01
2.173493905367081869e+00
4.687228210058692390e+00
9.196481406223510069e-01
3.685969290360488149e+00
1.466202438366192295e-01
2.488103122784776300e+00
5.175615010990936682e+00
1.218602406335863586e+00
4.502939305278218285e+00
5.177597111418971165e-01
2.749830265858251299e-01
3.839312175717229936e-01
6.545161762813639372e-01
3.945271200310122683e+00
9.374067103171745963e-01
5.458174865381688612e-01
2.610793070393538695e+00
2.784087762313296910e+00
9.852343074009935364e+00
3.689034445207570734e+00
2.712721890098834354e+00
2.450325740084742798e-01
2.896578229352794853e+00
1.954642362067788408e+00
2.263511161481085165e-01
2.107123181076746565e+00
8.449247980850950190e-01
3.303021272483674053e+00
2.165189159050187495e+00
1.283522926976029321e+00
1.455252319001856476e+00
4.830594946785207178e-01
3.929569455800257849e+00
4.969532382608570775e-01
4.286971914932903083e+00
1.313117973644996272e+00
5.946592567967050158e+00
3.567970537579562840e-01
2.101095160105962645e+00
7.516459558836120713e+00
3.762141433024801973e+00
1.269420915621085166e+00
1.522438801260598051e+00
5.280979226920373470e+00
3.295896616212034558e-01
8.150963671441500136e-01
3.068133442368666142e+00
5.971859088249738434e+00
4.624751541054187953e+00
3.854633756303098013e-01
9.380766453190944043e-01
7.076883527694963760e-01
1.108752127906402096e+00
1.891855077336152435e+00
2.446095796723604110e+00
1.257596366002348587e+00
3.662952877533953266e+00
1.070950044759128250e+00
2.449840080733103331e+00
3.096297592961604894e-01
2.460641993760867230e+00
3.603987368718124085e+00
1.636333901450356176e+00
2.168625365915356706e+00
7.352174862243521236e-01
9.600846195845921471e+00
2.274644621974307945e+00
3.398972469400423524e+00
1.685795945010757135e+00
6.615302960831483947e-01
9.886387883375538088e-01
5.542122630842714948e+00
1.232857813001100533e+00
7.700980062486030064e+00
2.468317708941029087e-01
6.843519382633740378e+00
1.492108977122631241e+00
1.056792971549504578e+00
2.884607865358531864e+00
7.404740704463215195e-01
3.266881686373547922e+00
4.643861740388944281e-01
1.000816760859492671e+00
4.009164894125726519e+00
2.870259889235067252e+00
4.263652049211741901e-01
4.030730068128622889e+00
6.188381585617143799e+00
1.998507457699571832e+00
1.195996786619953056e+01
2.963137701023754733e-01
4.653704791951259523e+00
2.059215724490246480e+00
1.697752267393052572e-01
2.100735796247848786e+00
6.127236783818972299e-01
3.049623287930585125e-01
6.503464604623867551e-01
2.432923417709982328e+00
5.607006214088866791e+00
2.753465678948715745e+00
3.963053739708246592e+00
6.047429543250339989e-01
4.495378014795239352e+00
4.409916270168142916e+00
3.421916497377097688e+00
8.979455132372031745e-01
3.724039449250253764e-01
6.773486126629301829e+00
1.887002134399620834e+00
5.099929028486783089e+00
5.759395658776851334e-01
2.564018706711220563e+00
3.847485661718070826e+00
6.518811986629797772e+00
2.603984490309871447e+00
1.846435264880900151e+00
4.043428245876897087e+00
3.830254206513041271e-01
3.861897895845033957e-01
7.846399345739287767e-01
3.866493304674612386e+00
1.604769357625359882e+00
3.082546923312539100e-01
5.390471745629882294e-01
2.387092219330463894e-01
1.510636379863123047e+00
1.090906261949514899e+00
2.151938369536547935e+00
1.718435817133118215e-01
7.592452557663476043e-01
7.589909014114420316e+00
2.347880732459966868e+00
1.421368517240441554e+00
9.979983934205324259e-01
6.441043617383501285e+00
5.727664037119130747e+00
3.053183697429315391e+00
5.239444951970434472e-01
5.555616381720588359e-01
1.166862348505284031e+00
1.920595753121672744e-01
1.647208401602532790e+00
1.847438932305855985e+00
3.907114364772384718e+00
1.487358402815865066e+00
1.301908378266174005e+00
4.832000633745268559e+00
3.229717684921907583e+00
3.759657557684638052e-01
1.883526581898089303e+00
8.046291645327546815e-01
5.763576502844832916e+00
1.956895965254811687e+00
4.899587174803222034e+00
1.149108207670241910e+01
5.411205422807678467e+00
1.467081116637253491e+00
2.194616855210655970e+00
6.639334721414938967e-01
2.671412453391023067e+00
1.898902712643575907e-01
3.971234495073382997e-01
2.365765867719579862e+00
4.122372379586012769e+00
8.424325951880394792e-01
3.025164504289733491e-01
7.113581434000284531e-01
4.015901388130782568e-01
1.102890138806609022e+00
6.942702199540157215e-01
2.675225836218817044e+00
7.937478260780649331e-01
2.201092678519199985e+00
1.960272604591163814e+00
3.143382521784901518e-01
1.958630073062649357e-01
1.346830888779271262e+00
6.555680587339922649e-01
1.046879945444496363e+00
8.052059036804084524e-01
4.943280274347064740e+00
3.233258349711091162e-01
1.007069558931421360e+00
3.768673510495192502e+00
2.860736842629758137e+00
8.030959408863289628e-01
1.268734833685546848e+00
5.172629583937533582e-01
3.484395840643673137e-01
6.903644388797869347e-01
2.020321843071105850e+00
1.513066398594463680e+00
1.889246855785095824e-01
1.246636190872946470e-01
3.054000326350692518e+00
6.613887367548035856e-01
4.486614272305557094e+00
2.364180910356727949e+01
7.537118698716144261e-01
3.821940009987309650e-01
2.178294227174991882e+00
1.720832671203370134e+00
1.211933795328052899e+00
1.625081646467908980e+00
6.509554078963769586e-01
3.687704684297721691e+00
3.727166663081609155e-01
8.107850198575295986e-01
5.147803579829774989e+00
2.791995718990504249e-01
1.948021654668699865e-01
7.929497080228932182e-01
1.807985259461029726e+00
9.057964233814111310e+00
1.833888874953669035e+00
6.051699927376145149e-01
9.146284824907187083e-01
1.440461228111918457e+00
7.092736170649749372e-01
1.778616955980794057e-01
1.031029653369070598e+00
3.803405451291905215e-01
9.611959554650564286e-01
1.065836472704565940e+00
7.365958324013634595e+00
3.004409228499909990e+00
1.183630634482596644e+00
3.267749833945352567e+00
1.359328568068557530e+01
9.140004734650873930e-01
1.511472331423862725e+00
1.290918217396129775e+00
9.908641448329340573e-01
4.332499820000095259e-01
7.529962101063073510e-01
1.090971844875815400e+01
1.209973949956444583e+00
6.056798158621498063e-01
8.080219193670120648e-01
1.557157658402457479e+01
2.795244870405760640e+00
1.120509212744002614e+00
2.005332611365905571e+00
8.038268960493677451e-01
2.991991899368306451e-01
1.444212089628797546e+00
4.737044055886124871e-01
2.132243696744250960e-01
8.970195952170979536e-01
2.705351909500970375e+00
7.951130733546740714e-01
2.936400561427112699e+00
7.913698503112864824e-01
1.299631680091286601e+00
1.304166156249246633e+01
3.502987205440470930e+00
5.360854375931147775e-01
3.391811426445102917e+00
4.419861341927395770e+00
3.865740091699729764e-01
1.590282228528113073e+00
9.504493745056359799e+00
6.369852191475052772e-01
1.382437211945859445e+00
1.113073529488294433e+01
1.800208837753981106e+00
2.909522526879624316e+00
1.831275348813593107e+00
2.001486078853285111e+00
1.520548847552025018e+00
9.045528531719444487e-01
2.048510674756614525e-01
1.998766082616580775e+01
1.929229678747629850e-01
4.551290978422014577e-01
9.495466510778360458e+00
8.352325149096985202e-01
6.996412028417781315e+00
8.691775488513406867e-01
2.549999753497580457e+00
5.276097018165718744e+00
8.859750145600029825e+00
7.401033238262636482e-01
6.211927347891591511e-01
1.787672878060643233e+00
1.038831893222599723e+00
1.045019168941088816e+00
7.960389902429121367e-01
1.678751909987069801e+00
1.465738172543153306e+00
5.167534700244643453e+00
8.474533125846361870e+00
1.181860399115285398e+00
2.071380245906286444e+00
1.547028277049499412e+00
1.167120003398397721e+00
2.084744873766430084e-01
1.365141345041768206e+00
2.950286119537790075e+00
1.555920395810231893e+00
5.467389327917120401e-01
6.962008951060580930e-01
4.365543801843235761e-01
5.982652140743129898e+00
4.906981703130496975e+00
5.292635894905602933e-01
6.561971836784170620e+00
7.268365514158166008e-01
1.794437157428326213e+00
4.404526101748258982e-01
2.259262683779238168e-01
1.407866243377540627e+00
2.010597122051506247e+01
1.290500373542558421e+01
6.967301533519955070e-01
2.053895952185261109e+00
1.000271195141652303e+00
7.809739348075972476e-01
7.219163743619299023e-01
9.944277943891124849e+00
6.596658961021126810e-01
2.311428041248489773e+00
1.328851288581986756e+00
1.073931114376710960e+00
3.819960674112376164e+00
4.515117471815348615e+00
5.423899387673750461e+00
3.097531000582812499e+00
1.337120082389072317e+00
4.399128163959855620e+00
4.180540970430883796e-01
1.147103463245779276e+00
1.756439299314810798e+00
1.162512105723734734e+01
8.920357816876759438e-01
1.760995006956470599e-01
6.651220242470772259e-01
6.250762283307532974e-02
9.804138405206309637e-01
3.051881499311027479e+00
1.382556268445024772e+00
6.160772364409373703e-01
7.145949774263878895e-01
6.155160845625423649e-01
2.173340611208084638e+00
2.354866373936325419e-01
6.951592532776121658e+00
5.151362028758313727e+00
5.074036717131245044e-01
3.351249388224238346e-01
7.064730245223403315e+00
4.611993163617605362e-01
4.916802791195383771e-01
3.751266443060318756e-01
2.123976536175539831e+00
7.436298422721557833e-01
9.284706737549903721e-01
2.212980793386486678e+00
9.883611474950122044e+00
3.456688635566266932e+00
7.522519031944145951e-01
8.898135906031997777e+00
1.771065843105209980e+00
3.309673586801210599e-01
7.615532385404790716e-01
4.903233511987802551e+00
2.908183611163591031e+00
1.138552950525815888e+01
1.094966420763666903e+01
5.576699296172135334e+00
8.232176956998910056e-01
2.100542014563594506e+01
2.777452735671051443e+00
2.239310627264355258e+00
2.184761796429874448e+00
1.876987790129616585e+00
4.954096445277687555e-01
1.677638602801053258e+00
3.134613949899738738e+00
9.663851675606456304e-01
1.371847657996599246e+00
3.040568907688170341e+00
2.246699309791936550e+00
5.940522434228718396e+00
6.640326847458802861e-01
1.451246968891100275e+00
3.242713297354768542e+00
1.738556248335418886e+00
8.745461678002017791e+00
3.765570627853390473e+00
2.286809252797747938e+00
1.002462740055576784e+00
2.684580176901461890e+00
1.091645792473384979e+01
5.845120257600979752e-01
9.502769377960394337e+00
2.632586497525914737e+01
4.337945127489525987e+00
2.838070600076213479e-01
2.237780280894690499e+00
7.666213270074569763e+00
2.930856384330525533e+00
5.257698485727057225e+00
3.100949872370069027e+00
1.091092777529564239e+00
2.585762299837420564e+00
6.119899503207286706e+00
5.199789400451399146e+00
1.692238793195509459e+02
6.481447022011093129e-01
1.179155657605662766e+00
1.831546552590402221e+00
8.156083857246486657e-01
1.388911612236142457e+00
5.202199688266652799e+00
1.574637833885875438e+01
5.027886341325218389e+00
3.690305994226997566e+00
6.623528701353165182e-01
6.983578540766258058e+00
7.018903868566297000e+00
5.005698028714282266e+00
9.753569997166784411e-01
4.847155944235886693e+00
1.331975110289782105e+00
1.416261371314590622e+00
2.469573053248573569e+00
8.658835610803077287e+00
3.140479354981174609e+01
1.918068625287875806e+00
1.124923931434959812e+01
9.479966045325484147e-01
4.452109323298190979e+00
3.514581850745784219e+00
4.210911891099362592e+00
3.249947705497032158e-01
1.254281717579151412e+00
1.327007107896532645e+00
1.457117327741060508e+00
6.388726699306418233e+00
4.402673058789054572e+00
4.013817157793639900e+00
7.737178822774084530e-01
3.662126531316083788e+00
4.067310722003599111e+00
8.011010883645152347e+00
2.345291403365504568e+00
1.144525579194949572e+01
1.316171932534948041e+01
1.275415669099711824e+00
1.718719126044692125e+00
3.700918654531419438e+00
6.954597706237379828e-01
1.420191976086712060e+01
1.140368407231866055e+00
7.691570551473791983e-01
2.867336790508907107e+00
3.240581269633791894e+00
1.252636361294291456e+00
9.123299646761417137e+00
2.319106242122929373e+00
1.304119696910680748e+00
1.082245820842020700e+00
2.571544198746781085e+00
6.740359220034785048e-01
8.110921575498224456e+00
4.204400278069590158e+00
1.014441869655112738e+00
1.741952108440140368e+00
7.757144625775358016e+00
3.988282988446365973e+00
1.611831009352834299e+00
9.707743237041769335e-01
5.513821993613435168e+00
3.797526615188580923e+00
3.165443626877048611e-01
9.934087461074874170e-01
4.249961894447443100e+00
1.252842354067006614e+00
6.507097865673821424e+00
1.818839698996214338e+00
1.210026850193037573e+00
1.546158429303855220e-01
5.516640518604059018e+00
1.635431485029548160e+00
6.725750169624117092e+00
5.898963551558725094e+00
9.514336862744698919e-01
1.567134228286933162e+00
5.327247215760062993e+00
2.011786289133898897e+00
2.570961993127804934e+00
1.580019272862543511e+00
5.608454740427859520e-01
5.522955830515360987e+00
5.309625630485177439e+00
7.140734678060062235e-01
1.015493475698731451e+01
7.941801339086718148e-01
1.933686326877728900e+00
6.012294069243064421e+00
9.275478018166890548e-01
1.061122604599642472e+01
1.478107957870770761e+00
9.587175798207139721e+00
1.101274725785204245e+00
1.164113875620796712e+00
1.746589740109753430e+00
2.156442204981477317e+00
6.232973388135673254e+00
3.511056907892087686e+00
1.945403301345559388e+00
1.559493580582818950e+00
1.965388983198045336e+00
9.058107149228685762e-01
2.164109656489221489e+00
3.135570276254097677e-01
4.899955247814434145e+00
3.438130442525930253e+00
3.003659157709962280e+00
6.405721854070550947e+00
2.327537114261941209e+00
2.643885868732511746e+00
1.276433587204373943e+00
1.010101671426895464e+01
7.980167691090048976e+00
2.196725374830629018e+00
2.681579918035372767e+00
6.755754628363542791e-01
7.768699467076242371e+00
6.797063129983033747e+00
3.074562616456205877e+00
1.022317444581238410e+00
3.664107793429591808e+00
2.120672186918437507e+00
3.685705659506949949e+00
9.925684934890031119e-01
6.912969028651456682e-01
3.933234930343316282e+00
1.662877362490518429e+00
6.196783802391401252e-01
1.721874436781533291e+00
1.537378628008827297e+00
4.116848140617969776e+00
4.693124529595784633e-01
8.587745411421844111e+00
2.911628212294702145e+00
2.561888632200656435e+00
4.659075335220755676e+00
1.019597797253362970e+00
2.373449524293908208e+00
2.262269416682438639e+00
8.884803533387328756e+00
2.556490682769169798e+00
1.978831018660861751e+00
5.946466615678076550e-01
8.804367740891022365e+00
1.013153351836386440e+00
3.820000908664536787e+00
1.555796277235174774e+00
1.892696515912702937e+00
4.317695654330699906e-01
1.265269670723017104e+00
2.252760013000580042e+00
2.110592886477538954e+00
3.952966301972183349e-01
7.572036665512384135e-02
6.538800398941274850e+00
9.119689111630108869e+00
6.439993115404643031e-01
4.323164693506876155e+00
2.102448369343951740e+00
2.863781533109611921e+00
2.775659917744435767e-01
3.605808378382930335e-01
3.042040974587829183e+00
9.031497742968908060e-01
3.902166916816949271e+00
1.514746959172252216e+00
1.147491854151692081e+01
3.527025521937656727e+00
8.555528895211317320e-01
1.088783812696186404e+00
2.987814320955654246e+00
9.594663059475020406e-01
4.263722768230374105e-01
9.820990853412211452e-01
5.572036850054564727e-01
8.016365785017698364e-01
3.354659752880415624e+00
9.155234371253205827e-01
7.822306271657247789e-01
3.258914048188275814e+01
2.216437566433723472e+00
1.035857906389654026e+00
2.613555915525777595e-01
4.830290158661474931e-01
6.880746315588962547e-01
4.759451326747693445e-01
5.444457045415542318e+00
3.366456900189189749e-01
1.015621213240525567e+00
6.771246766934276851e-01
9.662734966035971818e-01
9.556088910378148782e-01
8.293080541021133456e+00
2.068944898973818780e-01
1.986005667302273281e+01
4.530386746469392545e-01
2.036337088212049728e+00
3.016603952291547319e+00
4.067508868706178338e-01
4.732269376712308073e+00
2.255783918201094973e-01
4.062413054634415599e-01
5.302428614904171056e+00
1.507097704249741810e+01
8.829801974551342303e-01
1.090368978712718206e+00
2.273410675930073843e+00
1.019262989133422614e+00
2.638524950369565136e+00
3.882075416718646643e-01
2.632850873024379368e-01
8.528390899373791134e-01
1.400331229685568601e+01
1.826284231597924634e+00
2.088796308775464183e+00
9.421507038219297803e-01
6.279572040156473633e+00
4.511011554353423492e-01
8.823343574922994037e+00
2.516351338665412385e+00
1.864106469076107553e+00
1.543815008848487302e+01
4.274543869672928209e-01
2.700716982373760899e+01
5.751485962128070062e-01
3.322707579219263074e+00
5.775466930015702438e-01
1.884509882500806910e+01
1.191144609433186474e+01
3.282662154062002902e+00
2.314970001802992838e-01
6.670254772678141819e+00
6.631400082698946097e-01
5.016053422116383276e-01
9.008606622742518777e-01
6.668198354823845486e-02
5.320620726778225951e+00
2.715370038099853001e-01
3.621987707348282015e-01
3.132478347722008616e-01
7.699484408636460664e+00
6.263963313654460352e-01
1.982927955924659313e+00
2.744557010027638189e+00
5.638813169256335911e-01
3.608899633490448622e+00
3.175878220838497246e+00
3.034948173862877852e+00
8.972945316005533911e-01
5.548398994989512945e-01
1.962090604348855649e+01
1.085311337242385044e+00
8.662448694889299361e+00
5.067188918887819860e+00
2.819927349308552156e+00
1.809502723986489148e+00
7.186748110655521993e-01
1.052780031598265165e+00
6.663617241635294564e-01
4.591761240319666704e-01
3.630094018359295660e+01
6.174882296074571952e-01
7.011631023789036909e+00
3.252228322943954364e+00
1.174080311475344640e+00
1.478159404147088241e+00
2.696491813540369265e+00
2.349941462209895082e+00
1.722675469544994620e+00
7.187643882746452562e+01
8.969965772487984879e+00
3.026312854993594037e+00
5.401373372432983544e+00
5.092659688589576739e+00
3.792918064364596553e-01
2.518462492021036336e+00
4.105091073482968866e+00
2.491026715909003819e+00
5.140979159700598267e-01
8.301127180258944804e-01
9.884897425235326940e-02
1.151582242160128056e+00
1.368193801247733210e-01
8.232011060949964154e-01
5.987225996418311658e-01
1.275370130572987426e+00
6.150066174351326298e-01
2.699694928655474335e+00
1.383210415953517458e+00
4.023572382407379244e+00
6.490292302910607436e-01
1.108938719733826517e+01
1.117145512119592787e+00
5.215493993062282341e-01
4.964577374506506047e+00
5.818756190802686135e+00
1.966082187604276221e+00
3.040088983588780547e+00
5.372904548804894098e+00
1.791639032327784209e+00
1.556559864967687901e+01
6.488156720703709190e+00
4.920738126849127703e+00
3.861303506331318136e+00
4.080970278594745260e+00
1.717030171142165162e+00
1.830180686204967433e+00
1.973492187211075111e+00
2.504934076930875886e+00
1.404690106917248826e+00
1.193515576824541791e+00
6.936536447494858759e-01
1.193916011433658220e+00
2.479827375330127648e+00
7.170020595212498460e-01
4.176313226970693182e-01
2.991641362924562397e+00
1.867133949283400762e-01
1.460148951941427464e+00
5.814690244723920154e-01
8.797380605107792961e-01
3.084609140033960362e+00
1.177403490473260916e+01
1.076474957386670184e+01
5.132901602452407452e+00
1.666094223020324421e+02
1.771627623704293342e+02
5.610967965022559678e-01
1.309233085567922839e+00
1.148355675206541449e+01
1.620112768383491755e+02
3.335301720576985041e+00
3.344572697102058623e+00
5.057597681267743006e+00
6.504045539264535769e-01
2.883245429509754820e-01
1.293770097708311440e+01
3.314198201323540705e+00
6.289544806337274530e+00
9.705257620700603383e+00
1.024588426148047571e+00
1.202585803662277408e+00
7.235367944175691290e-01
5.445533379274793084e+00
4.244312201726045508e+00
3.678385489097095729e+00
3.418363893855237645e+00
4.147777410310599655e-01
5.361322674124925358e-01
2.456532841981143189e+00
5.343950267195687331e-01
8.076782137263613937e-01
1.016195630992013221e+01
5.021006661551622230e+00
1.102409145875507424e+00
1.954141904634714155e+00
3.636833351070293929e+00
1.195974126134650151e+00
5.080284169353478374e-01
5.690732640858805480e-01
1.256791947028762735e+00
1.052430711730999002e+00
1.147795096822659344e+00
4.534497044998638260e-01
5.661088446386207451e+00
1.806425957168876495e-01
6.434341631772479975e-01
5.695530134920961940e-01
3.700137999571809111e+00
1.856517564414283394e-01
1.839680404807904734e+00
1.634694118860459788e+00
3.172670230437862338e-01
2.496204463254751715e+01
1.736304048575970649e+00
2.638217757739143021e+00
2.577883394614987611e-01
1.818740863840113242e+00
1.117335270954523452e+00
1.044573559051103384e+00
2.291137380155605641e+00
1.036205790479375555e+00
4.707346062749589777e+00
7.527465413203248135e-01
3.605846804541988693e+00
9.103014098095054685e-01
1.186266180158560113e+00
1.691092030942277447e+00
5.205893752136906194e+00
5.117296250558833748e+00
4.827808618253756068e-01
3.634149083292562699e-01
7.451545468839863018e-01
9.221593703086901073e-01
5.312007508270608636e-01
1.187117865094014180e+00
8.153266263646208323e-01
8.574812663035825677e-01
1.121254798377549600e+00
1.256934014629840668e+00
1.101460180952719359e+00
1.360832353325374378e+01
7.032112689649665516e-01
6.883320759258695354e-01
5.085396234073314981e-01
2.073978787635793797e+00
8.637212996752045013e-01
1.009954327748804559e+00
3.412061755930470230e+00
1.078376820204811404e+00
3.053031256235669844e+00
4.932701425405420226e-01
1.279040097616114480e+00
6.191513199898894815e-01
4.218157417715481472e+00
9.606659982324421421e-01
1.719663759897038346e+00
2.484456029962543333e+00
1.990343493264254970e+00
2.975042721398685863e+00
5.804838251093284995e+00
4.952013070865007194e+00
3.071829421219012257e+00
7.025830729935178098e+00
6.705004188413340671e+00
1.746452214230106215e+00
7.963131033738676257e-01
1.735740302741256791e+00
5.382185993115367051e-01
1.599892872018391365e+00
3.517797541129163985e-01
4.485518320092127253e-01
9.640996985990665236e-01
8.320643235505400526e+00
7.961763374083107303e-01
2.034421234621771823e+00
3.607427974333280218e+01
6.161670839785107212e-01
1.632576092342889362e+00
1.600343847208012038e+00
6.918239706108625375e-01
1.005870686590006668e+00
6.978613255931481740e-01
2.661628038373059724e+00
2.003393113124580349e+00
1.951011550184373444e+00
3.899924814212363700e+00
1.946825182307751145e+00
1.995042149111682928e-01
3.067281450599300019e+00
1.331226366063805067e+00
3.778247434992443310e-01
1.605738903765233871e+01
5.359127322838481700e-01
7.187042005310789961e+00
6.260197798155798132e+00
1.723543158375541839e+00
2.741205558706425016e+00
4.431468139872118073e+00
2.466762112041129551e-01
4.402622298831247449e-01
1.997970193761825186e+01
1.552048908496057811e+00
1.474144502912688282e+00
2.790090876069447834e+00
1.432376117031316509e+00
3.895786918832510715e+00
4.975966888661152332e+00
3.398947416385654119e+00
2.239797826405209413e+00
4.866905649637446873e-01
7.408687758898307996e-01
9.502845895823071487e+00
1.429147166805515123e+00
5.924494159164838125e-01
9.589270693264589918e-01
1.996392546681642344e+01
2.771836041172571097e+00
5.347044679324243432e+00
6.331988521041482798e+00
8.284336196111881101e-01
1.011582458955284508e-01
3.395435046603864748e+00
9.467657753328452275e-01
2.372922434194961294e+00
1.238801662292680961e+00
4.008325634511991531e+00
1.556569429208781496e+00
2.893595641284712472e-01
1.110773321941927527e+01
2.549513738148818653e+00
5.882636876067789400e-01
4.450218861053333863e-01
6.059808212479828038e-01
1.716327154313374237e+01
7.378303996107168361e-01
9.949312067414871619e-01
2.032590524534050758e+00
7.430503260000083543e+00
2.101381973846966567e+00
8.499468059346309445e+00
3.697931003892136914e+00
8.017785801901077036e+00
6.790947651126193196e-02
8.101787014614940663e-01
1.186893683698205582e+00
4.913568535639078583e+00
3.209373656640548855e+00
3.204375470836705819e+00
2.125753186994701949e+00
9.109933848366676967e-01
6.378637595902981738e-01
3.274490057632634343e+00
2.476578159158074888e-01
7.430061457868886166e-01
3.462459189162122586e-01
3.644929657807159940e-01
8.660663237283690030e-01
4.100994759710616222e+00
2.668808030766938733e-01
4.120530944288244513e+00
1.404484147588321630e+00
2.174668228342002685e+00
1.223399098994822243e+00
3.481918286243820493e+00
2.354814628633736806e+00
8.998845428090923582e-01
3.182510515105516080e-01
3.139269394432262050e+00
8.691219442366988623e-01
1.002723073220233907e+00
3.018380576449842589e+00
1.419197794763510823e+00
3.711100530465528458e+00
5.096014075649485164e+00
2.752517023552320641e+00
5.469287667304867373e-01
5.965779814195032671e+00
1.735019195549444504e+00
4.136990017896894356e-01
5.496884438600926792e+00
1.716382032480739284e+00
6.227843600544716862e-01
7.674210575783472210e-01
1.316582297571415516e+01
3.212740794374551734e-01
5.268847536194031234e-01
9.799328760560365170e-01
4.826421919811444639e+00
5.823790142532337955e-01
2.426330182770962018e+00
4.035120320606888633e+00
2.170729560049045603e-01
8.165515036710246477e+00
1.481035361968789932e+00
2.728135927145498130e+00
4.193218110274155030e+00
1.468936912998965783e+00
4.306034197205250713e+00
2.499181011572108702e+00
1.496146235753285758e+00
1.944819405941867752e-01
8.358507833234554152e-01
3.502380499738292130e+00
2.666407101885745146e+00
4.067408876223682412e+00
3.457687341304231499e+00
6.918806489070575827e-01
3.809708487891815487e+00
2.268062468091379458e+00
7.270789621481961174e-01
1.697289077530854673e+00
6.094199566345275265e+00
1.203453810603918761e+00
1.842633638226260695e+00
1.864452584370245969e+00
4.689853284050848004e+00
4.445681016625389503e+00
2.523005819504684499e+00
4.414676551505117175e+00
7.806909001974535744e-01
6.812785759386970064e-01
2.891616636654242622e+00
6.763840319953328795e+00
3.638137409566848390e-01
1.622370812232400317e+00
3.613191018566784818e-01
9.637777088665628877e-01
3.701166171025201956e-01
1.863754844328698645e+00
1.652165308580596959e+00
3.745537805113374752e+00
2.142310265561549354e+00
3.777727828343894201e-01
1.510142410003354918e+00
1.808452458763508908e+00
2.070828946800373327e+00
4.675236488914483068e+00
1.657070943820642350e+00
5.541550369217547178e-01
2.597778730380703838e+00
4.335384384552847692e+00
2.276911824757339886e+00
1.458106514920597618e+00
6.222613574467776854e-01
1.480881999504676694e+00
7.474693101715187971e-02
4.196210330908050068e+00
3.253897485030933900e+00
5.283129332986471915e+00
2.609628859123121813e+00
1.037796240591323249e+00
9.879664608608452525e+00
2.913736644590023683e+00
1.178375578130179679e+00
9.750482552258017410e-01
2.111719669847672787e+00
1.360214478838625007e+00
5.079830478387963311e+00
2.750154120715164185e-01
8.608588527394852585e-01
3.086477491660920336e+00
3.207845291241373520e+00
4.247950309803177227e+00
2.862508954845498499e-01
6.890503578914048965e-01
8.122033287282411917e-01
1.392969250982804441e+00
1.038512373927243537e+01
2.352077480336028259e+00
1.206168742095853785e+00
1.421467372739289692e+00
7.004347733451251612e-01
5.237824627295885271e+00
1.109858479638131667e+00
5.543960410393329319e-01
9.666594894249042058e-01
4.173008262751770836e+00
8.579436888705119557e+00
1.770505283201901259e+00
1.899821492003009205e+00
2.245209583553745780e+00
4.879397192427853192e+00
1.167036819884457088e+01
1.063193893142969360e-01
4.871879282076416739e-01
1.676755125333906138e+00
4.881198227288712221e-01
7.053644625373574062e-01
8.471410027915896590e-01
2.314827598711998391e+00
2.459357887654757491e+00
3.011838249434325654e+00
8.134580053838627478e+00
4.507711361934994554e-01
1.152551009160350137e+00
6.318571523870734064e-01
1.932175862892182225e-02
1.071185980737289878e+00
2.915445856192331320e-01
1.140826421832719539e+00
3.965003472830302411e-01
5.846278088414198493e-01
1.623989243376479541e+00
1.088076101038403243e+00
6.340512584109987415e-01
2.200890846921540689e+00
5.906156670282660670e-01
1.646631552660598186e-01
8.079610759550724941e-01
9.724999382488489497e-01
5.357739327328014944e-01
8.394171306618027906e-01
4.230445038936600177e+00
1.572409748999775980e-01
5.220313084421233096e-01
6.277526336112079219e-01
4.826437277997655428e+00
2.534939122333071393e-01
1.380141427418554834e+00
4.357373597667135723e-01
7.058974523017879088e-01
3.278958716116496586e+00
2.451436487834254274e-01
2.696012379367313194e+00
3.710933255435256983e-01
4.215875706846858861e+00
2.684515553785148168e+00
1.737161874707291220e+00
5.246331519579845448e-01
2.486349729496847072e+00
2.195301501561699897e+00
7.679717218218387043e-01
2.271325979016721508e+00
4.880791691671529930e-01
5.890197454767549523e-01
1.744897388209017519e+00
1.311980387925226754e+00
2.328084630469391403e+00
7.988785745474301647e-01
7.215979578485891555e-01
3.820871550034654618e-01
3.367008411002562207e-01
1.288872813973858111e+00
3.629974719177513909e-01
1.841456763887445169e-01
2.307735316450118257e-01
1.158060964088208911e+00
2.459712839252337913e-01
2.845188849043038370e+00
4.103068072181501047e-01
4.213309163394476919e-01
2.713305264479910495e-01
1.017935982647846904e+00
7.664684580703841066e-01
1.428014727082550950e+00
3.073545039352776342e-01
5.799754708916690760e+00
3.279350214965282007e-01
5.534259810494728704e+00
3.942148388254477775e-01
6.538592777369577114e+00
9.732696892969596725e-01
9.520608378206546485e-01
4.075384924275959442e+00
2.925819558507485318e-01
8.672985896949252371e-01
1.633514747523738375e+00
8.931352180177619671e-01
9.843064601870683550e-01
1.038319214335028828e+00
1.040655184569564851e+00
3.764012954590748583e-01
9.093273742686589500e-01
2.444963217336472705e-01
1.671245982572283184e+00
4.485071012320866579e+00
9.109847345979525945e-01
1.977270132177712858e+00
4.317866655526406694e-01
2.351817620526245600e-01
1.369418249046215941e+01
3.024677472969417580e-01
1.100296036362688579e+00
1.136018053235768210e+00
8.946800798405518673e-01
4.519611306724659272e+00
2.395130370073043746e+00
3.004175235868350669e+00
2.954320463593198109e+00
1.710017267088392190e+00
8.254929631662460965e-01
4.670124942265283963e+00
7.459408273260941247e-01
6.551048043125722309e-01
5.297903423483191210e-01
2.861505302919089111e+00
5.659866260990108700e+00
1.907333759748806590e-01
2.132432655286448320e+00
6.078160810083309551e-01
8.652742137422415603e-01
1.794532808352642395e+00
3.307609612105673613e-01
5.208942565119498713e-01
6.046013192920752788e-01
2.577780914714542959e+00
2.645383202247495902e+00
5.595748056612577237e+00
1.363054426519135331e+00
1.032990792744987951e+00
1.240420259446148199e+00
6.807877202255396831e-01
9.242017831457852495e+00
1.189487104929569383e-01
1.540363675937415078e+00
1.429309484399931884e+00
2.308110098646361852e+00
1.201008154511827852e+00
2.874662831513074002e-01
8.413043459149301961e-01
1.419201698599537487e+00
1.370757833576658147e+00
6.249073981427777369e-01
8.727722163765936347e-01
2.421723782758734345e+00
9.534908076638829444e-01
3.790051879839974602e-01
1.112481203540995667e+00
7.814240362951987429e-01
3.646417864297833433e-01
3.804277524057199322e+00
1.325654089610088793e+00
6.368446792445748850e-01
9.574608181834164400e-01
1.737275484370831791e+00
1.150463669039241271e-01
5.858661716722996182e+00
2.540259780952303093e+00
2.366986780306508664e-01
1.279217772975113743e+00
6.036768112713108980e-01
3.706563150726569500e+00
2.687348683907391789e-01
1.466973939507183911e+00
5.785986063515927036e+00
2.018290426540219951e+00
4.506576029719631116e-01
1.422774858952996935e+00
1.085733564463063461e+00
1.472775590099263177e+00
5.734657139086593247e+00
9.152611385108764264e-01
2.123385837648799512e+00
3.294672814255945048e-01
2.312260931712939449e+00
1.294226234635156736e+00
2.831423572672739475e+00
5.215821910268573225e-01
3.685108666943881506e-01
2.314209361632703743e+00
3.412318905062373009e+00
1.777855262163297589e-01
1.012153891905615444e+00
7.772990800270069833e-01
5.212695464789479649e-01
5.108101640381816910e-01
1.269281820771733571e+00
9.485423468975333616e-01
4.173525326528958246e+00
3.867555527949946836e-01
8.571127543717151909e-01
4.114922724993316239e-01
3.000141347017462601e-01
1.464867147692603178e+00
4.839025067331256258e-01
7.213386087447681838e-01
4.892266351630582655e+00
5.162435029673436704e-01
5.506019604634259323e+00
1.508352247096623744e+00
1.260075743420655980e+00
1.630011310001506786e+00
4.652518497462070357e-01
5.641777834385020896e+00
2.624716557410782691e+00
1.182384850939931731e+00
8.030611243869053562e-01
2.502972695105541767e+00
8.057176097140644089e+00
5.951590739552538034e-01
6.426744622214456415e-01
2.919431180797259717e+00
6.832284121335940874e-01
3.285969425634439833e+00
6.913937425187405283e-01
4.611099602477251480e+00
1.336084431702302400e+00
6.336976159695826283e-01
1.443786280133109390e+00
4.907181617381468186e+00
1.644653872584942222e+00
1.597560839861289050e+00
3.879060541670857454e+00
4.535739635217444388e+00
1.460601972851878294e+01
3.096451777530488947e+00
3.415186907774810265e+00
2.425820208376514575e+00
1.828111167975066920e+01
9.188566382208649408e-01
1.198356209403041772e+00
6.434925039170080296e+00
2.536312527610230738e+00
3.747098229351090826e+00
3.026962363052399496e+01
4.540382067460996041e+00
7.964779772758133758e-01
8.058951764706311138e+00
3.763043557070544498e+00
1.637468557381580314e-01
2.176962199177161938e+00
1.636244449049040206e+00
1.165380124410097196e+00
1.552239567721852787e+01
3.691268197562974418e+00
1.891780633968582759e+00
1.820608265314184182e+00
1.801296499448058919e+00
4.390943794670091327e-01
1.603524114270285628e+00
8.364354209625177727e-01
7.894000650753375536e-01
4.202136420704332687e-01
3.463516469089351624e+00
2.921400975374630615e-01
1.130617462261515271e+00
2.544573165351843524e+00
1.539803502328856766e+00
1.426005324660264861e+00
5.053137146419689474e-01
3.871879459098369392e+00
9.193153276297278964e-01
4.756192898585743234e-01
1.764681009536903655e+00
1.233852187632077158e+00
5.040642682926050888e+00
1.240225591710557573e+00
1.122261811961653066e+01
1.758789535552958583e+00
2.998258182951393991e+01
6.671850311150883117e-01
9.980560817520303107e-01
9.135775386078298643e-01
7.498192653511871753e-02
5.543169146970122974e+00
8.324342908356311410e-01
3.752770722035290607e+00
3.781515489465447910e-01
1.453443395460530363e+00
6.108806682198296478e+00
9.982587556140407159e+00
3.931933445767650248e-01
3.036412393103985252e+00
1.137854135535285166e-01
7.970197492244368576e+00
9.856476083622531803e+00
7.119104288392700264e-01
3.116534336894173585e+00
1.417344416606979018e-01
5.041213965330678448e+00
1.279797767147764498e+00
6.356276015576123761e+00
1.938230310070970797e+00
3.101533897311068433e-01
8.690576910162303159e-01
3.189929059063572936e+00
4.984136370890125178e+00
3.137444890242241158e+00
3.314879322494835634e+00
1.415372494354538491e+00
2.088797746234311248e+00
5.530033634503930262e-01
5.016646327079437029e-01
1.226647864291602108e+00
4.999228444960222895e+00
8.506064266907773508e-01
2.656400434603972460e+00
2.193387702041404097e+00
2.226024421075119442e+00
1.292033107664158020e+00
2.223088450185446430e+00
9.365396057385335649e-01
9.692723884889372643e-01
1.690102211666564269e+00
6.607487410198297439e+00
2.655640939156973968e+00
1.405744761322884839e+00
1.079491898276523809e+00
4.781933773901520190e+00
1.813263204482012503e+00
2.998539409602318795e+00
1.776939205638786268e+00
1.144604564135491387e+00
6.477894022540319208e-01
1.894808852914768194e+00
1.898864711775465786e+00
1.250351699310205067e+00
2.579401647520538354e+00
2.539407455521943913e+00
7.968691673877184023e+00
1.569398769815059658e-01
1.398417703453040950e+00
4.526846762422398029e+00
6.445362300500697694e-01
2.705987429015007883e+00
1.446363633997043152e+00
3.066939359502702356e+00
1.773007105973469066e+01
5.249761760894701368e+00
8.414033344224167710e-01
1.199749864792181375e+00
3.858053973882030974e+00
1.823432373738545209e+01
7.757645642481846515e+00
1.409882781535265472e+00
7.808582849453252761e-01
3.412122551545691884e+00
4.864972459438505759e+00
8.247637361441861881e-01
1.199887419648932196e+00
7.441360990534009012e+00
1.192975924267781274e+01
2.102862651176150344e+00
8.033616889740750056e-01
2.195119527462579878e+00
1.098990390352454050e+00
3.135031888752096485e+00
8.309111554996038151e+00
1.712507865483737790e+00
2.406687370191666897e+00
8.100977886559678209e-01
7.406555228270849112e-01
1.480394348286774076e+00
1.165061061776406781e+00
2.246759889881649319e-01
1.398610160174554196e+00
4.952509487086810047e+00
2.591284007424866420e+00
2.841340041059226440e+00
1.684040260537192424e+01
2.512860707524707138e+00
1.230824972313596444e+00
3.194454000953952377e+00
2.118825998372037223e+00
1.642207636406188609e+00
1.933816856752894831e+00
3.713670079805798885e+00
1.762858913531633709e+00
4.360903809659712138e+00
9.819371283292898767e+00
1.621881502169104650e+00
6.784569724823708015e-01
1.493682672586249360e+01
1.085934996634184468e+00
3.397018511531805007e+00
1.482202386555098395e+00
2.359641692574499405e+00
1.525503481229695479e+00
2.489297953096513805e+00
6.432699361144403882e-01
8.234984774022986898e+00
2.889632813571109793e+00
2.038605250353437537e+00
1.891580575774457929e+00
1.697060995903244551e+00
1.556998434005932097e+01
1.549675717563060440e+00
4.654494620296668828e+00
2.060534321134086078e+00
5.566458738751175694e+00
3.775750504964183296e+00
3.499420265010740216e+00
7.580190316164400421e+00
4.047446359662517423e+00
2.042332726808831211e-01
1.532509845815524852e+00
4.602639895620561084e-01
5.434012173372111398e-01
2.420362626504242998e-01
5.494191177412088845e-01
1.363745441326097430e+00
1.442279490857042878e+00
1.465805275173936550e+00
2.152895772580035449e-01
4.334850237673799178e+00
7.926388365158202332e-01
5.697321117075205832e-01
3.783976245217682166e+00
5.252780981079046008e-01
1.461293702325452859e+00
3.762724839217773676e-01
3.928400523748870610e-01
5.394323244188311550e-01
3.614391706398587534e+00
2.297243358240195654e+00
1.713867392388200699e+02
1.056890670302149227e+00
4.590119616123464197e-01
8.742793318250331458e-01
6.595699677594470955e-01
3.436740110389815417e+00
2.980856994983188013e+00
2.479491188819331338e-01
2.244403449358884639e-01
1.043602803377878807e+00
4.796714450913416306e-01
1.398855601476398647e+00
2.517500078779385309e+00
4.789304162557137534e-01
3.019609959656286424e-01
3.319202725615727489e-01
7.799494767974231024e-01
4.241872691653970073e-01
1.559553620075563529e+00
2.777987696480083368e+00
9.584037123778005318e-01
6.049763479759234786e-01
1.089536781049468689e-01
4.926190717715780987e-01
5.600609416726352041e-01
3.748987197532117621e-01
7.586762175774397488e-01
1.380003591090340986e+00
3.953477827270631129e-01
1.942956006299748184e+00
5.012677064392978554e-01
1.781320289905580667e+00
6.144881980251329923e-01
7.963340082972986123e-01
1.595263369338006665e-01
1.012220233631867083e+00
8.571092428257802709e-01
1.090599150562677977e+00
1.404338997218237850e+00
2.213164402659363594e-01
1.200043419168378200e+00
1.332284836361822711e+00
9.998901923252266899e-01
4.101398037021445897e-01
7.975668716267202418e-01
4.980437433843022399e-01
9.142152217096392031e-01
5.033499834384826954e-01
4.122714109641966718e-01
1.507946281419357826e+00
1.157827493681139330e+01
1.826837229869249457e+00
2.632150253488225289e+00
4.331717310416719480e-01
3.336752829923184116e-01
8.520507690341505569e-01
3.449133559166324137e-01
1.006958906180467794e+00
3.500764995413628622e+00
1.323196532942050307e+00
4.714445583454481281e-01
2.960013816908777518e-01
2.169268178504398237e-01
5.915440404079909120e-01
3.504261157939050797e+00
2.028067779689886885e-01
1.059755659583611509e+00
3.226814846180597662e+00
3.676986225594839341e-01
1.207065063401627558e+00
1.185456216376518546e+00
9.534977686227099625e+00
1.083209442074247519e+00
7.520216661766537802e-01
1.699112150901037399e+00
9.560873833771206254e-01
1.855769710590703947e-01
1.199453881023192636e+01
1.651843823630349428e+00
1.596334647766837866e+00
2.046969445016044276e+00
1.182999362046196490e+00
1.158365669116259378e+00
1.411866678853468171e+00
5.818023062429503733e-01
9.380979679903085344e-01
2.197792811463548102e-01
1.519479314636096978e+00
7.018847182122504025e-01
5.050596161345285440e-01
5.293227789021853757e-01
9.625605807908306222e-01
1.301231337290436496e+00
6.623234352623371679e-01
1.811511114491097807e+00
3.321260223275905310e-01
2.513695754334486221e+00
1.236426809192184173e+00
1.717191083018835274e+00
6.070827999769402572e-01
2.299632334656966037e+00
1.090131503364729637e+00
5.857867836978688514e-01
7.405646183925784776e+00
6.498482541286469960e-01
1.022115242745967212e+00
3.227339134540199161e-01
1.150626720506285006e+00
6.407373405170859737e-01
5.096422084570602085e-01
1.004895600838691561e+00
3.241920368111932405e-01
1.213400236439568403e+00
1.282198560741337978e+00
2.193991277603022372e+00
1.269882423939344918e+00
4.011867658956890792e-01
2.211528794693412292e-01
3.802806579085755700e+00
4.380915223573113693e+00
1.697786827719179659e+00
2.945027703764992122e+00
1.030867076498434010e+00
3.161294015464364282e-01
1.344959948610042089e+00
3.051058638680650414e-01
1.928316827099443298e+00
4.944502761933371460e-01
3.817510827621318104e+00
5.080485466681198048e+00
4.404039925953304291e+00
2.044912106115177597e+00
2.658598015850277108e+00
5.439267486218665182e-01
1.282871925104433375e+00
2.950518004614180345e+00
1.159547631626434594e+00
1.158430623867175546e+00
2.098725399671688585e+00
1.212302429807332516e+01
1.101609360337718169e+00
1.576834469028765007e+00
5.836856112287622800e-01
1.861020722223352131e+00
1.201655292234154571e+00
1.984470423801223404e+00
2.104970418825763190e+00
2.958544450073041787e-01
5.839630513106621734e-01
7.513691995643605459e-01
6.265102557247664850e-01
3.682861558915342948e-01
2.813596708071622654e+00
5.429905091803125528e-01
7.812733884977633991e-01
1.958741382356924188e+00
8.447974597078813375e-01
6.281806107950293594e+00
8.935464712539007426e-01
6.375032958636597247e-01
2.011883444290036849e+00
1.262745601411517038e+00
3.462425291223709678e+00
9.952968382238968070e-01
6.967342098966003983e-01
7.472925434284758417e-01
1.633636157660326993e-01
7.472426997644265878e-01
6.879557500867503617e-01
2.527764262623112823e-01
6.037139137277310219e+00
1.206685095030738397e+00
1.583327491197749293e+00
1.115691185130660656e+01
1.500099530320919694e+00
4.454221765361484620e-01
4.790268367777851810e-01
1.091447129538075878e+00
4.270223009201666642e+00
2.210970564716773001e+00
2.862036438705044983e+00
1.161617123245104605e-01
1.004040660332199186e+00
1.030674414909373171e+00
1.417614279517081632e+00
2.787251193950983197e+00
1.452409864022900843e+00
5.087492237228670167e-01
8.256063154563493267e-01
1.286871957999946803e+00
3.080716359365724966e-01
1.188920743826231785e+01
7.340435300856098522e-01
1.072821646705967469e+00
5.911287532784607057e-01
3.034349988002236653e+00
3.404857497022119039e-01
2.714844573895305313e+00
2.698059719026060788e-01
5.259358284733243183e-01
3.139320742290351962e+00
5.586403671320816500e+00
5.229014250303034572e-01
3.630740767263830104e+00
1.256327285533194837e+00
6.164208656609294401e+00
1.727577341548272249e+00
9.280010661853679288e-01
4.141375482918691064e-01
2.575784157230309290e+00
1.086490279119832980e+00
8.478865385986175340e+00
1.676470327917093828e+00
4.208053160002273252e+00
5.014147046582850820e-01
1.601074754252912458e+00
4.656025099554099711e+00
6.614562170539650676e-01
6.677261917713570583e-01
4.555710872616582918e-01
1.899715962237333300e-01
1.657769454134703579e+01
1.268764468371242238e+00
8.892072386131225636e-01
8.742544455931245961e-01
2.098273692946747426e-01
1.649615215358366527e+00
4.462858451514051805e-01
5.326271524322418571e+00
6.955489813887406392e+00
4.964886732309750528e+00
6.976504098379584518e-01
1.304957062869074536e+00
4.016228058862935102e-01
6.721331790022687436e+00
3.450461276136531641e-01
1.523240596825413240e+00
3.909497826750307770e-01
2.219739590511520255e+00
2.910101363137039154e+00
1.772343816225311786e+00
1.772609794632081570e+00
6.999510882657652422e-01
1.128926543287917195e+00
1.376565950589416776e+00
9.142949170331899467e+00
6.504462642153480134e-01
2.493916747167179260e+00
1.651960959451079791e+00
1.444681473779840797e+00
1.792967560532191085e+00
4.215400986061134780e+00
3.796271965374470092e+00
8.894392136387356818e-01
2.480180545926577718e-01
1.136543955726464716e+00
3.118069840849368113e+00
1.022199890516283460e+00
2.720598432230682207e+01
7.903597579916950000e-01
4.451940265432391963e-01
2.042541508690710828e+00
1.266133469563229585e+00
6.674662807498075168e-01
6.110235312790175399e-01
1.755096054553220597e+00
4.284112935271872646e-01
5.657999098637016555e-01
1.285377222052513368e-01
1.411005317121972746e-01
6.449514596795166144e-01
2.858529671044014897e+00
3.568167469326147812e-01
1.255337565256010812e+00
7.129948806383295867e+00
8.326759638637395433e-01
2.064883461567410095e+00
2.034331173985250096e+00
6.791503451647777911e-01
3.091705028223354024e+00
2.067512016501608318e+00
1.312242521342894541e+00
2.727561140124405537e+00
9.269887658255324681e-01
1.718078505484978091e+00
3.568656844845048415e-01
5.484422694336901216e-01
1.695526225021359634e+00
2.442326101388035742e+00
1.244568311708964314e+00
4.992587304512225543e+00
2.170771437447392760e+00
2.025651502379647972e+00
5.739880057389123102e+00
4.559466638322097864e+00
7.816698786110275465e-01
4.257945492193443981e-01
5.824760573881507142e+00
6.416211886920654139e-01
1.208129074542742654e+00
3.768657792888143732e-01
3.971822105269428693e+00
5.775560680274827163e-01
4.423392434131437345e-01
4.633395411903038941e+00
5.645031590615301464e-01
1.091975229358560950e+00
6.518369955596791776e+00
2.472696610426844688e-01
4.006904302384554306e+00
1.917525962521299698e+00
9.844532418216815906e-01
1.000402719526321205e+00
9.663888749258327249e-02
6.311752368904196331e+00
3.381449590799942229e+00
1.578914997260969777e+01
3.864359127628808732e+00
8.776308828801668849e-01
6.900824249202089922e-01
2.207743238000639874e+00
1.875792638350531760e+01
2.070363610299434853e+01
2.455458034115392874e+00
2.660241403228035484e+00
1.961643749653649849e+00
3.537326031768116330e+00
1.371249813575730414e+01
2.154223011936846621e+00
2.433900493247097341e+00
4.018397041996982999e+00
1.338255925754768860e+01
6.369172590117844202e+00
6.044985700804929252e+00
1.863562757966904071e+00
6.156354913625891712e+00
3.469230764605787609e+00
2.012589418249466799e+00
1.804429419946815161e+00
6.040487795209349642e+00
6.666560630828983758e-01
2.934967497273120784e+00
7.454720287840959081e+00
3.808811443221151283e+00
2.866374281821379988e+00
1.152707713262760558e+00
4.363456206305706409e-01
4.728597989526768686e+00
1.234275359525106142e+00
4.960227222219112164e+00
1.642907035494457268e+00
5.983984594911340160e-01
3.754993583686140113e+00
5.228668693047718641e+00
6.698038141044856175e+00
5.622855592007195646e+00
2.725471763051092289e+00
4.576319283995701759e-01
4.954353492175702200e+00
5.010506051345677836e-01
2.012408604491606567e+01
2.412620509936344693e+00
2.710353260951992471e+00
1.943012370744945816e+00
2.946777436351899482e+01
3.257585405177110260e+00
6.647728374921136663e+00
8.429574582374836922e-01
3.963246588016225314e+00
1.115660955519277131e+00
8.504095206262135775e+00
3.788881658195431879e+00
3.195981640867305629e+00
2.327306969442454188e-01
1.332983920151118995e-01
1.061263350582736686e+00
1.949765671578399528e+00
7.324169345795785269e+00
1.387283908079937067e-01
7.438586223032078948e+00
2.931150521122248165e+00
2.159611821421669298e+00
1.158163688927945856e+00
7.784164859206427423e+00
3.750093445445854545e+00
2.242668634841164188e+00
3.506683666153471268e+00
2.708110771000448835e+00
4.420802185064858225e-01
1.284322481289530593e+01
1.122394529709512367e+00
1.324312812245396387e+01
1.209568002221440119e+00
6.918989449689760818e+00
2.229553263682913311e+01
1.722563393495500916e+00
1.024122391695114542e+00
9.075028775491280619e-01
1.546848804775657626e+01
1.271025477495676625e+01
9.275322518914231651e+00
6.019348023079924559e+00
1.704173344818737945e+00
1.565464057001256570e+01
8.872705234912979799e-01
1.748405662040717790e+00
1.514319189968297730e+00
1.405523208479794617e+00
2.407775437308234512e+00
3.448582772281720832e-01
5.603855008556270612e+00
2.988371785446667372e-01
1.669358942786955957e+00
2.009904305527215607e-01
5.038690269569443103e+00
6.665030062651944753e+00
1.989017571845788535e+00
4.970029849170466640e+00
1.508809716431999881e+01
6.284079928207977339e-01
1.197550278731630513e+01
4.906722098531166587e+00
4.989377125914563393e+00
1.072408411503830150e+00
6.493628142026665051e-01
3.435853119265884548e+00
3.421454463582232375e+00
7.435396599022520148e-01
1.500716163401516701e+00
2.086436824451152472e-01
2.208042729611139343e+00
4.357075609771093205e+00
4.365446246168475097e-01
1.397340022056614561e+00
6.661088138183060003e+00
1.886287717118965146e+00
3.954928764769836125e-01
1.148887079690129909e+01
3.798333071414779383e+00
3.863832460841472916e+00
7.125171013574157497e-01
2.670266190842080167e+00
1.463485894554762856e+00
5.700285417876505001e-01
1.940567973647893574e+00
1.590900063122924424e+00
2.312202485780265881e+00
1.369253276519916129e+00
5.358849923648367763e+00
2.414684165450000641e+00
7.689579031966973233e-01
9.374425615055974603e+00
2.111328164188426726e+00
3.685455918169845191e+00
1.483271378294725773e+00
3.891651886831138718e+00
6.022974573919071872e+00
2.452913727207232597e+01
1.181292666154168991e+01
1.630811470330836288e+00
3.330621801824496853e+00
1.716661726454092207e+00
2.652742342903867900e+00
6.000184328289566160e-01
7.008649752427011936e-01
1.875418506973617117e+00
1.207007101449106390e+00
4.922884345546326701e-01
4.392239233151248534e+00
1.650924900002891826e+00
5.220761538554540060e+00
9.888485872642377439e-01
1.424989901214376742e+00
1.649507574465280300e+02
1.898216954202773366e+00
2.007101951714434840e+00
1.126645929713203653e+00
7.810714056719481047e-01
1.276190922789944393e+00
7.322113742620009802e+00
5.226152605905142190e-01
1.753034828701272030e+00
4.271029992618135540e-01
4.239559334307269722e+00
2.042996779690624543e-01
1.184610068828054891e-01
1.089516600695184190e+00
9.002824507513272678e+00
1.890353498306670765e+00
7.482792706044154585e-01
7.378879560597116916e-01
1.611948521710512006e-01
2.382371364338962572e+00
1.870803187489061381e+00
2.528512245142631176e+00
6.220166941019836804e-01
9.028059537437930215e-01
1.690982029075559501e+00
5.294084654065548401e-01
1.547300030814753868e-01
2.396489170760970566e+00
2.427437850405304853e-01
1.083063372650993728e+00
1.272821858668543860e-01
2.841253518494576968e-01
5.835695074452028841e+00
3.104892159350876479e+00
5.169659906229197022e-01
9.271909803656118498e+00
2.962992994948177916e+00
1.435206704531023503e-01
4.841403568047076611e+00
5.975767208722763124e-01
2.152071866543487033e+00
4.263667135018383014e-01
1.011569477803431427e+00
2.634655865934500962e+00
4.403846797071405028e+00
5.637346815348817763e+00
4.894187041453948339e+00
1.800000000000000000e+02
4.910647406869028231e+00
5.084418783283253251e-01
1.234287862888394427e+00
3.406640732155413520e+00
2.778014811579036181e+00
7.178685592998248488e-01
1.837703993866597330e+00
5.258723594051937233e+00
1.910072005327616118e+00
8.309956464086756256e+00
7.686197571581948607e-01
2.275484480834288448e+00
4.077838548475638092e+00
2.551185028596550386e-01
5.867563882655217888e-01
8.322962494425969027e+00
3.063109339430639011e+00
2.228062831508244912e+00
1.938448690215138548e+00
2.343484504818335701e+00
1.784046678194371183e-01
1.041620622336834501e+00
4.394630436653590988e-01
6.140256533866142341e+00
4.844108371703137905e+00
2.126910854382882299e+00
1.092735258920263103e-01
1.059204421813341179e+00
5.518458972357755954e+00
9.180854411468828413e-01
4.795257769966610795e+00
4.108507538895422861e-01
4.073598369171724798e+00
6.907276343569886956e-01
4.022000370445416584e-01
4.343699230125553257e+00
5.914114640330825345e+00
5.338146728698524024e-01
2.275049192034581225e+00
3.680575775255302828e-02
5.294320652706803187e-01
3.457719461004171713e-01
3.100669545751057132e+00
8.495178822194856538e-01
1.969526249036392729e+00
3.493353948019999766e+00
2.223145129863908664e+00
4.195929601482232818e-01
6.154868559667792560e+00
2.180742911805149120e+00
1.459870516345848968e+00
8.522663807408835668e-01
2.372998559548964881e+00
2.685981312661780418e+00
5.435991073420414210e+00
5.300617833966922099e+00
4.242515920168246635e-01
1.172677708959725340e+00
2.283139240952148097e-01
5.330637299723065547e-01
1.180809595469528794e+00
1.891920240290266009e-01
8.458104846448928349e-01
3.645158835066437675e-01
1.444773614049418564e-01
7.723910124069793826e-01
5.750526094379004860e-01
3.279257539282807166e+00
1.581564202304036382e+00
1.062980589809205068e+00
2.174553574464486438e-01
7.462639077264360266e-01
1.748218142346082971e+00
2.535958703670927683e+00
3.110202610674408952e+00
6.031375890591659239e-01
1.655187463200496145e+00
1.942678345776621684e+00
5.974947533431771429e-01
6.430550107159267448e-01
1.806412691800638681e+00
4.040578851245599790e-01
8.492250554718658861e-01
3.973364085072562113e-01
7.432431421726749754e+00
9.168165427677102963e-01
4.519292381737060604e-01
1.303825460301676120e+00
2.050077745146388519e+00
2.963803919521814656e-01
2.291840317797543847e+01
5.193315755465395256e-01
1.054670055082128632e+00
1.232192707022712996e+00
1.035234531076653974e+00
1.208654415613767519e+00
1.761951669566552248e+00
3.555070621762632110e-01
1.703273801805941456e+00
7.282258375781661686e-01
5.765255083949855086e-01
6.566865075530312623e-01
4.581813484151494364e+00
1.219195100442042712e+00
1.754707240768935028e+00
1.560390477162037381e+00
3.629479295828799135e+00
2.466056013358672860e+00
9.903775062924350392e-01
2.451145489469117589e+00
1.004054749180337147e+01
1.122315663282865694e+00
2.141990804677201155e+00
1.230180027893153172e+00
3.622974939555320129e-01
4.647844219547176969e-01
2.109415632925877304e+00
4.232634417845980157e-01
1.230665636292447740e+00
7.230633485546562600e-01
3.250469660376385850e+00
1.859989200851493718e-01
7.784662753368853938e-01
2.174521894514963860e-01
1.334750158743299941e+00
2.147890515693038627e-01
2.248907993283191242e+00
2.036209816680701890e-01
1.193897446226054093e+01
7.871078845143795633e+00
5.037848198869779859e-01
3.478220935644251721e-01
1.862630496372176925e+00
8.012072909847580693e-01
3.845029440530486897e-01
1.288282050816606272e+01
1.134715534237562551e+01
1.289546843594073511e-01
1.393386711057747807e+00
7.561627341212714404e-01
2.426411423296462200e+00
8.737651359225077075e-01
6.499038968300333563e-01
1.185027077832470077e+00
1.748236375419464395e+01
6.482661563514661163e-01
6.217200384617450892e-02
6.816667433219022465e-01
1.000405327939169098e+01
5.054133077342854996e-01
5.237697614585875572e-01
1.057027729263088744e+01
1.426430606375876931e-01
8.463413143482875212e-01
6.136726670867896916e-01
2.286013235157277890e-01
9.957550941414334833e-01
3.749369484216922843e-01
7.631999596995361124e+00
3.555026914222100043e+00
1.143805224680316535e+00
8.287759992214406291e-01
3.303078544911323355e+00
1.373735889054443771e+00
2.987937345000613587e-01
5.411577846846797879e-01
1.136002477917287479e+01
9.934331709880486194e-01
1.057626597731670781e+00
4.434383270603079907e+00
2.824087130548255331e+00
8.747519649552739640e-01
8.741226253698518578e-01
1.609138546329628605e+00
7.069654891489339121e+00
7.149383942144472925e+00
1.073450444963207184e+00
1.143410446690604099e+00
9.993790058815452682e+00
1.529618712388700619e+00
1.017354851092035384e+00
3.993204787968302583e+00
8.118944779286888513e-01
5.911725968733765324e-01
1.431694422635770358e+01
2.627698357970007947e+00
4.217917363397968522e+00
8.920888265883251123e+00
9.361355201767070255e+00
1.786421260720840065e+00
2.612073152976084778e+00
1.295411555474007947e+01
9.265746647504165878e+00
1.945393737738371209e+00
9.776920575796218538e-01
2.562346790375316985e+00
8.525205851647729149e-01
1.729149365064730048e+00
5.452703482202696961e+00
7.464210639403070502e-01
1.978355228322220327e+01
2.821476215682603872e+00
2.116055819305960206e+00
7.839390717251949470e-01
2.221287964902561196e+00
4.297984635760539796e+00
6.877562711906122672e+00
4.449368439425072985e+00
8.273192922916951630e+00
8.407236200109348800e+00
1.104246447417106092e+00
7.933561066130458528e+00
1.512052353114038628e+00
2.042485318393785665e+00
1.234038043187223099e+00
1.373540464729846589e+00
6.671047310215164616e-01
1.188567682757015520e+00
6.211436525211680326e+00
2.139118160708960659e+00
1.449427961283867639e+00
8.336175171738148038e+00
1.560624706337359058e+00
7.251447782414839338e-01
1.851548762874738741e-01
7.842657464128008904e-01
6.267721196226448299e+00
5.692177491375152165e+00
3.550688126061643413e+00
1.347812673043943033e+00
3.051022137152628932e+00
2.473488732885519514e+00
1.160448322122254794e+00
5.363501374196929739e+00
5.440301007005601264e+00
1.146119263553376122e+00
1.981293597176736476e+00
6.413052597567643343e-01
1.667675869608996608e+00
4.352648072791716061e-01
7.555826596807704298e-01
6.625706621312143163e+00
1.403086043492678847e+00
5.679184486422950151e-01
8.677012147941995934e-01
2.547828632779302271e+00
1.452047638742298474e+00
8.642847014778505255e+00
1.158226717818874540e+00
3.593902487846898808e+00
7.605065010991396868e+00
4.191730551448157982e+00
7.240349954742166361e+00
1.066491455191767024e+00
1.617521428152610685e+00
2.205295253948994283e+00
1.043167390978834064e+01
1.594943569841076503e+01
1.489922933883507827e+00
1.035022094384287383e+00
8.649623509943978883e-01
1.083536720902685158e+00
1.684176916959574166e+00
5.876597672222259483e+00
2.556591942235450610e+00
2.399613876750128494e+00
9.719248496935172232e-01
9.840688358370616173e-01
6.252516234014379171e-01
7.554912594044298491e-01
2.311736049632232781e+00
4.961150882768002646e+00
8.547475132415510046e+00
6.103574692900260779e+00
1.841722603409825743e+00
7.817174652164017523e+00
3.800205995186668684e+00
9.379059545285317157e+00
4.407988751348600687e+00
1.396984180107374796e+00
7.796498174882056098e-01
2.740119240749814722e+00
7.004750335161630481e+00
9.725571299410946668e-01
1.108317166271082899e+00
1.818248768560188910e+00
3.166498832452508960e+00
1.131076887847094703e+00
2.257928096736004253e+00
1.958632887505184605e+00
4.292751398783232197e+00
1.029903466036616067e+01
1.287398899629161209e+00
1.586440522764082761e+00
2.619663926741203408e+00
5.388711575397772791e+00
4.945096579546595983e+00
3.377281007165472637e+00
1.927587400125789774e+00
1.373028944099829785e+00
4.105769560957250874e+00
2.130019381932880318e+00
1.845976697450390391e+00
4.300223205020775374e+00
2.559106777491696683e+00
1.335736103481156789e+00
4.900429175414889649e+00
1.510648726035190315e+01
5.552740681399197520e+00
1.152972475144148579e+00
3.066086719097982805e+00
4.241620229991905688e+00
5.845031068614286340e+00
1.620834448297129304e+00
2.776084557541346420e+00
1.027628048543646866e+00
4.721131328317735409e+00
1.430073460039271049e+00
1.244023800320088213e+01
3.421019142869273111e+00
2.854914367503071926e+00
3.399573595970018403e+00
1.922929509528972680e+00
5.860173124435240632e-01
1.747948576003191645e+00
1.234031131778563495e+00
1.671841135562583291e+00
2.144711828126266262e+00
1.458000901724684217e+00
3.700946907807389330e+00
1.964294242416489977e+00
5.490372870346559075e+00
7.743938993924555092e+00
2.006319165844386632e+00
2.557109876076860466e+00
3.323214295847694455e+00
1.121917671146999362e+00
6.138058380958856253e-01
1.650330214660747030e+00
4.269535567343691329e-01
3.669057490103329044e+00
1.369014571215640963e+00
2.465857363627836918e+00
1.123097581017225455e+00
2.841104088736985833e+00
6.390956745135343731e+00
4.964565820033616239e-01
1.937174196588885344e+00
2.141693253702055877e+00
4.383898534894079546e-01
2.614095613515523553e+00
1.160014436606182864e+00
2.865231316320470345e+00
1.553008875208360395e+00
3.218891695667336905e-01
4.786497355452036473e+00
3.207890656707919619e-01
1.162842787400834021e+00
9.184239785273906165e+00
7.302753177970924270e-01
4.567907489932259146e+00
7.772189928202451803e+00
2.478674227120667428e+00
4.656841035009286145e+00
2.194808539189760488e+00
7.148894058992021350e-01
9.434515793989204369e-01
4.379058971091371433e+00
3.931920951028531785e+00
1.625301641772885830e+01
1.364617305996793206e+00
4.501592301912837435e+00
2.672012373985883649e+00
9.646325453728696875e-01
1.137818495599326463e+00
5.585682189917489993e+00
8.042232536241495922e-01
4.330629840570838773e+00
1.094107985164449737e+00
8.787106169109204501e+00
1.265104470341345877e+00
3.672906768653410481e+00
1.058653023018790691e+02
9.745994438371532453e-01
5.371154238077432197e+00
4.779675605829073248e+00
2.564588127344675339e+00
1.144905369811251017e-01
2.406237885911494345e+00
3.185450539889614685e+00
1.448419107041076792e+00
1.660201202973003110e+00
1.863470763761613469e+00
3.974212213132820359e+00
1.014925142027212623e-01
1.299895745445770912e+00
6.927150967428084005e-01
4.184915514960684035e+00
3.004442982235546733e+00
4.893300291538080771e+00
5.346667610595166487e+00
1.027228939733030977e+00
3.225077970964949525e+00
9.220822529845877913e-01
7.407818880235126358e+00
5.666352901107906348e+00
1.019007528787934191e+01
2.157548896407144756e+00
5.609098953475162297e-01
1.439706976274555572e+00
9.687046088900408414e-01
4.901347518454271857e+00
2.222317985002664198e-01
1.567484230314298399e+00
3.062500817241687878e-01
3.769977443221961710e+00
2.725253367662188619e+00
1.718914000740032311e+00
4.961149585332281786e-01
1.049148263789000168e+00
3.154627547076185867e-01
7.123663552949844879e-01
1.652659879455533831e+00
3.707125917118025082e+00
2.458054742733779996e+00
2.809786451856530309e+00
7.228415646367787772e+00
1.241609871966798906e+01
3.700915357678943529e+00
2.924479841505627675e+00
5.298456657766444922e-01
3.651152143407103257e+00
1.648956544100165234e+00
1.681936193539381508e+00
2.630452342957201317e+00
4.895961827331467564e-01
3.373378373029189969e+00
4.488381420394773613e+00
1.256700261433559618e+00
3.243018985051939751e+00
2.285762871138952601e+00
7.741044990581655405e+00
4.162715154177047516e+00
2.616686268791842185e+00
1.574451485434904541e+00
5.791011166557788137e+00
1.718356969549732716e+00
6.795098367102466730e-01
1.722199309858150285e+00
4.748197537959651937e-01
1.528117533680201312e+00
4.220086552942785119e+00
2.022813136140302337e+00
1.277834495347704991e+00
7.846847322021963667e-01
4.927908447244513823e+00
1.789384595664710087e+00
7.406289177710289273e+00
7.327562580897968303e-01
3.981512676555584385e+00
3.399313931214934303e+00
2.577448568684015839e+00
3.092691671253186225e+00
5.779699079180695698e-01
1.752224755977754844e+00
2.378886121943151188e+00
1.099913717975487648e+00
3.597796066098778667e+00
6.829211803926324986e-01
1.441880399327069462e+00
1.623283560312311691e+00
1.179531568391998908e+00
7.116358022797246718e-01
8.620935088254089163e-01
9.679026971205720864e-01
5.525682431473093459e-01
9.306704109912450562e+00
1.170860644750688406e+00
1.436022611796478277e+00
2.087157223431580721e+00
3.364305503928456620e+00
1.373428807220198777e+00
1.151301190160465282e+00
6.479526225175730181e-01
2.270919005024885085e+00
1.776293835973151047e+00
1.514470845543921973e+00
2.186852906932980289e+00
5.661245041787268839e+00
1.556741857440663068e+00
1.422612763676248226e+00
5.324909050883918082e-01
2.229557592655531995e+00
1.849477082841672004e+00
1.049788818227976872e+00
3.726386452451436737e-01
4.211967531366122230e+00
6.321332159260256489e+00
1.961454615983476479e+00
4.546488127710635041e-01
2.493077394509036981e+00
4.265673735589226578e-01
1.683281708369792184e+00
5.318603703709038344e-01
2.762618347182411727e-01
2.359301951715300216e+00
8.716268225984532547e-01
2.545047057637513266e+00
7.384032028032977424e-01
6.575476797649048022e-01
9.512996379173757067e-01
2.064656939303270988e+01
1.411461184742972774e+00
3.993105935458769462e-01
4.999836115297208172e-01
8.642670278417772245e-01
1.324936477363716891e+00
2.701920432662836102e+00
1.405592640412554717e+00
2.961462953780840568e+00
5.504530380173722204e-01
4.585696487754106876e+00
2.705495868393055225e+00
5.314372362859471011e+00
6.353368490085884446e-01
1.189374606583825544e+00
1.457757620397518883e+00
4.813950105079102260e-01
1.202950552134898210e+01
1.486236404879702100e+00
9.811764647692209351e-01
8.040768722268973434e+00
3.326287245432785866e+00
4.002682203546527595e-01
8.606214826387359906e+00
4.255892964570397119e+00
7.909629472518893145e-01
1.582456410231002919e-01
1.109466771172895605e+00
4.163886383674168634e+00
1.702083880016236339e+00
9.679042120478750788e-02
1.427679392291689275e+00
8.275613311064977662e-01
4.503884092551795337e-01
1.795757796299467524e+00
2.773216050808739119e+00
3.459109294767158893e+00
5.816995600468205296e+00
2.324148790079489491e+00
8.346030173210683856e+00
5.833585573847765993e+00
5.233979252867900556e+00
3.323877925274206113e+00
1.790827899200484019e+00
1.985636319425323704e+00
4.251752774420071712e-01
1.724358877381604316e+01
2.671079326992060299e+00
1.815140433433104938e+00
6.273901584617960658e+00
5.357561298722438359e+00
1.151234668647137083e+00
2.476277007193353974e+00
3.281788289309192308e+00
1.324476569799410752e+00
1.043079715896136239e+00
2.233868555558197411e+00
1.791223394405808467e+00
9.068228668026794281e-01
2.350796323884836614e+00
2.483047885500336172e+00
3.609336721543905835e+00
3.321185957889992046e+00
7.575992123519944776e+00
4.041849000641855483e+00
3.109929469313347239e-01
7.877556362336339824e-01
5.633241301653213462e-01
4.982302792120414381e-01
3.561046673366392024e-01
1.991530803709018471e+00
4.330376028238207553e+00
4.370601398729861309e+00
4.335349366538929772e+00
5.571445194712471682e+00
1.765887218779311096e+00
8.629985994827460871e+00
8.635040259835370380e-01
2.135650906867893717e+00
1.253958772174165404e+00
2.166815284012491016e+00
6.601785309760438425e-01
2.595297036871214047e+00
3.657067756006631587e+00
4.670514401241181446e+00
3.100733994509772717e+00
1.148336204293934681e+00
1.765632395284034484e+00
1.882108060940338223e+00
1.056731362330137536e+00
4.659427438976544988e-01
2.043730159681435232e+00
1.996235777425501012e-01
8.089219821520501341e-01
7.377389394922961863e+00
4.093732067828248944e+00
8.600395808457088620e+00
1.608016115993841089e+00
3.884917496014237415e+00
8.851860190106275894e+00
5.916487771780959193e+00
4.183204853303321147e-01
1.121613084293187512e+00
1.213886080338659967e+00
1.168204766426811592e+00
4.467804511997221617e+00
3.890122191190891754e-01
5.721449354121326714e+00
1.199246077228809382e+00
1.943456746899455023e+00
3.575754250831555847e+00
9.715567422880451165e-01
6.315151317087945859e-01
1.204971556363547158e+01
2.909667208960661444e+00
5.331161087605535975e+00
2.644994908483181639e+00
1.614455847053753779e+00
1.504792435019945529e+00
2.926847242091693779e+00
1.688524679516652327e+01
6.152458655920068908e-01
1.498643716905974976e+00
1.142461813945580218e+00
1.148676429827953482e+00
3.853785492027951065e+00
3.696364700533237624e+00
4.187269433822229381e-01
2.924435549207141438e+00
5.385012274900860874e+00
2.181831916561820073e+00
7.462385753668255850e-01
5.597092763112163638e-01
8.355025874530406682e+00
5.115745806199480938e+00
1.600063804433849546e+00
2.364241998051702875e+00
4.348299367616210276e+00
2.713661345887400156e+00
1.665639452308041724e-01
2.774689013718046215e+00
2.593597323443197489e+00
1.133856366598086218e+01
2.904005218336408234e+01
2.605172285810097410e+00
1.001757868743667235e+00
6.260161361704812855e+00
2.274529954094421491e+00
1.102591126165334501e+00
1.070525595521388373e+00
5.929186218902552374e-01
1.577959614645547237e+00
1.847287217094799816e+00
2.778069486232360497e+00
4.820612759995131391e+00
1.128863664975230607e+00
1.419390184922496356e+00
2.722529874058079002e+00
7.301289589295391069e-01
1.176284842200327141e+00
4.747449677093061315e-01
1.112004361252578510e+00
2.515474351544082054e+00
1.767864712711276320e+00
7.327931819005576441e-01
4.044766864976755194e+00
1.563974368711425367e+00
1.578838463052278485e+00
3.503129774631478899e+00
1.061321654372975098e+00
1.302858945323597917e+00
5.742031491285296774e+00
1.588881305670645228e+00
1.413924227074318640e+00
3.123122347645501229e+00
1.868547185706257663e+00
1.598688607627661851e+00
1.300620008040239028e+00
3.132473357509469203e+00
2.555820840944237204e+01
2.561773629237681593e+00
1.348569119540095729e+00
4.904835720640654095e+00
6.859826805916083847e-01
5.183075371262726438e-01
2.274866541931279240e+00
9.632320032698609147e-01
7.704973086322648435e-01
1.448220906978213485e+00
1.323535232794152083e+00
8.128150344459222909e-01
5.185763339808058259e-01
6.233843114275367192e+00
6.477456202694008569e-01
5.260722348210183696e+00
1.900503594258885043e+00
7.404339250776247328e-01
6.350894906769318782e-01
2.061591538884394836e+01
1.363305345786432810e+00
3.017647018223497568e+00
3.690634525954575640e+00
2.034761337709044327e+00
8.403692958229148857e+00
1.761518470635020428e+00
2.077853911909357620e+01
9.259561494575344609e-01
7.858056334240409724e-01
2.750591304927477054e+00
1.687910766993606204e+00
8.610786367776009920e-01
3.961146186906553623e+00
2.251387742799042968e+01
1.705375076053716965e+00
4.803569469013597160e-01
5.592680572473753831e-01
7.621006020317220297e-01
8.841938614420664644e-01
4.221881551500552554e+00
1.443324772260147881e+00
9.728647031562807079e-01
1.379398092208631521e+00
9.484584665120610047e-01
7.525421680340012021e-01
2.242230164374051782e+01
1.427020357023317754e+00
1.306166776080776692e+00
3.801210429521084677e+00
1.077004606325842273e+00
1.006572408011602748e+00
4.626133681664135189e+00
7.942804189635496170e-01
1.419228208785335843e+00
2.661371977024888036e+00
8.442108073055938355e-01
2.204850490020938025e+00
6.671705031213359671e-01
2.020122174412205762e+00
8.810824799979166677e-02
1.907670121044059641e+00
5.047123423975630629e+00
3.750053685786704172e+00
8.017562377335745172e-01
2.475060568333833189e+01
5.423318382189622255e+00
2.569870225395467056e+00
1.285980370572514575e+00
9.932048474860520892e-01
2.729543274406178455e+01
1.546681368864945672e+00
6.946460554522384534e+00
2.111543749505893075e+00
2.622715366755226540e+00
5.618353201285062326e-01
8.762466487762086143e-01
1.918354731747938802e+00
8.400999608612975678e-01
5.283503329399114046e-01
3.652032050550880538e+00
6.811959406925441884e-01
2.003437327951178570e+00
1.573529873890653130e+00
4.651019079372302301e+00
3.165658889598822689e+00
4.817056828876109531e-01
1.819890466349387781e+00
3.062960456398403863e+00
1.282770915267098966e+00
7.686278156684159812e-01
3.267679220321597189e+00
3.672989590004847038e-01
1.893521986809514601e+01
3.305060909187280238e+00
3.425888274874543393e-01
5.085610883893204592e-01
6.677934818698575414e-01
3.372910048962903584e+00
4.517989835498093854e+00
9.235445367093020330e-01
3.799360472941856859e+00
2.518828911501117318e+00
9.137653385229899117e-01
1.872893133718323222e+00
3.410766896534469961e+00
3.168433804590738423e-01
1.958200734351837946e+00
8.630567460396227908e-01
3.403830776543250725e+00
1.883543539653270982e-01
3.653458826533860115e+00
6.324308475804089724e+00
3.011478641537654433e+00
1.215455630058958514e+00
2.729535386120054974e-01
2.176949297814497530e+00
3.375848144550598118e+00
2.067542971385171402e+00
4.406226207380087856e-01
6.433488579148765041e+00
9.756637116581259317e-01
5.636568493880290909e+00
3.723738606756518132e-01
8.253215554691804012e-01
2.221625516744676343e+00
1.161942124188359404e+00
1.930460900029646609e+01
1.639229189358197170e+00
9.784049780377134242e-01
2.752969509016558902e+00
2.674914588420838957e+00
6.596195116277833170e-01
1.196175668290114347e+00
1.136598067594515094e+00
1.483683483236113432e+00
5.924934261195132779e-01
3.902245550608318680e+00
3.090361797942732913e+00
2.320478928834949883e+00
1.085723831267448869e+00
7.049683133906712307e-01
8.275055342612164244e-01
1.365800951512505579e+00
2.781677280713092060e+00
2.969881360765347811e+00
4.313417524184965379e-01
1.979768186251308126e+00
2.296310511687006173e+00
3.818802659037458191e+00
7.402476351227005757e+00
7.012287052137292420e+00
4.901783897215802099e+00
3.123388975572703785e+00
5.280116905160792129e-02
4.506765238524783612e+00
1.194953940484051236e+00
6.810818901681208182e-01
2.180166881165144233e+00
6.829609326774209732e-01
2.356384578170650279e+00
3.791125526045078686e+00
2.976725181288082389e+00
4.328271322685524614e-01
5.447258924411147341e+00
2.352302875483018030e-01
1.854532666986166700e-01
2.196725894190999728e+00
6.017121518467416941e+00
2.284977184560571750e+00
3.211210332006892987e-01
2.115608771960669987e+00
2.880276076504610039e+00
6.991814588498321825e-01
2.030356092973679250e+00
1.866551164533356344e+00
7.318200115372660575e-01
1.446201246634769788e+00
1.246401070423708957e+00
4.978963688188712267e-01
7.741791560700479469e-01
2.559188892003656512e+00
2.792347453764133292e+00
6.111475761362792802e+00
6.112712440033198469e+00
1.109753674799857759e+00
7.562092565171109726e+00
2.739268966193786792e+00
5.464912182521503681e+00
1.981519703058877591e+00
1.508453247739772518e+00
1.301312533350339606e+01
5.723724303140447223e-01
6.216604559594594903e+00
9.736703688217952513e-01
1.726216808793090252e+00
2.156313454684976705e+00
1.838652262929049597e+00
6.836849600202861144e-01
6.314090932592447691e-01
3.048708259271692977e+00
4.551128585640106250e-01
1.419253983431174593e+00
3.995678017782139935e-01
4.239106864246179995e+00
2.596488839452656183e+00
1.852703862485932440e+00
1.054078690103444060e+01
3.358050662046006440e+00
1.675836135567715157e+00
1.085202012694332474e+00
3.310788839656565230e+00
1.700865283925143467e+00
1.150811405450895109e+00
2.827042408822969755e+00
2.982229362557076713e-01
1.492670606547207290e+00
1.673547967757515798e+00
1.556825704225451856e+00
2.518730151364843461e+00
1.306941013132514540e+00
2.404495499232021327e+00
8.706624359066735819e-01
1.828588375071501071e+00
2.422422746047824482e+00
1.349321201603164155e+00
3.849889914969796045e+00
1.046401902285097218e+00
9.879810145526716214e-01
2.193992500636706477e+00
1.260053351416773548e+00
2.553042947889182290e+00
5.106277507475447841e+00
1.653739723323689015e+00
1.951654524655725087e+00
5.536710478034145844e-01
2.850525917613010662e+00
3.499790816748604150e-01
1.848685700629089657e-01
2.225075800333856435e+00
2.665685584919434969e+00
2.375961842336534957e+00
5.283485335153466522e+00
2.587637979584649806e+00
9.486755528824859507e-01
3.218341068972671248e+00
8.130682991415481453e+00
3.226138849537331765e+00
2.870583617933680110e+00
4.793399434443943452e-01
8.420019670922931354e+00
3.628864299403780969e+00
1.259346445648558133e+00
1.617660666776772116e+00
6.135168778864496630e+00
8.935055041533346287e-01
4.158290166216493944e+00
3.988482893530858497e+00
7.546732830626413646e-01
9.511868329648646148e-01
1.658875478761412392e+00
1.029085908333907895e+00
3.328185514895285024e+00
7.421940801128202869e-01
1.213151645120827959e+00
3.486079152312554719e+00
4.657387443752865064e-01
2.937055246279435039e+00
2.046914562896661849e+00
1.882380370638386147e+00
1.060872246090410309e+00
4.856395524203453107e+00
1.166939107364909844e+01
1.599694837753505627e+00
2.825710613846247998e+00
1.036234104566072123e+00
2.251905736274115444e-01
3.228365474404688573e+00
3.283345052857337798e+00
1.211157306950570600e+01
1.679781517344498987e+00
6.348580279363870815e+00
2.349882503700317926e+00
5.453980590408957774e-01
2.603134219267400074e+00
5.757495487202623607e+00
5.260551278166202493e+00
3.851984134693582806e+00
6.884024706020380080e+00
2.925186033402207730e+00
7.730838938725445031e-01
7.770439502181699432e+00
2.037877741214136673e+00
4.297585881783363426e+00
4.005004693115949976e+00
2.171122146137027364e+00
1.723444078478294372e+01
9.596700138566585103e-01
3.423674785585526070e+00
2.409746112245715111e+00
2.573344500081983011e+00
2.831496593402108353e+00
3.647340244934844655e-01
4.080782163100996840e+00
3.424590367207219543e+00
7.568537755197294326e-01
5.371550450951494859e+00
1.444755133462956742e+01
3.293011915043662086e-01
3.614528832874334352e+00
3.331280395736826438e+00
5.301676012343683908e+00
2.844277772418732919e+00
4.734907169139741079e+00
1.150516740204299060e+00
6.689682940884603690e-01
1.192302560064229411e+00
4.286591545140377768e+00
4.623077484910312229e+00
2.198775811381184386e+00
1.168160398613802942e+00
1.281523627786611330e+00
2.066559414151244667e+00
2.164961048008410049e+00
3.156501824060360839e+00
2.706614348871852371e+00
4.669103669197927964e+00
2.301209183815943415e+00
1.598328367281443452e+00
1.746976465674326073e+00
2.919459288688875720e+00
3.160626219684024907e+00
2.201308993549548454e+00
4.184444986614350270e+00
3.981470978696517893e+00
5.714061071061287578e+00
2.088185429171332430e+00
5.468769836924422201e+00
8.258404009217616970e-01
2.332713288794859618e+00
1.300028095107238491e+00
2.106694111640256217e+00
2.663125409281204981e+01
2.628193999813378312e+00
6.184835726132268396e-01
3.314409498379161878e+00
2.319284897292396064e+00
6.734415585739231602e+00
7.014888506060578344e+00
3.561270571974159083e+00
6.359246534640822235e-01
1.107738558757429992e+01
2.997535187924013300e+00
2.560787092005615495e+00
1.162140395400193427e+00
3.029856262083932883e+00
1.662262058569499157e+00
6.570531636989428437e-01
3.483661889860477423e+00
6.779544461529248167e+00
4.664606009304669954e+00
1.931995506251935835e+00
8.713661274209759000e+00
5.030893059751544882e+00
8.326799092208662101e-01
3.380068125689412284e+00
1.632876199511265014e+01
9.369708105088738748e+00
2.414753821780554865e+00
1.146288305895221127e+00
1.302447575320906603e+00
3.098957451902284443e+00
8.684121052613401615e-01
1.763436374558000841e+00
2.440155382691491515e-01
3.993550602675684402e+00
4.155750887133986105e+00
9.584611055862508167e+00
1.171970610024465786e+00
5.312802834793243223e-01
3.686268452597501799e+00
1.895450438583605290e+00
1.291754444042468641e+00
9.765734830521050069e-01
3.071378062785699581e-01
5.172546419603514245e+00
5.968767257454137276e-01
2.426735349196984526e+00
3.195997185887459735e-01
3.458965353630938822e+00
1.393766856027478518e+00
2.812695716245137700e-01
1.324187562000417540e+00
5.375753187786458387e-01
1.273846266626286194e+00
3.803611358494839667e+00
1.226013945044558850e+00
4.805319383043856973e+00
6.532146946561431022e+00
5.133144581298683562e+00
6.533230123810651602e-01
1.241498351039571624e+00
4.046931229033110533e-01
1.716689952299855770e+00
3.483861954495252600e-01
1.659659214261053894e-01
6.401194769644980020e-01
2.017980629084383248e-01
1.389651939431219008e+00
6.312487224613322345e-01
1.489101350222144848e+00
9.559256801328438469e-01
2.043664794955603714e+00
2.459589040345798172e-01
4.978696045857076147e-01
4.655409554043400955e-01
1.505881040760955081e+00
5.076831622551415402e-01
7.131224086913388049e-01
1.039129011172413714e-01
1.527495419284808031e+00
4.042847502131261983e+00
1.104639200824772294e+00
2.353118130110563033e+00
2.042166454357695393e+00
1.449395114174371280e+00
2.639526399418684832e+00
6.948880198200753089e-01
1.177449896235739368e+00
3.666724622456726257e-01
5.675747734355308938e-02
2.621327987186035990e+00
1.082774374295062847e+00
1.017354142526482930e+00
4.090994123752982881e-01
1.429185156602024609e+00
8.106453826929822526e-01
9.805002748516988831e-01
3.004381536807112951e+00
2.169060219205281914e+00
4.201994050998303365e-01
1.405391304252546991e+00
6.345100345789544960e-01
1.152897584814247534e+00
2.505859705342085242e+00
1.788336439473863670e+00
2.487926274330451548e+00
3.397737555679261501e+00
2.728373305934626014e+00
3.807967759968408639e-01
3.661279629649920597e-01
4.860028682391307475e-01
3.849918352345248707e+00
4.453244311852922799e+00
3.193666399193451078e-01
2.196340860698062780e-01
8.252862848539171958e-01
2.276702236644474020e+00
5.677283015959148749e+00
1.484928312358376967e+00
1.868902900073255324e+00
1.174446717940252460e+00
3.708121719423186358e-01
2.349946075080658670e+00
3.129005173268988305e+00
1.551778855670174151e+00
1.782213545957351375e+00
7.262801969054116791e-01
4.830134660853907524e-01
1.108165162021102157e+00
4.053088684102714723e-01
1.456435515828327365e-01
1.616967085301394214e+00
7.387316634067680354e+00
5.615515977810711101e-01
4.220678687631670201e+00
1.223592617245371716e+00
1.382438962939782856e+00
7.867371439966056590e-01
3.534692407606430109e-01
1.981047283637905609e+00
1.507851083632699041e+00
1.995982757597965396e+00
7.328920533797715464e+00
8.404237688644704551e-01
1.288245101388155955e+00
1.197927422277894172e+00
1.046411536849380042e+00
4.696158600587697629e-01
1.116997379912274191e+01
3.674764363173485648e+00
3.426241721587318434e+00
9.542328852320264287e-01
5.353880170888105638e+00
7.859891613493577012e+00
1.334690478977901495e+00
2.612279481060824082e+00
2.075543198698907688e+00
1.477783555063811205e+00
1.634119603942880250e+00
3.621942081887293163e+00
8.936924166029193151e-01
1.757913903407988032e+00
2.194193318234751278e+00
2.166392366482711385e+00
3.730905506383432879e-01
7.993429179776021520e-01
7.317172121239923221e+00
2.022346050878315538e+00
2.069348250375510290e+00
1.285527854456036678e+00
1.328555622622340504e+00
1.657323288316457699e+00
1.729223029681330237e+00
4.103499363901927488e+00
4.601488755240817352e-01
1.897371935888566119e+00
3.294480217441913883e+00
9.094162025670296856e+00
6.121596781106263263e-01
4.328124923373177779e+00
2.308180367493597451e+00
1.331984778658685897e+01
2.418239135535057649e+00
8.881154589292972190e-01
2.520358083701674246e-01
2.372771973799089551e+00
8.954761291297452797e-01
4.619504620618661295e-01
5.599426598798451504e-01
1.416819775382325064e+00
3.421463708076788013e+00
3.308961909813910918e+00
2.277450196680508743e+00
3.399753144261791959e+01
3.137236125768676054e+00
2.820852756260141980e+00
3.780521309754646619e+00
1.286166418171277970e+00
1.089888457874626404e+00
1.468440899502458707e+00
1.379768189476544560e+00
1.949824270257062953e+00
5.564879145683526041e+00
3.521192710777371726e+00
4.716256149361219840e+00
1.063141314147045824e+00
3.802344918166200571e+00
8.285496946745425362e+00
8.206913544240078684e-01
4.359639029526943155e+00
7.465521694338470571e-01
1.926360195922193652e+00
1.428139332521548788e+00
6.988492051431884899e-01
3.877653221987831245e+00
2.544299356351414243e+00
2.598360769420231531e-01
7.893600455794475002e-01
7.953420490309626167e-01
4.746856579681198340e+00
3.711586131146674905e+00
3.305646257633966467e+00
1.347419429552888026e+01
1.106757311117436471e+00
1.025920652023107893e+00
3.989884467040913374e-01
3.876173668730475086e+00
1.965031971995245597e+00
2.437443120204945579e+00
6.405789592179711445e-01
2.002769064982546254e+00
8.376839161130614775e-01
4.237577025476506165e+00
3.709608361182555880e-01
1.285052466480206768e+00
2.637435458136292432e+00
8.844760377554521380e-01
9.968866431677790851e-01
1.606786713925238086e+00
1.015958085707541647e+00
3.398897557999189356e+00
2.970029834176366457e+00
1.710883382620917326e+00
3.575908142980118054e+00
4.697608226956864641e+00
8.868799312997918349e+00
4.067794275079751998e+00
1.616594671071148959e+00
7.042442447882998335e-01
3.193109683159762735e+00
4.058439874643226197e+00
5.398469624607924899e+00
3.149873983577232028e+00
7.022220726094282606e-01
2.995520430495888675e+00
7.410092903678847653e-01
3.204477291043725806e+00
1.083907213967333583e+00
2.769437905263144817e+00
4.086046906811372503e-01
1.170401466300421944e+01
2.808425624348114269e+00
3.261090802917180120e+00
2.801582557738421020e+00
3.168892252524263764e+00
1.356008188677425341e+00
3.884953519535079836e-01
8.727192949631173979e-01
1.644295682404046000e+00
9.825527526683686119e-01
2.101229479477377815e+00
3.920021082461625728e+00
1.818464522208471879e+00
3.156668342413839756e+00
7.576489268906657415e+00
4.655337915740492605e+00
1.013940633990088491e+00
1.526848701103850292e+00
2.724493723394232347e+00
8.109797155780455569e+00
1.119638717573381292e+00
6.780873105470336171e+00
7.730387669635008230e-01
1.118481809573953933e+00
3.739102564504589221e+00
2.784796700872817610e+00
1.596376673937746293e+00
6.694718594668541023e+00
1.739450950026500964e+00
5.648016871461981614e-01
1.800000000000000000e+02
5.126019594493695930e-01
4.429947809698496997e+00
7.527592316976902787e+00
1.294641491150452595e+01
4.031798509513725648e+00
4.415259189885880176e+00
1.581863598697008211e+00
2.410566385913433862e+00
1.324873714007852143e+00
6.588473574465067983e-01
1.810373155029341596e+00
9.436455330890843873e-01
1.919943238901567373e+00
1.333391516595816784e+00
5.476780086119913626e+00
2.770827139149840690e+00
1.308405435261878935e+01
2.300902700871854556e+00
1.685181177960648480e+00
1.515332732037043328e+00
3.222670906532121737e+00
2.175207350707747400e-01
1.541686361685491669e+01
9.817961164658510764e-01
1.630338072945960670e+00
1.142275804112530269e+00
2.485201348921535214e+00
8.165595090439616399e+00
2.725421412547746947e+00
2.181753172241825300e+00
3.499086241283213106e+00
2.501227657874300903e+00
2.020055242320689004e+00
4.143792300812883411e+00
1.933772465957883435e+00
1.302956658344761154e+00
9.458642835975975549e-01
9.646074458554907416e-01
1.158676427035937095e+00
6.718654814254357177e+00
9.534072948444437534e-01
4.953400463052436464e+01
4.804009952205721135e+00
3.082991752860861467e+00
1.052307929138931675e+00
2.553148561639175362e+00
1.586172203052842899e+00
9.694282839049588318e-01
1.756803430490652129e+00
6.492395871234016846e-01
3.033380615039448447e+00
1.409998482116457730e+00
5.104225096918081128e+00
1.483023167259732045e+00
1.510720668105986597e+00
4.230958758594409730e+00
9.351447345294314317e+00
1.560673398712622451e+01
7.535331263236182409e-01
2.711307000816958634e+00
3.326804806424410454e+00
4.174585918610055346e-01
2.334170743405088455e+00
1.315023690918501131e+00
1.538699843392362654e+00
3.731067180173839870e-01
1.180495472593375172e+00
4.261656547030802322e+00
2.212185558151840981e-01
1.524696620054563523e+00
1.571698692438922240e+00
7.435228681341499168e-01
3.777538788282023496e+00
1.383211738812220704e+00
1.420282436739721543e+00
1.040094097907625681e+01
2.421558979603910977e+00
1.544928948529320500e+00
1.341052564309880513e+00
1.365424257955683673e+00
5.758766761834555048e-01
2.656522166965402221e+00
1.943801212995339256e+00
5.120529118944663338e+00
1.023565224438663268e+00
3.030596368551528030e+00
3.710660990552402616e+00
9.774159834027674743e-01
4.727821429777247175e+00
3.704775268071189842e+00
4.840059474672869122e+00
2.459385572835262046e+00
2.266940011318012704e+00
1.426132668617558386e+00
3.282365690093743460e+00
9.866584495662724663e-01
3.002388785187591669e+00
2.338689570923948580e+00
1.652591556468160805e+00
3.698537238180781284e+00
3.562803149998147401e+00
1.100348925048203919e+00
1.510549474689741212e+00
3.048873797817084896e-01
1.342575640968380224e+00
7.441048933203863180e-01
3.572709614050639360e+00
1.495187037436845001e+00
2.062107743546882421e+00
1.576520824720215375e+00
9.864557227850950794e-01
2.850312745776724110e+00
1.165525831572949755e+00
4.687670651684833878e+00
3.399737444899789685e-01
2.460232791846391098e+00
3.678243159324390277e-01
8.642293090266554012e-01
2.813550473727274071e+00
2.116411072775731039e+00
1.501206135016286414e+00
4.182307853708988055e-01
8.132611875398552570e+00
3.610726455833131787e+00
1.839749618708885315e+00
1.383137054495279461e+00
1.438828577205253589e+00
1.507571835915953118e+00
2.309090204252157719e+00
2.105211288062212915e+00
1.746303047009664988e+00
1.193307991827335934e+00
1.640966975052635224e+00
1.926441901180191207e+00
7.656175638708544451e-01
2.321197905525886895e+00
4.886210075573981015e+00
1.673194357093428453e+00
4.111505852044267662e-01
2.896120087316984115e+00
4.909352524421174202e+00
3.024940402176115595e-01
2.338245658249185954e+00
1.550081757718385633e+00
1.923203957818069743e+00
2.944537268871688096e-01
3.391772953470458596e+00
8.955006994611302007e-01
1.996814991771123760e+00
9.714326382902073176e-01
1.783989887245025274e+00
3.286094706523892683e-01
1.339652185707486787e+00
1.658159846397613713e+00
2.158028158801281293e+00
4.142559813044919825e-01
1.821336736320379179e+00
8.545102968171133240e-01
1.405364699029602482e+00
5.267135155638959176e+00
1.476285366368465635e+00
6.668814531396018985e-01
8.947219149691472140e+00
2.592416319012755821e+00
6.727367068715669474e-01
1.432513678466465823e+00
2.424709812623550675e+00
8.104036536014436187e-01
3.356599200227600388e+00
2.230084259140206360e+00
2.858765808309312817e+00
7.969846869526283628e-01
9.667185188648934613e-01
2.792969176250954089e+00
1.732244733493536915e+00
5.021624526116187148e+00
1.785739053821501443e+00
3.585409376854033603e+00
3.009882775232016194e-01
5.259574001362337548e+00
2.674148052158935140e+00
7.729953862898668149e+00
1.188376324270621076e+01
3.353435617692577808e-01
2.256286379082645954e-01
6.151265546147536289e-01
3.527637677050869502e+00
9.871710189636976329e-01
3.032434300278428196e+00
7.095626937792880007e+00
7.888818658326605116e-01
1.431190078321155523e+00
1.007657978003422938e+00
3.416790667210484411e+00
1.661712929081907264e+00
1.899292431657580993e+00
6.235012122215489505e+00
2.623806488723968489e+00
3.069110970808144767e+00
2.211640899694024220e+00
2.302747571593648512e+00
1.262406916864082351e+00
3.000267697515465848e+00
7.249198527668860859e-01
4.056646560061640372e+00
2.158371045449789083e+00
1.640770620063354057e+00
1.437641166050645625e+00
1.217791477372968778e+00
1.273790038160050209e+00
1.148688258581781918e+00
1.548470577959032868e+00
1.374300823322984400e+01
5.070573378820244059e+00
4.861323696537594441e-01
1.147412011125618525e+00
1.259696004004258185e+00
2.735304740544617985e+01
1.754316975929780087e+00
1.176955789158765864e+00
1.096058132320655742e+00
2.307878867490617836e+01
3.419044636979312379e+00
1.814450978610071541e+00
9.254965452454089192e-01
2.251231763941153319e-01
1.752515544847349727e+00
3.983410197529106411e-01
2.136519465233526915e+01
2.868244635421478783e+00
2.981536777976566466e+00
2.840630729141973010e+00
8.750876532402642738e-01
7.366127043722440204e-01
2.238399502754073733e+00
1.527581596805470454e+00
5.541962211918082026e+00
2.455592562335451756e+00
3.000627223264898724e+00
2.824528463726055705e+00
4.867012661090321379e-01
1.580891123636566142e+00
8.387145442715844279e-01
5.201719473102748736e+00
4.718484690407979687e-01
1.192272438255979505e+00
1.876565050654471767e+00
3.451668285771330336e+00
3.032316490918209873e+00
1.561143972381542067e-01
1.027617970158801297e+00
1.191487504537129594e+00
1.039993486419460744e+01
1.401755955447126745e+01
3.803631734547276100e+00
1.094596247636756114e+00
9.846054737555245850e+00
1.125359265347126048e+00
2.676376525020610941e+01
2.763672169437683679e-01
1.439971733886508565e+00
3.106700958292769599e-01
8.848412144938481161e-01
5.222971606931334776e+00
6.711630123498540712e+00
3.304757549844365427e-01
3.893407933671444443e+00
3.262793500989347173e+00
1.057125292638754566e+01
1.296854200433859461e+00
5.448685109216145683e+00
6.230538582634065570e+00
4.612652071596905934e+00
2.512597218342377037e+00
6.916913850503783046e+00
3.490947079705386535e+00
1.159375913467829378e+01
3.604643806965562858e-01
4.243769447757324009e+00
7.755610200210369953e-01
1.564889266526301004e+00
5.491318735045056521e-01
3.077269555155924152e+00
7.482367879755319473e-01
1.328683610673554005e+00
1.968502860301481194e-01
1.690329253260776099e+00
3.941941153182805913e+00
3.559591780038562803e+00
3.905892630447526326e+00
8.880857910144458467e-01
4.700375749168879125e+00
1.403477992647901296e+01
9.054281523459724923e+00
1.373848133206525723e+01
1.981385752372159859e+00
1.065332318515472387e+00
1.052014799326029815e+00
2.977767286726854756e+00
1.422165737698544374e+00
1.213063587353109485e+00
1.403758879043401908e+00
1.129866882941654271e+00
4.884264577460548651e+00
3.259695732229217047e+00
6.017051095962381524e+00
1.288197028252530796e+00
5.209508817171747630e+00
2.365256957458145237e+00
3.078249953344572631e+00
1.354587866642827487e+00
6.475824234890334985e+00
1.426477661647547812e+01
1.427901535241936637e+00
1.009849688546822000e+00
3.578597857004535143e+00
4.043968927899986632e+00
2.742079590140251266e+00
5.406690478496989360e-01
2.031903590282513150e+01
2.089771064897225639e+00
1.434331387890242615e+00
4.630044034160697208e+00
1.388083880204999510e+00
1.009214017717265044e+00
4.143989587817285880e+00
1.216777802867630376e+00
2.073366918449090601e+00
7.452039726957476518e+00
9.304977342552546160e-01
7.654406809694521696e-01
4.037344250321719841e+00
2.704914133992796454e+00
5.026644065155256857e-01
7.564066642801530627e+00
3.483259670562099064e+00
5.959850463439580359e+00
1.706811830076787162e+00
1.922072874929311892e+00
4.643336511115979448e+00
9.316213457118774244e+00
8.588298958936224636e+00
3.031671446330940878e+00
2.089079477948855867e+01
5.792023119019736876e-01
5.445425958456774573e+00
2.832985543427914266e+01
7.721097215015748638e+00
3.718337175754352408e+00
4.082786043493785044e+00
2.649201323099052985e+00
2.822814692724841645e+00
6.127890691505650800e+00
3.380292436229928033e+00
4.132663913160964597e+00
5.898876871765295071e+00
1.547864519984207377e+01
1.050599144067905044e+01
1.201953945532641121e+01
2.238638661788991513e+00
2.920664743387355600e+01
2.889925937465771089e+00
8.967253167918782353e+00
1.022966856793152468e+00
2.636106948038564379e+00
1.978513062754031049e+00
1.578924525314371108e+00
5.173870039635728446e+00
2.359070011509403209e+00
6.079471911743892676e+00
8.314120963150381627e+00
4.352935030670566086e+00
8.134726990306004879e-01
3.057444415724538622e+00
4.204239767206940925e+00
4.358449317192418349e+00
6.236650203904230416e-01
1.899639839303311462e+01
1.535377462540919957e+01
2.025019852477297988e+01
4.988156101665734532e+00
9.118002208559303767e+00
1.029862911884417542e+01
2.089610544523721458e+01
2.732467404481575102e+00
1.429555549120971847e+01
2.183351259106987019e+00
1.740044460101050916e+01
6.805863102973070511e+00
1.549120946023253120e+00
4.021335173420102826e+00
8.756424200883412112e+00
2.870885888576222289e+00
3.275470399102338348e+01
5.621850508022274262e+00
4.619457837587805926e+00
4.900439437854553937e+00
4.259584462993696086e+00
2.513210853614936457e+00
1.372130854388624810e+00
6.056657408322689840e-01
1.283856869866121286e+01
1.533692697481602174e+01
4.960407664953205398e+00
2.621977468506527131e+01
2.061690192325634552e+00
1.619752893765863622e+00
5.421544213024008796e-01
1.020679681877376588e+01
9.643096384663799370e+00
2.148824446581094616e+00
2.116623504705703152e+00
4.798156622860606291e+00
8.268087208380174857e+00
1.493144541072775500e+00
2.418357598351896698e+01
5.004616631677533789e+00
4.216251267564048000e+00
2.875845430409780690e+00
1.490099741625944718e+00
7.203716349641374750e-01
3.902792502498490634e+00
7.553309366896498567e+00
3.021688988043185642e+00
4.429982884702128310e+00
1.828592682527167446e+00
4.291861698746484710e-01
1.558573509385402955e+00
5.384466834488204512e+00
2.747199892074217775e+00
1.370271177354344694e+01
7.719158330607142737e+00
8.224554353302835352e+00
3.051502950604605857e+00
2.561331089638615222e+00
3.087174619995762015e+01
1.109631314958629567e+01
1.492877903685822361e+01
7.286430059635820911e+00
5.928598320877428662e+00
6.998793903242780390e-01
3.877049508346167794e+00
6.406418842681035564e+00
4.676678231543379027e+00
2.992516693837104569e+01
2.811987500877641377e+00
5.201405026655411490e+00
2.531624896207123943e+00
7.030314248412965483e+00
8.807849614020478057e+00
3.798745103873962581e+00
3.086099846396797464e+00
2.984313616302671779e+00
1.148097353202700566e+00
3.126834585994476168e+00
3.563697822162798179e+00
1.369719507590867025e+01
1.025501910757151913e+00
6.508831712017286719e+00
4.353801346125538707e+00
4.185987396343555211e+00
1.508130348830890988e+01
3.077338720384087178e+00
3.637438848229508181e+01
1.405272244673431814e+01
3.459231913936951841e+00
1.266402303335114432e+01
8.345342045120379026e+00
4.780081324763127526e+00
2.880425339522862505e+00
2.318972792649499848e+00
3.442014047226974238e+00
5.544524023866198803e+00
7.722789241753416967e+00
2.737063242939010710e+00
3.808435278550212466e+00
6.993800470658382729e+00
8.008928448845599180e-01
8.045091282240599551e-01
8.049301080606930725e+00
5.919556969912607158e+00
1.080708616495424046e+01
7.135821044873924990e+00
6.586094779173922165e-01
6.474151618042980338e-01
1.877317641687285388e+01
1.070334957219183636e+01
9.536578479698070154e-01
4.391021588611636162e+00
1.581785417068785016e+01
1.528115860630690159e+00
8.413924394447130695e+00
5.783409972124484710e+00
1.745269638865704565e+01
1.240899075857231360e+01
5.908949345465632774e+00
2.339464251458916788e+00
8.627832610204055896e-01
5.454164424076368256e+00
1.935062226929902707e+01
1.362877560863914317e+00
9.994333525968809084e+00
4.892625720041642978e+00
6.893147230879025145e+00
2.138467377215501486e+01
4.381021107383654467e+00
2.313223722301648966e+00
6.999787071495138235e+00
5.563544692672214964e+00
1.297549797499500102e+01
2.689830796948916358e+00
2.588683056702274943e+00
1.300796215297312042e+00
6.498453922628330659e+00
6.507027247202949560e+00
9.720143636693642231e-01
4.281978174121612746e+00
7.398140473148774987e+00
7.343632630269364192e+00
3.698916350162109978e+01
4.448028905796520327e+00
3.415217104062767017e+00
4.018881626882409819e+01
6.685555190255946023e+00
1.999668081405049946e+01
7.297067502278938633e+00
8.944692213011029125e+00
2.015450795096426617e+01
5.740255187374227575e+00
4.800478461683916009e+00
5.281665381411694504e+00
1.627935191709188434e+00
1.865306384921240834e+01
5.281686475190848107e+00
3.310140625706376571e+00
3.107847769093224910e-01
3.038819548045697538e-01
1.949694581531041138e+00
6.688812251649224550e+00
2.358123161175934346e+00
1.421571164248331298e+00
2.029574492133113139e+00
1.869375086976993838e+00
1.014906183524212802e+00
1.612893004433799682e+00
1.128141596649486766e+00
2.189845940530204871e+01
4.164943027476736503e+00
4.746006512479010730e+00
2.645444210696712872e+00
1.111048184874064226e+01
5.826785931470690016e+00
1.849081878400515855e+00
1.776895692894338907e+00
3.616235553051379004e-01
1.179032092925831110e+00
3.040881934212016802e+00
3.161609744303116587e-01
4.048858601841262228e+00
2.402714786765313804e+01
2.349592125749156768e+00
1.207779213014148256e+00
2.169067189152158459e+00
6.689565538216412754e+00
2.786535581646212845e-01
4.192888162072793357e+00
2.513336793588298423e+00
5.036656560753808298e-01
1.419937946321909550e+01
6.929838611208579024e+00
2.754694625666228358e+00
1.786017143409434738e+00
4.236213152113482039e+00
5.638937148430933632e+00
2.191583512854265781e+00
7.854709623213679492e+00
4.702443775395890313e+00
1.164946384370056487e+00
3.290371302967911582e+00
3.143281524922855841e+00
2.514455739257102973e+00
1.528217517898452948e+00
1.704245968692581936e+00
7.293538870524301387e+00
1.580344099546879377e+01
3.022351445807431425e+00
5.586082585349005036e+00
3.937851954819569844e+00
1.545399144524991941e+00
1.271956433645469531e+01
8.755120316569108274e-01
4.857415155867848888e+00
1.523203362161939189e+00
2.519594361345914191e+00
3.730512779945702739e+00
1.195982002366289088e+01
1.347819548563798930e+00
4.390251360439065387e+00
4.553272578501474044e+00
1.991727420779124680e+00
2.913194124180633171e+00
8.310772719514993412e+00
1.358464258605061259e+00
8.193960856033070117e-01
1.046945312318637189e+00
5.214954418976669892e+00
8.349261825783630186e+00
3.638145134507261069e+00
2.094534917977427302e+00
1.213227666625016177e+01
1.146563951304685469e+00
5.478573610620856904e+00
8.280619992837925381e+00
5.046541980800429705e+00
1.085188752662295197e+00
9.076257448245635961e-01
8.920741897501621720e-01
1.014609936050506889e+01
2.609585266908457601e+00
1.064623178845731877e+00
5.169058492980274977e+00
2.436772643224265344e+00
9.637382169334834714e+00
6.050794343516171514e-01
5.471559019796559120e+00
1.850173587437762501e+00
2.557400108942274208e+00
1.589986679254983937e+00
1.575625940233966960e+00
1.067275208470640502e+00
1.242728624470918586e+00
2.836374227809442594e+00
2.308031702454168332e+00
5.669361792801948852e+00
7.432017650337061632e-01
8.354156972328654618e+00
9.528327380038373318e-02
4.286462738625362867e+00
4.080342694558255268e+00
1.789216820341244407e+00
8.229742938803905616e+00
1.270925397518100475e+01
2.451083043212259671e+00
8.199884085099080622e+00
2.083860602456920397e+00
3.843825607838734504e-01
3.572517678340145331e+00
2.190505353861064819e+00
2.651494585777171231e+00
1.678275300487620969e+00
6.550179168616425684e-01
2.749819595919520854e+00
9.080538809196053718e-01
1.877931547262935652e+00
2.408830745733378187e+00
1.962679724916030155e+00
9.355133614768110561e+00
4.428316893148440236e+00
8.388201877566430653e+00
3.646624626279796999e+00
6.552393345496179577e+00
1.023503577389223729e+01
2.649945286675854206e+01
3.120746311138731688e+00
1.734141158483935463e+00
3.179620293622807736e+00
1.130704052252331726e+00
1.196432308018918889e+01
4.930515213066428259e+00
3.402343862988149947e+00
6.336970711934281297e+00
9.744555731947627253e-01
1.618344012989088254e+00
3.688177028623320641e+00
4.867408335755053272e+00
1.128175147713366577e+00
2.301682024398827853e+00
3.891429623689590223e+00
9.163426611745821404e+00
4.009720720679776917e+00
3.985264582576576675e+00
4.676205312497973665e+00
3.596742316571431175e+00
6.699564529604288277e-01
1.838859917424919832e+00
3.132195488542572459e+00
4.950445569875538077e+00
1.385274825276165300e+00
2.255540457364146434e+00
4.564032683770387067e+00
2.709402872386787120e+00
2.296597060650954703e+00
8.685745115746602352e+00
2.900829315709178235e+00
2.711183918023567063e+00
3.314518972412547004e+00
3.219081361322988943e+00
6.942949017930880373e+00
5.049797763518262705e+00
2.554675799552684978e+00
3.248755362527105284e+00
7.270906043116236894e+00
2.073668834885378676e+00
1.566975700288869122e+00
3.333363861778122939e+00
2.041605714343625255e+00
1.917698945985869097e+00
8.406597910332934687e-01
4.408724925609940892e-01
1.674024690458981501e+00
2.435675007467526854e+00
1.327355120672917943e+00
6.089847782395492182e+00
4.673314822555796333e+00
2.560800013882029269e+00
2.897175899521174713e+00
1.468825361974572363e+00
2.977774405158415405e-01
2.873634532211227555e+00
3.969923161800282152e+00
6.538790065767456916e+00
1.546043464422779845e+00
3.815315050004761677e+00
5.380088648278955610e+00
7.965312082413406713e+00
7.057341458171996429e+00
5.806716133306310645e+00
4.510750496151870514e+00
2.641989909777701317e+00
6.802674836422824889e+00
5.963448481274679303e+00
2.270131861998082368e+00
8.130128144678622215e-01
2.168555148793863463e+00
3.326479123389885495e-01
5.739616884684264342e+00
1.073926079472217587e+01
1.831544440141313235e+00
1.793413897602458063e+00
3.254832395644611687e+00
2.935916852289166101e+01
2.570835105609305504e+00
4.495237034523083430e+00
2.347242623651971893e+00
7.280232653835071455e-01
6.832588228140064501e+00
3.772400847199101070e-01
1.274878258430970579e+00
3.103803254153276736e+00
3.693543152029232335e+00
2.837394524911335481e+00
1.150192069095995695e+00
1.289750595310961145e+00
1.117688893174957343e+00
8.673379878333841164e-01
1.695079615141002582e+00
1.427678854551202914e+00
8.642398203108053067e+00
9.035135752225299521e-01
9.339717626205427115e-01
1.382731945961252595e+00
7.140011052804341674e+00
1.119621770419996665e+00
6.893769932986275606e+00
1.783096824268743497e+00
1.521872198869469450e-01
6.045472407964948003e-01
4.712045505958388780e+00
7.310345090413439273e-01
4.383273347638805717e+00
3.292265615679794255e+00
1.360312376544373203e+00
1.245950210331689956e+00
7.149612194595100778e-01
2.497469607353185683e+00
9.411257549711196546e+00
6.425463979837044981e-01
4.762315375608897838e+00
2.729866957957747697e+00
1.410468922535073277e+00
8.461519021276460606e+00
2.223991490120320602e+00
2.865799089323344706e+00
1.504384974478803905e+01
2.323630729183667309e+00
3.565224354492381176e-01
5.801105382914790276e+00
1.533668507089950284e+00
5.445922350624983643e+00
4.616507287658528469e+00
2.983053590075313011e+01
9.080784695063780276e+00
8.625789406397638359e+00
1.425157927142082004e+00
2.111391441145762382e+00
3.207083863521415168e+00
1.979582538399852876e+00
5.537029375940581311e+00
1.758316528647485200e+01
4.583955431672469771e+00
4.249907665515870181e-01
1.114668313478499595e+00
1.288905716202513041e+00
3.558346234984529843e+00
1.060904625397181711e+01
1.581296872983848800e+00
4.644066293180141969e+00
1.380012549061363947e+00
5.195612414162461556e-01
5.590816844086028414e-01
3.207092603204499959e+00
9.541554689105796738e-01
1.341181383563434748e+00
8.672047132051472484e-01
2.170343329926683662e+00
2.729398030175788392e+01
4.533798587907308608e+00
1.062047461821454597e+00
1.785766303032680247e+00
5.263879665002892949e-01
1.091697553759243045e+00
2.261041353910261620e+00
3.212016247699086335e+00
1.265501247853846323e+00
7.826190714938059401e-01
1.040482595624357964e+00
2.846849347894162108e+00
7.471118202255325080e+00
1.326451510877913131e+00
2.409362660629148500e+00
2.858384067189997157e+00
8.682982960098728498e-01
9.945388567392918766e-01
1.082536582696374650e+00
2.616760218429805551e+00
1.726052430548796979e+00
1.660427915397313159e+00
3.727821644460640904e+00
3.126469889528074031e+00
1.521119414793803193e+00
1.598468300446971746e+00
6.845611774463364441e+01
5.872013738690223050e+01
1.070033931312007885e-01
6.785524195394302405e-01
1.963525696296343215e-01
5.737211758882322377e-01
4.340203660568840860e+01
2.403400058149130825e+00
1.928933859754176749e+00
1.318875323493327478e+00
2.438606872605501297e-01
9.332639971233918175e+01
2.282011336588677253e+01
9.145802834796509018e+00
1.145450589453253926e-01
5.674480828753368788e-01
2.667231259322531134e+00
3.174334066655124520e+00
4.530583900111880280e-01
7.919593201796545356e-01
4.414345519291557451e+01
2.886365297618037618e-01
8.737943730471143056e+01
1.672494874349333971e+00
1.063297319089516080e+00
5.211110215252272582e-01
1.149648240669125382e-01
8.971761351506715698e+01
9.933671717840951487e+01
1.147375699369424851e+00
1.775869830521313641e+00
1.294624835545875818e+00
1.196090286756129162e+00
2.346598168296807785e+00
2.340413619833815417e+01
4.573911132329404605e-01
9.777841469651764594e-01
1.561633061067186634e-01
1.521815702702274065e+00
1.267550791684875833e+00
9.328053346346888430e-01
5.935963188805689628e-01
1.420535009703488116e+00
4.206043960187985320e+00
4.435509475242903399e+00
1.385510130937505267e+02
9.198695160089911838e+01
1.653170645791951943e+00
2.161058454212104074e+00
8.698098132350988720e-01
2.880652546614158038e-01
2.304005313402833721e+01
8.344142929594186020e-01
1.405862599856187556e+00
6.703120842837451221e+01
8.795809058522015889e+00
9.066411854324231001e+01
1.922542204060403881e+00
1.580433643328163100e+02
1.432764791446003771e+00
2.623733469138249674e+00
4.368558746444090035e-01
2.345442921632447941e+00
6.177674425582532214e-01
3.292655488187063995e-01
1.756283782134736127e+00
3.554360012738088104e-01
8.651914188607637834e-01
1.288446134957251354e+00
2.118077750823691652e+00
1.544481627891404196e+00
1.858568166606328731e+00
1.129558824684620877e+00
1.260675226722933973e+00
1.500919726945534327e+00
1.130385016077631377e+01
4.092035394366109635e+00
2.437441646805918793e+00
1.064769869702315797e+00
9.798612495610595774e-01
4.807417829176987012e-01
9.940750561255348172e-01
9.052289092851493191e-01
2.982423106669868762e+00
8.532823788533459464e+00
3.871922322961715235e+00
4.001614034522808616e+00
4.416696583616985805e+01
6.841306055396447761e-01
3.310466116353853572e+00
7.711631015424017521e-01
1.387617762155173073e+00
1.078662445415263127e+00
3.006662245935232125e+00
1.019269653186414715e+00
5.337911408939539637e-01
6.381683501496537847e-01
6.056085489893709983e-01
5.041070187774654876e+00
2.657605928014031171e+00
5.684438997802904403e+00
6.012093700389485873e-01
2.193852422844193129e+00
4.543409937296515722e+01
3.963752487437183780e-01
1.785673319892572408e+02
6.684142068977325657e+00
7.453727921435566728e-01
8.029713403190505971e-01
4.945141227437657716e-01
7.863073406239334817e-01
8.693028044389097264e-01
2.179612964334087355e+00
2.472916684336742943e+00
7.317460958502030621e+01
1.279768649886748877e+00
4.065268434116293683e+00
1.024679667099236413e+00
5.654465102525600528e+00
1.830812007717112166e+00
1.798025420771624852e+02
2.539122798281651772e+00
1.563091643628911953e+00
4.505731546865180626e+00
5.273137119424303743e-01
3.592678291452415351e+00
1.964001016466368821e+00
9.789015020172961989e-01
3.006795018418259691e+00
6.480456497836342145e+00
1.069744918257874655e+00
1.627652589074764511e-01
3.314552119967759669e+00
5.979005793003211444e-01
7.946811781195139979e-01
5.439591133512740484e+00
2.157746113890861572e+00
1.457354269394075086e+00
2.611013022096210001e+00
2.067790520867814230e+00
1.209988311335498778e+00
2.124437175979336789e+00
7.101767614000820128e-01
4.741611512963650910e+01
2.903373742001910118e-01
9.404963949601967688e-01
4.097191146370237291e+00
1.148610652646262498e+00
6.246201546643670444e-01
4.402630858577875728e+00
5.100113919578641131e+00
6.524989525569271365e-01
1.788976548886109796e+00
1.205800347972616704e+00
1.844900118838671554e+00
4.576831022451380626e+00
1.319179489791250992e+00
7.206617318682285722e-01
1.623412352200888531e+00
1.067759405928741634e+00
9.695504579249776267e-01
5.420626670240304978e-01
4.483936773298137779e-01
1.600131175477277168e+02
4.853986337637178572e+00
9.288077536886176766e-01
9.674971925564113118e-01
7.023393580373549216e-01
3.761775833642065914e-01
4.739063979622772393e+01
1.774458884181779883e+00
2.978848588691778154e+00
1.836107841534519558e+00
2.683306628151231443e+00
3.264684982979603411e+00
3.789567867002328061e+00
5.524705608349814723e-01
1.182214793144556353e+00
4.058826411360422881e+00
7.315133510498635871e+01
1.018918216319083081e+00
1.349117094996319155e+00
1.089893715358196458e+00
9.689857516828264128e-01
1.211916383125249741e+00
2.575731243165140238e-01
5.067570154484329903e-01
5.506668615669576994e+00
1.613954501289985410e+00
5.555706109859833930e+00
3.843996502712366814e-01
4.129302871233893057e+00
7.551113958231496781e-01
9.456815559342001132e-01
2.107092609229137992e+00
1.086959378331568304e+00
2.456608969369147855e-01
9.384055384612617345e+00
1.540994617015983004e-01
9.855069609046466228e-01
5.505474343713495422e+00
1.498316490758067498e+00
2.946958997393138713e+00
2.100731104738401189e+00
1.066567074278105931e+00
3.166736913607016479e+00
2.112413839367889956e+00
2.777620445182131248e-01
2.504315920916807325e+00
5.855359070013255174e-01
2.392351855315703268e+00
1.035078656348986215e+00
2.867315233820252107e+00
6.116829985681930815e-01
5.079202017891020660e+00
7.909441235797244119e+00
6.619753767696766600e-01
3.991146722898375465e-01
5.568331556672731608e+00
8.566062128699118983e-01
5.429841077087754764e-01
1.463060511009089737e+00
2.868710930285398586e+00
8.940642913259670976e-01
1.355361208574620058e+00
8.950579169327540496e-01
3.266390156174039827e+00
4.451981112989919498e-01
9.029789253076766498e-01
9.118334721286975864e-01
2.917058578972786975e+00
1.013227614303755741e+00
3.335904335331794979e+00
3.939012484657989699e+00
3.464498224218576894e+00
1.602355847999003435e+00
4.378750052521921177e+00
3.635826300968694635e+00
2.805410451562464491e+00
2.657178747476575786e+00
3.032868674936517017e+00
7.229673702039851158e+00
1.337828227751978405e+00
2.547924290578953421e+00
1.444296752905895875e+00
3.164130874190652087e-01
4.952450601408784792e+00
1.432214281726006400e-01
2.030720248108225157e+00
4.599912232048337657e+00
5.794682811822958968e+00
6.672724808350412040e+00
2.157125978822631573e+00
3.293770428508756010e-01
1.733479302517490162e+00
1.490508922266268410e+00
1.961668465260899774e+00
3.886905130977031386e-01
9.365804613624527653e-01
1.831332368618073358e+00
1.811448172544836144e+00
1.208480451801327016e+00
5.167877045719740714e+00
1.005480411918072692e+00
1.137927862222635511e+01
3.875699671526402490e+00
3.844646590592775137e+00
3.499355514316936144e+00
2.799562556120448686e+00
2.184063204016602366e+00
5.397767127702248757e+00
3.253589346738699373e+00
1.461516727847226749e+00
4.845905979527201368e-01
3.371141988108881549e+00
9.530155099704550326e-01
1.640961688000018626e+00
7.221568563565926580e-01
6.328746643924537452e+00
2.372823429995202904e+00
2.082473493510694773e+00
8.706217443402488598e-01
1.558785592470543602e+00
2.710138627650944709e+00
8.380894706808319494e-01
2.137671138465953913e+00
5.798670250147083260e-01
1.326336724009114620e+00
2.079616291269061445e+00
1.268736284428950256e+01
1.775179224048294646e+00
6.862368829161376915e+00
1.534697896870415024e+00
1.577284139311946998e+00
5.125795256699920976e+00
6.082474794959465747e+00
2.784626189288716080e+00
1.670982362132766186e+00
4.092868296936235772e+00
5.396034453904530181e-01
1.222589585527124045e+00
7.556833089303913731e-01
1.099864915841393831e+01
6.097952933056935976e+00
5.421259990573322751e-01
2.665771248915333569e+00
5.766787775364160318e+00
2.474163117258683098e+00
1.133973157540338672e+00
6.673387827622924817e+00
2.327568338254821345e+00
1.704077047256357114e+00
8.354116569162224337e-01
2.884873610197707272e+00
2.948861341477713172e-01
1.918551650072926273e+00
6.433499116817199770e+00
2.312805560486382639e+00
9.073778973481813059e-01
3.450373475961817871e+00
2.092220322200983418e+00
5.618335611838577437e-01
4.573364874036186301e+00
6.270068485511346434e-01
3.916727588735336774e+00
9.143306955400675173e-01
5.321022788717496566e-01
1.328286851947065417e+00
1.045488892631749184e-01
2.530367570240553476e+00
1.800000000000000000e+02
2.535677089101474380e+00
1.085787621602738229e+00
4.127660050840799677e+00
2.026755930072579481e+00
6.989291609289380869e-01
2.733386942912763296e+00
1.260741930222683882e+00
1.915854036206616762e+00
7.971431936322542988e+00
1.649878265008730915e+00
5.763609171679163756e-01
9.316829957494864090e+00
1.315325327447030013e+00
5.352985160519871943e-01
4.497750777046404025e+00
3.140568594623320386e+00
2.222953736444735817e+00
3.404588473692446993e-01
9.926378112291699418e-01
2.040345015575037557e+00
3.663745291885441291e-01
8.816889120260176682e+00
6.085434476945006388e+00
9.721291908345612853e+00
3.079198834815174646e+00
6.422589787400271311e-01
1.112047700410605744e+00
4.051196703142625921e+00
8.163150573232419438e-01
3.894819435169902366e+00
4.120110255273867317e+00
2.313638500978797197e+00
8.474555754256453133e-01
3.795759762809866045e-01
2.188669492090076218e+00
1.776118912826944340e+00
1.336920388544368121e-01
5.987253114873166027e+00
2.922992949869038348e+00
2.095514414455991403e+00
2.234968978326699607e-01
1.263804406254307455e+00
2.566966299802732276e+00
2.908610292812623399e+00
1.381686135050854469e+00
2.312686197131354593e+00
9.428987696412270969e-01
6.234546651896520908e-01
7.066723159963648193e+00
9.427119601907471003e-01
2.247976385272473454e+00
6.731981071819008733e+00
1.332514610158886725e+00
4.279227314102380220e+00
2.333029951573658778e+00
1.144765202695342099e+00
1.318407939708180043e+00
6.190878097387360945e+00
1.972818861248072597e+00
2.821532782278186602e+00
3.084111303473240806e+00
9.871994598400507526e-01
1.766017045067374225e+00
1.000570988161468389e+00
1.941436656302420349e+00
1.010527621882481686e+00
1.145634197615254202e+00
5.941019018067688062e-01
5.168669500395369765e-01
1.002839392780237260e+00
6.283291917401547799e-01
1.627583537028180594e+00
2.754316745878720996e-01
7.866786303193635810e-01
5.131518503629546313e-01
1.627722925321206382e-01
2.926884107725791773e-01
4.448205560404126513e-01
9.025962588031548606e-01
1.858451240730865095e+00
3.045387707661292853e-01
1.536492669098381114e+00
4.062940541206115919e-01
8.569727154512487566e-01
5.664118758778861062e-01
6.791429312414011932e+00
4.379980159995285338e-01
4.023402334343338937e-01
1.066148516901187504e+00
2.472483578497758128e+00
5.793425937441356588e-01
2.694379437261780752e-01
3.432361268948629363e-01
1.585559076926109645e+00
1.058110460702049282e+00
5.096255934467659454e-01
7.570013494990328606e-01
3.995052643006030135e-01
3.011875425480610158e+00
2.066622958300401991e-01
1.164852752111432688e+00
4.619766623901870872e-01
5.955130942090087753e-01
7.372057093483554979e-01
7.529749693797844756e-01
6.174623721746544946e-01
3.342806157456709726e-01
3.138853006397619994e-01
3.423005699497170262e+00
7.460243278985715598e+00
1.609014284218800883e+00
2.207083040815748021e+00
9.268327208167369546e-01
4.503223686091004652e-01
7.084693612615371450e-01
6.597966763800372725e+00
1.049798460035594516e+00
2.401401623647543282e-01
2.567092186367340378e+00
1.385315886649556916e+01
9.595992364182613699e+00
2.230212147841338921e-01
7.704021236315777843e-01
1.571651372133768820e+00
7.373592453750861253e-01
2.128641216380572909e-01
9.033991489750626158e+00
1.566938426581789390e+00
9.581172833372016973e-01
1.072674961811939554e+00
2.681480192709836397e-01
8.277194098352139706e-01
5.069264960397890096e-01
4.034057538170180979e-01
2.769589568238076005e+00
8.000387396548418184e-02
5.236756578821026853e-01
7.112293644256817426e-01
1.596889169034437506e-01
4.274508025073142647e-01
7.146832008984599360e-01
2.693509853344625005e-01
1.092528091141178548e+00
1.714325436807501379e+00
8.101462258384002357e-01
8.686721404386852363e-01
2.028884399155129470e-01
2.603886821845304289e-01
3.021505447554098112e-01
7.104193654352550791e-01
1.969539149481724927e+00
5.981033489456599739e-01
4.443956667702573249e+00
3.696079430934668397e-01
4.000852991884835674e-01
5.122052961031500207e-01
1.448151040442715809e+00
7.739335725203678740e-01
1.517187835354267822e+00
1.062509162216015213e+00
3.743783300184944096e-01
6.971120567729601758e-01
6.647718061778263854e-01
1.529932268052442534e+00
3.689241326239177110e-01
7.139635638257317396e+00
5.487079554249328917e-01
7.294039402592052967e-01
1.332584991763551274e+00
1.872551575522674927e+00
2.773981124561523348e+00
1.683651403246444467e+00
1.102305871666012349e+00
8.024408869190630123e-01
2.557938261132751467e+00
1.627653522664046060e+00
1.341457229413624663e+00
3.274408458395227317e+00
4.464977645475586066e+00
6.836618455762427660e-01
7.536590820353251452e+00
2.691070199411464525e+00
5.361660770473777315e-01
4.872245132809980284e+00
7.450201316780409311e-01
2.292874739067385370e+00
1.635756094500046831e-01
5.008012270695413548e+00
5.594033477869876592e+00
9.386230955951607724e-01
1.733777039268424858e+00
1.089346335556305778e+00
1.881560308600844778e+00
2.876201247242391457e+00
5.667844835343416321e-01
1.691245149070000231e+00
9.170750964930635130e-01
5.154631032699584559e+00
5.704635026342090853e-01
2.232885895054437686e+00
6.821258366553697439e-01
6.045283763477819150e+00
1.899423274403451822e+00
1.477333029158325761e+00
3.300527806293330202e-01
3.194981175988913957e+00
1.645683328028801240e+00
2.519540712284357720e-01
9.488454889838178197e-01
6.793493342496368825e+00
1.381705501350730447e+00
1.455933345693823489e+00
1.378856312036947918e+00
4.006249731321304686e-01
5.819089049715516770e-01
6.063356037646054908e-01
6.695645019045793234e+00
7.993330966421898776e-01
5.213857841729748754e-01
2.190955944059799876e+00
9.984584777552070634e+00
9.856439293648708855e-01
1.597134295244907909e+00
2.956447362812401725e+00
8.649489668661423103e-01
1.136858568696232918e+00
1.487464608537383937e+00
1.050901165859043029e+00
4.728573183232345212e-01
2.822924193247747571e+00
1.011630128832321507e+00
1.104758031954492070e+00
7.239014699527758223e-01
2.215434759364705020e+00
4.671514013631992590e+00
3.416567324565094932e+00
3.964065056661222886e-01
2.947732754273643785e+00
6.836081011306073263e-01
2.075026948462137977e+00
1.874464755969246443e+00
1.517162265400540333e+00
8.729372602406754167e-01
8.506405813170609953e-01
6.183282005754332511e-01
3.803790520020040034e-01
2.063726644004807986e-01
5.379752689018625134e+00
8.585957038619265180e-01
3.817860124573070890e-01
1.613647512591552813e+00
4.895109110457822044e-01
2.091315735217210037e+00
1.944439285803664763e+00
1.618239308440902580e+00
3.500417090340239401e+00
1.215668905963046331e+00
1.445729230808491916e+00
3.043066922855323764e+00
2.470157532749122531e+00
2.668254098217428094e+00
3.742210712682741969e-01
3.464806104352138316e+00
9.707957511626024161e-01
3.002348476519307585e-01
1.312948990166385110e+00
1.118498695940613352e+00
1.604882971344828047e+00
4.907778586050560721e-01
6.702862773118963169e+00
3.609565692346022314e-01
4.449018556639596333e+00
1.679319264210603846e+00
4.132775656993397106e-01
1.570185491239142639e+00
2.956889804240733222e-01
5.346610916508292011e-01
9.142754745780524717e-01
7.330777528896551543e-01
3.968201683173714134e+00
1.432514997709247284e+00
2.082726201859520287e+00
3.759433192556229653e-01
8.457761409421209464e+00
1.631901495720880169e+00
7.788012128148092961e-01
2.923099765272418327e-01
7.463937391013578670e-01
3.841502287620092715e-01
1.373073554548284925e+01
6.333114925656843086e-01
3.753118946890385832e-01
1.622475037494049532e+00
5.443854551329703639e+00
2.268122516408191736e+00
4.499892304559971468e-01
3.054298502797840875e-01
4.732840278512762566e+00
4.209105100615971318e-01
1.682127208458934042e+00
2.794365748079195022e+00
1.574805349832570034e+00
3.350968553990886223e-01
1.584278339674973779e+00
3.311991372380373444e-01
2.037633501324614405e-01
2.340689572670845653e+00
1.137160417951371016e+00
6.039000544762788136e-01
4.896995987712138843e-01
1.383314042523394516e+00
2.449617018239955701e+00
1.110527705566316969e+00
6.463921648081447202e+00
1.399166078739485508e+00
3.875918295504561795e-01
1.370644364870443610e+00
6.579652938149465946e+00
2.127721510395509608e+00
7.137979680066895982e-01
1.287595874925179684e+00
7.254350269200511292e+00
2.228355387856228553e+00
6.300437697768619394e-01
1.295358649977996768e+00
4.218983586957227305e-01
1.008840566620156309e+00
7.765383780131230873e-01
9.762810089465787655e+00
9.054575344768751588e-01
5.906462876483753455e+00
2.527614673948367141e+00
1.762415970340435178e+00
1.742481729368760002e-01
4.236544071629588792e-01
1.489092528920497926e+00
4.924010216278295049e-01
4.620489353534504851e-01
3.157982411449374860e-01
2.443853813918928364e-01
3.791627431162209128e+00
4.799893063304247676e+01
2.685410946485629502e+00
7.957515123156833070e-01
3.712418823460086337e+00
2.461981063801031322e+00
1.557010839109793432e+00
4.780093518993961399e-01
2.387000666752580269e+00
1.652907035775860178e+00
5.292614986997241644e-01
9.325763173639340931e-01
6.429582339888516573e-01
1.774670864302934525e+00
5.465793951522747163e-01
6.106523513089441302e-01
2.143207259508264073e+00
1.423695833395382249e-01
8.970016654188228689e-01
9.902130109010245373e-01
9.022621816098138625e-01
1.195995146462166980e+00
1.679819378408132025e+02
1.584244432739141839e+00
2.577808582329734310e+00
1.966982546364606677e+00
4.812863176694081591e-01
1.277465343253881280e-01
1.321555658933467381e+00
8.461882955619489666e-01
1.157773345760519268e+00
5.609334723442541026e+00
1.213698140348505428e+00
1.809602404105004725e+00
4.473212753489210214e-01
5.398142892475036980e+00
4.715234780415054061e-01
2.958121902594115227e-01
1.735407302420444997e-01
2.544461154126169689e+00
5.557180745317202852e-01
9.204859051656232305e-01
6.261069968963455246e-01
4.230121145915423098e-01
1.489840298689079079e-01
6.206755251733974132e-01
7.340495944942008189e-01
8.957397612304720536e-01
3.088748863171095760e+00
5.814107429040206165e-01
1.264503875755206064e+00
5.702659251305969290e-01
1.024838841598366024e+00
1.587241964511495018e+00
4.771709267058760195e-01
6.792404341237469056e-01
7.396939154283447060e+00
6.262972905124482015e-01
2.722769753461168563e+00
8.662832773324250502e-01
9.917071696928121405e-01
9.457047604351750181e+00
4.142676298392648171e+00
3.492073728830967561e+00
6.532098018639047599e-01
7.702406280646357795e-01
2.993755371748379801e+00
1.176063030340495308e+00
1.067488124078862510e+00
4.145073797418818984e-01
5.738628402265348871e-01
3.220803498718550206e-01
7.782056015017908557e-01
1.321596290673940910e+00
2.213949380225705088e+00
9.397847795450121611e-01
2.302203754244786627e+00
1.088493695935494276e+00
9.460173536322665777e-01
8.226571039434664723e-01
5.622962053575158992e-01
1.261561178960929619e-01
4.881966584812998944e-01
1.421146519051514678e+00
8.607927340008009187e-01
3.768354827496774639e+00
3.674362359947649925e-01
1.240974050052796152e+00
3.230371655624794336e+00
2.475896726281988869e+00
3.786565098210319391e-01
1.167909200783475265e+00
4.674497317586476797e+00
1.744260433431779944e+00
1.858460491505784518e+00
2.579864001831921438e+00
1.081224998423331973e+00
3.549717567120356243e+00
3.113042694163523638e+00
1.411442684229738731e+00
2.475205775737061575e+00
1.784789890411599078e+00
3.012046314154350757e-01
2.792948921304128529e+00
2.459333592785813760e+00
7.083962177122120174e+00
1.015565125885012465e+00
9.652294239990194535e-01
7.321133029432819406e+00
4.182036281825704194e+00
4.385984186413814379e-01
9.409305852328512243e-01
1.584195409544229549e-01
1.128241361486081340e+00
6.480717782298992091e+00
3.565997337347969198e-01
1.171180746854621590e+00
1.352692740054456833e+00
1.791935359616677159e+00
1.754279787308948291e-01
5.936016437727649198e-01
2.535675746880579062e+00
1.482630456568215127e+00
3.754045672216146379e+00
6.543938378509439602e-01
4.672884600656579401e+00
5.901704239005059804e+00
5.796536354230883425e-01
2.180748861568707841e+00
2.459421148267290747e+00
6.216565352363817576e-01
6.966153530674256800e+00
5.431394965703675304e-01
6.128355024741287238e+00
3.878264963771637319e+00
3.299635414711660886e+00
4.388959577691695202e+00
1.164686742793622054e+00
9.658566029508728334e-01
1.435951661036131810e+00
9.479178980445751579e-01
1.987806390521005495e+00
1.461113318039918507e+00
1.774676639957584712e+01
5.669976397304066218e+00
3.357336683634110086e-01
2.180495821545298529e+00
3.280398332653028159e+00
1.690859297117853188e+01
1.130802159085277658e+01
3.214912522094096392e+00
9.070868673482895828e-01
7.307942585350238218e+00
5.966362389226531171e+00
2.146902678694210209e+01
2.345826960618453860e+00
2.386033172348802633e+00
2.454446993925745168e+00
1.010999533943712780e+00
5.697764874078774078e+00
2.097322991412460702e+00
3.091434537601077004e+00
4.952498547352939262e+00
2.112291117832213416e+01
1.253597657559830880e+00
2.310043596736886862e+00
3.764005490707617252e+00
8.693531026737711942e-01
4.733726843811973950e+00
1.266740452141714046e+00
6.659900092508077574e-01
2.368838796402670699e+00
1.129295291171376281e+00
1.542925865194302526e+00
7.809729569706299612e-01
6.554353051425141352e+00
2.338098150211771653e+01
1.151530599479803518e+00
3.316327838199825795e+00
2.325053351349695596e+00
4.820296538787117724e-01
1.682193266701215162e+00
3.164573158753628235e+01
3.134703420192500367e+00
6.742492565953595474e+00
3.644304975793380974e-01
7.295020689674317493e-01
1.080228126821268653e+01
1.684412581693187638e+00
4.303868618810331448e+00
2.663122763225838519e+00
6.279880075708182963e-01
1.236096535362041449e+00
6.070912345910304708e+00
1.880210933470063628e+00
2.920368556291748963e+00
5.109809005275673943e-01
8.202063537731127951e+00
1.621500589517588464e+00
2.037081976914067560e+00
2.014462613588561712e+00
2.259249314739416814e+00
1.912282914070589035e+00
1.923456910171839951e+00
6.130054347509526380e+00
1.700126441243804631e+00
1.036149719731553676e+00
1.337050006264565383e+00
1.507169677136477093e+00
7.536212644924678017e-01
1.537237689015575448e+00
3.494990334152440425e+00
9.918836531331105988e+00
7.591192576553089655e-01
8.557535291156719737e+00
6.865631738340743695e+00
4.239011877846995624e+00
2.300049633431275053e-01
4.643297351121984384e+00
2.679561282777768838e+00
1.299065279214499657e+00
5.999493692390248656e-01
3.299739806028184397e+00
2.087693432220398826e+00
2.169630110027257253e+00
5.733620695594923156e+00
1.830115314394413772e+00
2.938857582851608363e+00
1.917086345482998500e+00
4.706654937696452823e-01
1.676287165806961132e+00
4.306897467253365974e+00
1.610907905382750194e+00
6.511256812097054869e+00
1.653310934701537782e+00
2.252394279376377817e+00
8.232629273709821671e-01
1.405780518170954174e+00
8.491980286358776553e+00
9.532209398753623830e-01
1.124145991250997234e+00
6.305307468132088644e-01
5.172905256460670342e-01
1.304564800402297831e+00
3.713677842795731987e+00
1.203538006072610678e+01
1.652121022777249149e+00
9.278446369049642151e-01
1.709331010181276422e+00
9.018887255232129752e-01
5.427227404133160293e-01
6.334126672613561437e-01
5.907065531757073051e-01
9.680505537872158284e-01
3.647375787399249614e-01
1.639687363503878892e+00
6.007037378421342666e-01
1.195064885540439770e+00
5.180874441555222809e+00
4.680778766950331460e-01
1.077129809256333504e+00
1.533946580240848290e+00
2.325498341233555699e+00
5.312648311601122497e-01
3.997430643649311222e-01
1.684737382483540769e+00
1.088025085258842672e+00
1.352589311777043335e+00
1.295377590895914199e+00
1.688351648281725792e+00
1.174036597791318526e+00
3.292148327209866721e-01
2.580529161489931056e+00
7.006525642300898138e-01
2.239421956596218344e+00
2.157778274272878161e+00
1.446475246598840947e+01
2.781981284566775958e+00
1.042379387793641143e+00
1.035876162807047640e+00
7.987761055117275077e-01
3.171307519972207944e-01
3.175894806334376153e-01
4.760157577081294278e+00
1.265826978434139605e+00
1.843546938307516925e+00
4.288751128092952669e+00
4.753263663897542735e+00
9.202466717470986213e-01
9.684775728718321153e-01
8.950538964728078639e-01
2.064461496240959981e+00
3.893766907025632218e+00
1.209777867287318065e+00
7.633414682055992273e-01
4.140665269266546211e+00
3.164731798964095066e+00
5.205197702651450653e-01
1.217305979729811805e+00
1.015641708610369454e-01
6.098159420494221550e+00
1.934801979756488821e+00
2.218403471400261395e+00
4.778949131851201848e+00
9.499806980376045429e-01
6.709996936788358290e+00
3.074067672017487540e-01
2.304325057025006451e+00
2.162768334463040620e+00
7.005389657118201718e-01
1.402266840656939184e+00
1.901993701025327166e+00
8.134790875570905300e-01
7.246696758568107466e-01
1.966686883406265407e+00
3.823835240076697506e+00
3.899595271419754816e+00
3.542158431240228111e+00
3.674514530372308130e+00
1.638622675533305761e+00
9.126660324715816230e-01
3.147431622428507492e+00
8.779990195276309306e-01
9.060213842581851251e-01
2.410648629698982415e+00
1.878165584427629042e+00
1.099237885908722401e+00
3.627798194228101791e-01
1.455344865118103925e+01
5.932131317082606214e-01
1.087965727552460393e+01
6.931118912895393613e+00
7.775218643645961381e-01
5.104210687161711668e+00
1.976776600840546960e+00
7.823852807541600285e-01
3.410345019552084977e+01
8.689446847422906961e-01
2.169215964144235187e+01
2.517469836336554412e+00
2.007028506333465856e-01
9.451229723271440619e+00
2.561024006909484174e-01
1.229377362087057790e+01
2.518748300968609577e+00
1.138300187617003578e+00
1.085488346166405993e+00
3.049529399256105666e-01
2.470761016335568661e-01
8.279045265634396245e+00
5.269355567099248683e-01
1.268879609341400094e+00
5.087114608069526200e-01
1.545898205088818145e+01
7.838200237158789996e-01
7.125217261025160731e-01
6.462567181609611966e-01
2.394322684534354551e+01
1.438433084530300332e-01
4.592342765315231112e+00
1.841237005733028065e+00
1.773327183408616836e+00
4.293675150227910797e-01
9.442019436257096388e-01
4.825258650871254162e-01
7.431933730214094425e+00
1.395643390567119058e+00
1.665828691521534344e+00
7.586734044125008625e-01
9.404743122832764257e+00
9.815897736024700393e+00
6.952366251439284772e-01
2.503603084121060363e+01
1.482533884429323878e+00
1.798145262445208914e+01
3.381545923222015748e-01
4.067907832597148499e-01
4.294821342892493621e-01
3.890605850789463638e-01
5.947924951278977801e+01
2.924881618996302834e-01
1.153059531898283252e+00
5.482587360597713655e+01
1.889283356254003721e+01
8.097537406105702606e-01
1.015736472027428450e+00
1.027076312127577662e+00
3.041995860211460112e+01
7.167319767478392833e-01
2.299791307557625952e+00
1.046205720597648048e+00
8.026215978601785039e+00
1.072986270634546324e+00
6.290232805910589420e+00
2.166717685116854142e+00
3.823434410901191960e-01
8.775393268186247875e-01
3.901493648391475055e+00
1.314457484004553756e+00
1.611532220105796753e+01
1.124089356611086110e+00
2.282277184249239088e+00
3.316394001291066473e+01
1.533637535631276583e+00
2.048764649381211278e+00
6.673594307204507636e+00
2.851636510913451161e+00
1.386679061319769346e+01
2.464745641688746436e-01
1.040874325177373372e+01
3.011494973230891548e-01
2.335176063984865102e+00
8.233351115150879806e-01
8.210669524035711930e-01
3.990301677750230924e-01
5.007858690015704051e-01
6.886003124252293439e-01
6.064898253178506060e+00
7.148934561927339359e+01
6.049936731713885241e-01
6.063113056064145523e-01
1.041622399709902247e+01
1.918247306566566168e-01
1.387536137671470327e+00
1.224543296711672546e+01
2.770733811802886137e+00
4.993002127660491674e+00
1.777316998055649577e+00
1.704140916896169644e+00
2.113695936554974342e+00
6.576623088051197108e+00
6.037112057719045133e+00
1.249021344119623844e+00
1.725811666390598305e+02
2.085362703401905549e+00
3.712450099534992720e+00
8.414763985763627829e+00
1.510325511609740268e+00
4.439774055416597087e-01
7.375428757049065087e-01
2.156234336312055522e+00
5.015343646572156366e+00
4.719068964654536735e+00
7.313753022075148102e+00
3.071548369276841939e+00
6.106028547662498696e+00
1.731907974938838635e+00
2.763916326939717116e-01
5.467124646404765365e+00
3.362151566113524837e-01
3.750227814865193521e-01
7.079677286683452309e-01
4.283224021167571394e+00
1.111652623862558897e+02
4.275147260817749206e+00
3.685690280967738097e+00
6.853724294904902870e+00
6.215166044194220252e-01
1.377546879328248686e+01
5.650270390658538311e-01
1.031897501983931820e+00
7.127655770997576301e-01
5.636650497082448252e-01
9.764113152797717632e+00
6.229293162296604791e+00
7.427890147337904203e+00
1.811102846870641825e+00
1.777281948030089431e+00
7.407748343260770474e-01
4.954062540866410735e-01
3.557690226695480740e-01
2.030710544972205156e+00
1.738589089035826651e+00
1.888743106114744830e+00
1.400793488818866450e+00
2.269460862586397099e+01
1.304452989301115307e-01
1.362929762919403061e+02
1.960902087593626497e+00
2.638426168392287607e+00
2.786124132050382229e+00
9.749983200532648553e+00
2.772579138763080042e+00
6.804285695921605814e+00
9.478715113916368062e-02
4.353837690431443974e+00
5.526035596779426129e+00
4.283452864034527074e-01
1.111548308783311345e+00
1.242778181673572346e+00
5.245814545602224932e+00
8.226902542838415044e+00
1.135281255939875278e+00
4.278972480904180142e-01
1.574036025909110492e+01
7.355049995829994636e+00
1.605010600579145130e+00
1.532072601813862622e+00
1.742444692560657771e+01
5.130356610921210425e+00
6.654285768660486156e-01
1.472707707295874746e+00
1.050319540317294242e+00
1.547566506549033161e+00
3.453433642800776582e+00
2.717779379537679785e-01
1.588879041236502365e+00
5.429601274313314185e+00
1.694588492663466006e+00
6.053194060899493856e-01
1.150648633509284480e+01
5.230635908302775050e+01
3.093572912684699472e-01
1.229092714124909724e+00
1.179888763976159183e+01
1.431543948797863397e+00
2.422060078395774596e+01
1.270289914486032856e+01
3.225625709588809120e-01
1.943989723623273713e+00
3.606993313330421724e+00
1.368712155858234025e+00
3.803305834811092634e+00
8.186079489545927679e-01
3.877260472530234203e+00
3.432105070992861773e+00
2.497476737940949043e+00
7.337272170493193357e+00
6.285527892291438157e-01
3.325144284084560198e-01
9.577224646454650658e-01
1.068520852496290141e+00
1.980157949491339053e+01
2.021471789662319662e-01
2.459261317040112527e+00
1.162778994539463984e+00
5.505469896599118229e+00
7.475084349418307239e-01
3.406617321214576499e+00
1.972111387275774508e-01
1.475936279640142512e+00
2.218020710954319519e+00
6.290777738495636484e-01
4.079414674244199901e+00
2.962075429721882980e+00
2.517941944182352287e+00
1.499003951861440198e+00
6.148572935016538565e+00
4.267838142819498692e+00
2.547888161904948934e+00
5.767700456191083846e-01
1.598290501823032894e+00
1.994041489627490504e+00
6.291791060373581601e-01
2.639823279200592232e+00
3.050105561571629043e+00
1.218393204482992598e+00
9.454863086902863811e-01
7.646517361904063836e-01
8.111587369345475196e+00
2.794264678793298540e+00
2.931774322243251518e+00
5.674059946239743413e-01
4.074880898031101317e+00
3.507508857517315892e+00
5.532190772471009543e-01
9.941778293945892742e+00
1.857743780938972300e+00
9.282846810527750625e-01
1.747368195726789253e+00
2.014929877554421722e+01
3.790067659377096110e+00
6.949671814436007899e+00
1.673863459192088898e+00
1.874389191504122198e-01
1.481682839002278484e+00
8.981694450733089807e-01
1.159499880384531112e+00
1.615895598546860379e+00
8.820232786774672817e+00
5.990046385631512260e-01
3.191276503818664345e+00
3.157299782192166115e-01
7.019527718198043109e-01
5.050473373421446865e-01
1.329553706199562590e+00
5.093999124033781190e-01
2.675506142144720712e-01
7.392027616629960995e+00
2.986362602357495177e+00
2.513555172467890397e+00
3.104026661583689228e-01
1.511128267288449933e+01
4.892078896659470821e+00
1.076531553535591268e+00
4.067809026781132320e-01
4.916735026361372718e+00
2.475028064918041171e+00
1.015415239111399082e+00
3.577571163374098973e+00
5.053294507780480282e-01
3.088855916722737405e+00
5.943090453380064364e-01
4.179251284722019122e+00
5.850858453372268286e+00
1.855365923528860650e+00
9.409885711601330138e-01
8.170221398258719958e+00
1.342652312004019688e+00
8.411635163116617520e-01
7.908408507321190717e-01
2.542016064490682403e+00
4.980627290307268140e+00
1.544133912894383398e+00
7.695897895640989583e-01
8.352698112851520973e-01
5.627198016396085301e+00
1.504723140931920167e+00
3.795568341139199831e+00
3.610022385256942967e-01
1.188167437048528186e+01
9.109020823255574717e-01
5.839820865170687325e-01
5.030889551033177476e+00
2.806301295466297585e+00
2.548061874194060827e+00
2.347957873302963794e-01
2.624586463361125510e+01
1.138852118996730312e+01
1.062306728608448658e+00
2.891933241461066117e+00
1.608385037070309664e+00
4.404546205208904830e+00
3.494345776638654866e-01
3.384117995304616877e-01
1.414059859585166334e+00
1.983394880808406313e+00
4.272408554534959713e+00
6.733377362334570515e-01
3.235516737069617843e+00
4.978866830553226874e-01
6.990175697743429284e-01
9.384348695785761363e-01
1.126683277661152394e+00
4.852824452840164504e+00
9.806392750792165103e+00
1.076739147982489264e+00
1.121390562816571901e+00
1.262989174749262533e+00
1.291138941220972169e+00
1.520731869039510631e+00
2.294847118239681905e+00
4.296629625052264534e-01
5.612237038979569270e+00
2.571983903434410301e+00
9.336410689053071810e-01
1.529330735812042263e+00
1.979210003320215350e+00
2.889403443205209587e+00
9.903659414014415185e-01
3.439170145457171035e+00
1.969534496071704055e+00
4.898313038377022366e-01
8.854319545305660455e+00
7.679085125628049902e+00
2.780874303897405309e+00
1.252757068691141562e+00
1.913140550627778769e+00
6.380439815184719698e+00
4.076233890277944028e+00
1.873527078359330966e+00
1.490934763326329904e+00
7.079517120686865672e-01
1.152151755002671640e+00
2.466085002063584941e+00
5.586770938531562258e+00
1.911296916268979906e+00
4.506410028470710039e+00
1.176104228342750968e+00
1.457287506989744630e+00
6.660705862305845715e-01
1.012419955172138980e-01
2.842240429161782433e+00
9.297745534101420350e-01
8.207498645647165469e-01
2.107279827451957299e+00
1.102882615171834280e+00
1.620631072713193621e+00
5.995618802862139773e+00
1.180771248732078282e+00
1.864645337956771565e+00
3.575759338174663071e+00
4.084936229244932271e+00
9.247756836061224561e+00
2.120279847894317893e+00
3.221469268816273268e-01
1.924456878102128732e+00
8.822960400712920315e-01
3.058514411816185774e+00
3.622493392530838463e+00
2.878781315890583947e+00
7.054897545522505808e+00
4.647023166415388262e-01
1.759273403896799204e+00
1.769592270110938337e+00
5.428304444956062014e+00
1.109465012371219972e+00
5.421160708182042320e+00
3.774609397302222114e+00
1.967939188543246898e+00
4.019592736756253615e+00
1.156690239151404676e+00
8.678049054479973767e-01
2.296815953849561165e+00
2.313476163625876936e+00
3.113075174566615200e+00
2.968454817597566464e+00
8.601279085320243212e+00
2.408251760788675089e+00
2.355662089104738843e+00
1.580303424128593370e+00
4.442276738120426671e+00
1.768548300113623961e+00
1.721857575433596077e+00
1.236185036678403071e+00
7.003364913205020414e+00
3.529967708301716023e+00
5.996847449273454700e+00
1.029078724878772277e+00
3.998582835400263935e+00
8.771459966076378123e+00
3.521987875431503046e+00
7.177326730065686888e+00
3.667781656578790184e-01
5.353821876225003606e+00
9.732527486032708453e+00
2.731509942806793045e+00
5.631961802057978694e-01
4.670034196120101733e+00
4.553369412778690339e+00
3.099972097920538960e+00
7.753628238151840435e+00
2.502203889378710855e+00
2.436074677848255821e+00
1.317856659229334371e+00
2.365881083064589330e+00
1.121561599382894414e+01
6.439435302217626500e+00
9.511220856390243839e+00
1.763975234253759128e+00
3.314981940074007705e-01
2.114971726507967720e+00
2.648814320800668032e+00
6.686996789071740110e+00
2.395051107509358790e+00
1.808776690839325463e+00
1.510465996102106523e+01
3.430148360757792059e+00
5.752538448460227549e+00
6.548452866038071640e+00
1.407591912889307739e+00
1.931130372994884992e+00
6.458009288546534776e+00
3.370148245881110949e+00
1.645198835212596933e+01
1.894238044970730428e+01
1.176182984060423486e-01
2.905890083913009736e+00
6.773864024369747661e+00
4.905131836267277556e+00
2.748800518193240006e+00
3.355111917939718413e+00
7.785170389185047668e+00
1.509947419456435735e+00
2.174196516341206031e+00
1.762404193390176488e+01
6.260290092383171690e-01
7.558437224905620866e-01
5.135004527663051377e+00
4.381981209268982269e+00
1.586507571498832148e+00
3.193398548583655483e+01
3.286658206671888571e+00
2.711717613803459326e+00
2.355257346546122399e+00
1.744890735812558491e+00
6.034537970800245787e+00
7.559747574404794834e-01
2.103371590700069405e+00
1.005531159393007457e+01
7.062240944529309949e-01
5.403992404835066488e+00
3.719720309435460504e+00
2.734679075749340882e+00
1.036637958181388042e+00
1.203374470863489698e+00
2.073624866889382634e+00
4.604257073310951576e+00
1.113685874623498862e+01
2.230719246110830056e+00
3.527129011028635297e+00
7.696447573228011763e+00
2.590267323674468436e+00
1.629703252909819255e+01
1.016868394352953509e+00
2.837189298268560478e+01
3.406929251360207189e+00
3.344922217594876912e+01
2.998141082752589170e+00
5.861920496525403479e+00
2.522977158270343967e+00
5.856006655965900087e+00
5.241488705548639215e-01
9.216935079797492492e-01
7.770659277458347169e+00
7.528984353624744941e+00
5.829600857889040144e-01
3.669291078066274192e+00
2.760903237089549211e+00
3.136614172875892059e+00
2.602556650471327337e+00
1.839759636657092079e+00
1.433222720532782768e+00
1.730312414018017053e+00
1.450606089815672073e+00
1.285669753788605041e+00
2.969914995177694195e+00
1.857290730641829146e+00
2.773052403344666850e+00
3.132975229089124181e+00
8.502253828224236587e-01
1.273339654701528323e+00
3.559065486833848269e+00
1.604271783055238654e+00
6.479833499821047171e-01
3.702159672269474289e+00
7.008100108470951550e-01
1.515009255287988132e+00
6.586393703504431762e+00
1.921308292357139402e+00
8.081017154678095116e-01
7.894345660375405860e-01
4.127249934195533321e+00
4.078002701601434410e+00
1.539604141367762580e+00
8.308279081309278169e+00
3.668902107236849952e-01
7.110218353250486345e+00
3.187917134832693566e+00
2.638235605478839396e+00
1.444914423921433233e+01
1.943811959187030647e+00
3.478569699924193070e+00
1.243809970902273632e+00
2.300557374982304282e+00
1.856116936662025818e+00
8.633983697338126762e-01
5.428939463099212714e-01
1.408448270496514665e+00
2.721905812355280396e+00
7.528471715350914195e+00
3.637599048616507180e-01
1.511692560024248344e+00
5.032637298992543862e-01
8.348991593644609077e-01
2.623326189721321144e-01
2.317862314682293534e-01
9.782187625241371975e-01
1.351196400187358648e+00
1.486544906786918974e+00
1.231166736876450285e+00
1.586239351071485393e+00
4.303515816760167922e+00
1.315014136045234761e+00
2.281623429244752366e+00
8.722279403690634814e-01
6.931146017050527908e-01
5.956526985953354725e+00
6.421613269502698396e-01
4.604791598351900106e+00
1.482148174902527149e+00
5.096245181958094506e-01
1.988215033784299202e+00
1.560827027194985561e+00
1.917259273283262067e+00
4.770533287990951443e+00
5.064742067935041447e+00
4.486157859565063077e+00
1.104193583878042340e+00
1.259674340525350100e+00
4.729600770242604613e-01
1.985853058669059035e+00
4.310658656656755738e+00
8.155292103093296774e-01
2.430017551681695753e+00
2.927959343481628895e+00
2.907491003821347952e+00
1.082973269432548014e+00
7.254570825425403768e+00
1.100589524465645619e+00
2.086660133617669555e+00
9.717743757308495711e-01
1.068187100403483303e+00
4.505429810946088853e-01
5.324635941568250708e+00
1.096082032576846943e-01
2.986736697361789261e-01
9.295508953854552114e-01
9.503600970213543775e-01
2.670698642927035404e+00
1.139714287715765328e+00
1.145991538361626816e+00
1.931756300806529270e+00
7.324410447889962983e-01
8.363552360246632178e-01
2.013024314481182575e+00
1.410048723819825600e+00
2.829848804377473659e+00
1.118142403902448123e+00
2.232990659318795590e+00
5.756325108033709448e+00
1.827431444626440582e+00
1.386728666288953082e+00
2.171726748310175203e+00
6.787276827026325954e+00
1.161151302540194052e+00
3.653357797293889764e+00
4.635327097371542693e-01
1.223810753704742016e+00
1.784996375212885455e+00
3.332556143564172069e-01
3.068967292521092016e-01
9.089824965534468726e-01
2.986449229589062115e-01
1.523160343459054644e+01
2.368674096292409104e+00
6.348643318234350463e-01
4.491047761297743968e+00
1.325611992641696713e+00
3.778573958131476562e+00
5.057006394619724121e-01
1.661453955943042349e+00
1.360375999647142065e+00
8.840107903054355010e-01
5.807927666820686952e+00
1.787352381849353078e+00
3.243516421650461945e-01
1.870777244672800599e+00
1.214764448620904602e+00
1.649279102442691824e+00
6.870380933667406431e+00
9.288685162499293213e+00
1.058228523042769265e+00
2.051040374728306581e+00
5.203045740853154300e+00
2.833948426530193410e-01
5.670356453672762420e+00
5.188692401147422473e+00
2.716282087538732792e-01
2.466139497713923656e-01
2.816942233993697808e-01
4.287119104748742693e+00
8.091827777778690667e-01
2.256915617715273825e+00
6.531252836782955207e+00
1.097036552239211593e+00
8.235280068559225342e-01
8.680591890417735934e-01
6.542374304997756740e-01
7.179349491412921891e-01
9.775555128167539021e-01
2.273148673985963875e+00
1.443305442136657346e+00
3.538230525392438985e-01
1.726884988655525310e+00
1.659378834921815704e+00
1.806426184432415427e+00
1.047008696978877218e+00
1.147452872782890987e+00
1.444863344853472231e+00
2.691097330792147968e+00
2.702465815607415500e+00
2.005509870672750328e+00
8.873136101278068510e-01
3.738496044218398762e+00
9.021651284983174257e-01
6.637749664458289622e+00
2.272175846447088698e+00
6.750860685575098552e-01
3.276336138665219444e+00
2.055559595266923445e+00
9.992272790364338242e-01
1.467771301034703768e+00
1.784909004089430207e+00
3.702866336311097406e+00
5.357671409058499812e-01
1.741370201838867704e+00
4.225482752849497814e+00
1.920574063521419406e-01
2.134008599146145713e+00
1.324196997703484646e+00
1.093100177730467415e+00
2.997815080285530787e+00
5.914102064575684770e-01
1.070387750045602493e+00
8.555634235211839744e-01
1.429221435175511701e+00
6.955331405745862616e-01
5.113918577079457073e-01
4.720801853044131136e+00
2.981023288285048700e+00
2.513475251555609802e+00
1.127832066623740470e+00
6.243834688437558178e+00
9.289560398272755926e-01
3.535640165807574231e+00
1.965959949821801889e+00
1.150156776326620722e+00
2.991400520516273698e+00
3.613171576636762250e+00
1.125329589626371529e+00
1.360118593543442111e+00
7.514792706066201200e-01
5.460939920062518382e+00
2.284608775639207057e+00
