6.379589615527332391e+00
8.509759777239819911e+00
1.010649310124776434e+01
4.558386365879963265e+00
7.111588960754401967e+01
4.155007822643078441e+00
2.649062091246235706e+00
2.232016832014641405e+00
3.919019339909451727e+00
3.025404849519910400e+00
9.273395388747124324e-01
4.061120155114811503e+00
1.386588211284487393e+00
9.320966765316777369e+00
3.377394078124555499e+00
2.050486147688753391e+01
7.712112769071313600e+00
5.082185910138001361e+00
1.870165522960756777e+00
5.765882909318120753e+00
1.035662342545871617e+01
4.421993746361524202e+00
1.645428334255383040e+00
4.596494668583644305e+00
4.715515849018441230e+00
1.706486324306829339e+00
3.406853591200495579e+00
4.232205667207693978e+00
1.805711119703246492e+00
2.502852370183879405e+00
9.483112299786156107e-01
2.440538691645641745e+00
3.096832632202680013e+00
6.289488264016782182e+01
1.764102919102486400e+00
2.268588932460805907e+01
2.403181120798367232e+01
7.352155073585098677e+00
9.426221072963164360e+00
9.349346851892256893e+00
9.813377737650085919e+00
1.063868087022752107e+01
1.807283127395693301e+00
4.668894946712446092e+00
1.000633159047477605e+01
7.842351497746039790e+00
1.429735120004871263e+01
1.821281561398045090e+00
1.384426128055099792e+00
1.424928269595915120e+00
3.649563361720908450e+00
2.007775161808104780e+00
7.358944218723509678e+00
2.795951135189749248e+00
3.017774788966020250e+00
5.873705914791687022e+00
2.492759180921551021e+00
4.000878842328784657e+00
8.234505299647322474e+00
8.717512071333730717e+01
3.459583549311813222e+00
3.886712521042949842e+00
5.539355118478868967e+00
4.836469901490175971e+00
5.910013458377400219e+00
6.540508886136772837e+00
6.254071167674371878e+00
3.636162507503032515e+01
1.808597513844032889e+01
4.448497771827717884e+00
3.864916214520984106e+00
6.485418787858128198e+00
3.433238225484746220e+00
6.540376920332324318e+00
5.814426484681595175e-01
7.206377294798838484e+00
7.913666442655506117e+00
1.607439603602334399e+00
2.884924480000203406e+00
3.513124592340602259e+00
9.173146663471241524e+00
1.161724589519544493e+00
5.698817784803316755e+01
2.247430141311054452e+00
2.468502103431450934e+00
8.944771557271523932e+01
8.108368437432089237e+00
2.959753242578251431e+01
2.570150071140544057e+00
2.933615627476407361e+00
3.806162934681319054e+00
1.835503316873455582e+00
2.118431186309860603e+00
3.131663347777710715e+00
2.939041216407400459e+00
3.897570206741501675e+00
5.265827649660748122e+00
3.527952873242516940e+00
9.805022075471894638e+00
1.809637601955013553e+00
2.723384056130900621e+00
4.880374157567153759e+00
3.702596838955147796e+00
6.910862350274780574e+00
2.767992294175259271e+00
1.917868085908580822e+00
7.391017580390951913e+00
3.213731906298701091e+00
2.548092683076255938e+01
5.188202825043710220e+00
7.458106630488124722e+00
1.852138548281256236e+00
1.100995350044673238e+01
2.052819077741922627e+00
4.198779705116184147e+00
9.886820531545509327e-01
1.518979926930236601e+01
6.456816000133144939e+00
2.049393208052256110e+00
5.877137896687692376e+00
1.608601353339755402e+00
6.238399962979363167e+00
2.273280297173491338e+00
2.088334259172040674e+01
1.412088760561332368e+00
7.311435865376830767e-01
2.670187691609673841e+00
3.477628295844980233e+00
1.517823070890326598e+01
1.399680155231997070e+01
6.497394093509915258e+00
1.375651220062094504e+00
1.316776659351112544e+00
1.514318515547546973e+01
9.540869178310079235e+01
1.961556219245826682e+00
1.107654651946713198e+00
2.772902264784482096e+00
1.701049296057480342e+00
1.669332008182057514e+00
1.066098318610919193e+01
5.937296800558491405e+00
1.397152040020735519e+01
3.622010081204059873e+01
4.089779996533176920e+00
1.092731647148032259e+01
5.680703137618422716e+00
3.758736545662062500e+00
2.258883092358514144e+00
3.684597588797625445e+00
3.698163507769468783e+00
3.333235689554374215e+00
7.457064887042866630e+00
4.176365419560036152e+00
7.450442660606264589e+00
4.650881676974933931e+00
1.770725116841354696e+00
4.560802158162795550e+00
5.646394639822139183e+00
4.022562844586747843e+00
1.356208937076004339e+01
5.993920690824181108e+00
2.385467073509644820e+00
4.387071928586934177e+00
2.646035438832329945e+00
1.039277737925181455e+01
6.770727718275316498e+00
7.323537191540856472e-01
2.818390835394779081e+00
9.048058196594423563e+00
1.510682971872171265e+00
2.092269603757389351e+00
1.149978357077065283e+01
3.912434044021559920e+00
3.074793215674004543e+00
3.639146808291982005e+00
1.549024213315197906e+00
3.020434890152896568e+00
4.328479431197472849e+01
1.517095765469571145e+00
4.271140905049986003e+00
8.932771571909694508e-01
6.339775123378972310e+00
2.230056637612259252e+00
1.441955796063354533e+01
1.184731574770537676e+01
5.602703374580135431e+01
8.485372595336856394e-01
2.864432241215364883e+00
3.123284924644920135e+00
5.505106386340780311e+00
2.752870899590142528e+00
2.048045581993680919e+00
5.035238236645539267e+00
1.189047684049034048e+00
2.584014455032147772e+00
5.575749850072312164e+00
1.274847698554949993e+01
1.378224310864071889e+01
1.644976341782357210e+01
1.132633241476050268e+00
2.189921659894029204e+01
2.291788930274129044e+01
3.909695302248030746e+00
1.957504920025427353e+01
1.159627703309147773e+00
2.763407168819139414e+01
3.884968675178550157e+00
1.171122149674646380e+02
8.555807689766643520e+00
3.609195486092404082e+01
2.064765885478749841e+00
2.694106314499326249e+00
5.054865863341721166e+00
1.238990532230000552e+00
2.085136209692310505e+00
2.306156368003386525e+00
3.723173150842681078e+00
1.456349494113626353e+00
3.919640830189229153e+00
4.063476142265698599e+01
2.233049188230338711e+00
7.514697631079993556e+00
6.949216150893540167e+00
5.495388341838330248e+00
2.252938790182836826e+00
1.814156181823880720e+00
9.929072881723554067e-01
1.348820579287650823e+01
4.699058801011743114e+00
7.866414344961422778e+00
1.085316348400240383e+00
4.832091233921084417e+00
4.550977612340255440e+00
1.569348081289846819e+00
3.123776835057409773e+00
3.155307161423654527e+00
1.498803015289741438e+02
1.011395633787922321e+01
4.887487118351194759e+00
3.757028508431909053e+00
8.681288097367135492e+01
1.293220664242399565e+00
1.333822176315067942e+01
5.975526221009200611e+00
2.291556283902006186e+01
1.461004723842635222e+01
7.663670547531754096e+01
2.610142192357133517e+00
2.638386880431539350e+00
1.574196677504645265e+02
1.707329592773160432e+00
9.420985677608645403e+01
2.149041559251764877e+00
3.456900218689893833e+00
1.408432501037735278e+02
1.046298085905481789e+00
5.990441990925011950e+00
7.165747060894788190e-01
4.366399631557235317e+00
1.572798638205574129e+01
1.411985609158698418e+00
5.267321835539908292e+00
6.023228529264487818e+00
3.258045229857135627e+00
1.524793573540943612e+02
5.823463743364508005e+00
8.607224823782834733e+01
1.303516608610095995e+00
8.948617541961420008e-01
1.081477357005252671e+01
1.704150585053185285e+00
6.320036713902808856e+00
7.316828658700295307e+01
2.324502732223285850e+00
4.518942288517926897e+00
4.783258323285424751e+01
2.400292628462094768e+01
7.377954418815517723e-01
1.189466268813287542e+00
1.612102289832483937e+00
3.445521835648032827e+00
2.811136427302925345e+00
1.606870492081981752e+02
1.547083626476209020e+02
1.301730529527447056e+00
1.708796526211259703e+01
5.959563116664145177e+00
4.917206824195071491e+00
1.290223929454214513e+01
2.385639310791527468e+00
2.978365617399595600e+00
2.028517629346187956e+00
4.042134685076287148e+00
3.956997088594343737e+00
9.586805059121406458e+00
6.614946484176767783e+00
1.749614795484342178e+00
1.640732984096653979e+01
3.299692682146655009e+00
2.731996973663524564e+00
4.317791343206750732e+00
8.019792920955790549e+00
2.313594621960931352e+00
1.116423753351081949e+01
1.300965225045435103e+00
1.185440478888228677e+00
1.750197943955975433e+01
8.147811299232399662e+00
4.688203139230456173e+00
3.333637302204071062e+00
4.941983274418091554e+01
2.333315524700111165e+00
1.885709300090137042e+00
6.037600400060263439e+00
8.326838166471945968e+00
3.604025653210169100e+00
2.568323677900236301e+00
5.306588236292393290e+00
4.210077638842480319e+00
1.147903607529333847e+00
7.106969267724377914e+01
2.640649727045734529e+00
2.568455395181161283e+00
9.215757323255125755e+00
2.131467834493022195e+01
1.555068427668155451e+00
2.517846329664542360e+00
5.692706910487998151e+00
2.688600924416514104e+00
2.157015278880875186e+00
1.244374348042411960e+01
4.298129735291206899e+00
9.499821269121879652e+01
1.542489588783654719e+00
6.636319890077313488e-01
1.680164767587163155e+01
3.160000253031096218e+00
1.020331738816808951e+02
3.373028784202524388e+00
5.957622449060092862e+00
5.766513109113907021e+00
1.190041756087356184e+00
9.140880502575410560e+01
2.435456173850878514e+01
2.548618033414667750e+00
2.691176602461758272e+00
4.720000570305324494e+00
5.814912352362841652e+00
9.656719830905371893e+00
1.799302679729127519e+01
8.653869435904571361e+00
8.605015570649657164e+00
1.539413226277460112e+01
2.078008988463196260e+00
3.821561893121335096e+00
3.336675351758290109e+00
2.539054455905968677e+00
2.725599402005818295e+00
2.983773163138275564e+01
1.558024784321626832e+00
2.723309937058002284e+00
5.484384953866030088e+00
2.071265337995234290e+01
2.357988828526679015e+00
2.452837068927961539e+01
5.492085820720455480e+00
4.924693550864280667e+01
1.453114768409218271e+00
1.670114647266807806e+00
1.450854283545773882e+01
9.582556593094423425e-01
8.966898105846401279e+01
4.483262093164343298e+01
4.057050659046097074e+00
5.448695197171516291e+00
3.306702219545758936e+00
1.009289373562782011e+01
8.583903016807279585e+01
7.621345832341527959e+00
8.348776026930497807e+00
2.013199532934610758e+01
3.228875216486600142e+00
3.621888643851738809e+00
2.466949211725098934e+01
1.237201234328472177e+00
2.642773099091896949e+00
2.066248015993707199e+01
6.980875074625504162e+00
2.367281750258792616e+00
3.607763657933871215e+00
5.955295870120750124e+01
3.221258930541115895e+00
4.283470435773259588e+00
1.514379472593593956e+00
2.327052099173451793e+01
5.501784039079697486e+00
5.365445560686402615e+01
3.395864457248685575e+00
5.935424456486908085e+00
1.375773782042959414e+00
1.841566758642131596e+00
3.802329778118596626e-01
1.212147554898542090e+00
5.181937404692452454e+00
1.725509377391853949e+00
1.639079776103309349e+00
1.142812824537619010e-01
1.993831637150292879e+00
4.238785617196839439e+00
1.563373612985817562e+00
1.225466685403287181e+00
2.874164638047191467e+00
3.798317011298387946e+00
1.043310580428919332e+00
2.302618701414854918e+00
1.386071232370287287e+00
2.158669350399672560e+00
2.066072135496611395e+00
3.480185257148641131e+00
3.925557070215396349e-01
1.607533654078404339e+01
6.753589100812581458e-01
2.169511288472897448e+01
9.629476929402985830e-01
1.842429542196325265e+00
1.753114474391497923e+00
7.232600702045567154e+00
3.102113838494843456e+00
2.423947449771182594e+00
1.958677739154067288e+00
3.597596119452633801e+00
1.174998824128679287e+00
4.409215972079027601e+00
2.472813797738360631e+00
3.367689370408259553e+00
1.194939745682397580e+00
3.623152387839305266e+00
1.829723766556798470e+00
3.872729449285806647e-01
3.117954120103178628e+00
2.875545567613095432e+00
6.196770777771875238e+00
9.894734139038271481e-01
7.896271370445762106e-01
2.536587255322445555e-01
7.362053689917788191e+00
3.421843462721301243e+00
3.541312582113585350e+00
9.758841959023286661e-01
8.516437804537120293e-01
5.249700120406092019e+00
1.168149923047961947e+00
2.752959867498290247e+00
1.175507938243767647e+00
8.764225051665967214e+00
2.529265427901434382e+00
4.122470241720147754e+00
6.023352410937103052e+00
2.528075277656478104e+00
1.699122214040615253e+00
5.668177277775967582e-01
5.869091569455651136e-01
7.884337996394478187e-01
6.915571110218632356e+00
2.745711553346656508e+00
5.235768961546143352e+00
3.831243227280574981e+00
1.462455592576677432e+01
1.908068842415510780e+00
3.847311292240802594e+00
2.539505924510851553e+00
2.576923610543121246e+00
1.338493353295045818e+00
3.616199441050599095e+00
8.779081397990595725e-01
4.072552626789555319e+00
2.822707112447730982e+00
2.237539987399044694e+00
1.781083028564341530e+00
3.508601073159537953e-01
3.395777704443998513e+00
3.865464202327923982e-01
1.307603917809573701e+01
7.872659018312399004e-01
3.946596628766728543e+01
1.903679013518272845e+00
4.584303536390301304e+00
3.859309303799838275e-01
4.672043351822297907e+00
2.707896228305201713e+00
4.229578505738382788e+00
4.456585450378065527e-01
1.822007574909345839e+00
9.825273663432849247e+00
2.886498668752240260e+00
3.441925693554723331e+00
1.804327042790509372e+00
1.315330028638677540e+01
2.902676859347670946e-01
6.310101275406783117e+00
1.731664450370916697e+01
6.375924077603464468e+00
3.211473653679595941e+01
1.989517237712823183e+00
6.489756286570816712e+00
3.284797699427174145e+00
8.254239739301599821e-01
5.110377220254183506e+00
3.922339714354013296e+00
3.957788634321438015e-01
2.397003837066745469e+00
7.036339998762811021e+00
6.727739926390885472e-01
5.011490604547812477e-01
1.775609546534718142e+00
1.310157877686537908e+01
4.054117270788862859e-01
5.419264099251412503e+00
4.783551896251360347e+00
1.201841212394280989e+00
6.387420787885861984e+00
1.250837150948199250e+00
5.905241561132716477e+00
3.590547299156868988e+00
3.623942485981179740e+00
2.636374270486626425e+00
1.619892898979071560e+01
1.736514637933879834e+00
5.711115977572057467e+00
1.017685220326315143e+00
2.921363308961435035e+00
1.615174820113796761e+00
1.277270864657043425e+00
5.121363888787040963e+00
8.458287566421334169e-01
4.155543101417516816e+00
4.947794865385952257e+00
1.198870152195403493e+00
2.770636255085601185e+00
1.970735840245748438e+00
6.006179284445696709e+01
8.745845440591359932e+00
7.024120673347023391e+00
1.224957915846718670e+01
2.301344169798008377e+00
2.588490677662409478e+00
1.243411641803697787e+00
1.448344013448518375e+00
5.759055720086683205e-01
4.685121507537258978e+00
2.909492053415465573e+00
1.811444335718977072e+01
1.274098586779873976e+00
8.352549194627409079e+00
3.319555273471796397e+01
1.151355113520167706e+01
3.806518293494280947e+00
1.622486926854296740e+00
1.474756286251271087e+00
4.543185292955536525e+00
9.682718425854469624e-01
2.060712553798321967e+00
4.882789746587046231e+00
6.815527390828195475e-01
6.089505399785353212e+00
3.087150959600814204e+00
6.426639434216650848e+00
1.181469450168368951e+01
3.427302547658739940e+01
3.505926588795845511e+00
3.597779925698509906e+00
2.121471876049652483e+00
1.547938673846179780e+00
5.260475022573278814e+00
1.605715506353873945e+00
1.997906507227684703e-01
9.585871310683758972e-01
8.544736766519032134e-01
4.480310450610165418e+00
6.080609929799348556e+00
1.140992367104143668e+01
5.542798809249315894e+00
2.825843240904538423e+00
1.616418458161205773e+00
6.571320580460465521e+00
1.099981141160719211e+00
2.732037586561216758e-01
3.942709202447821415e+00
2.927521121838355000e+00
6.322793552064333022e-01
8.798813682090927557e+01
8.098676789109607199e+00
1.125111648213400528e+01
2.909652833305272690e+00
1.594039916720908945e+00
2.318118432131217155e+00
2.497070683534697633e+00
6.831036165682941030e-01
1.195001782606932350e+00
1.588399949949253598e+00
3.987680677068157653e+00
1.872891779148075919e+00
1.507118608615756639e+00
4.145116379924298400e+01
2.388383655759101387e+00
3.318669708640692662e+00
3.570251150540376450e+00
7.070595899122468886e+00
1.970868759051260799e+00
4.514505213591947452e+00
5.989063260976520198e+00
7.033220601803437111e-01
7.876943194827401129e+00
2.241697332538333587e+00
3.868359291471097805e+00
8.989000917675030733e-01
1.396954644601132500e+00
3.608744558669787050e+00
1.271504937915199029e+00
1.211532323020302782e+00
1.510280520969047524e+00
2.175543819870684459e+00
7.736634647686488897e+00
2.079514127903590470e+00
4.654388800946487770e+00
4.420196772980817812e+00
1.578204202397021749e+00
3.457616682190437274e+00
2.929244087190208390e+01
8.768315731661224799e-01
2.414805273450039369e+00
2.307831569677480932e+00
1.122147817750246412e+00
4.940426691629388745e-01
2.606743565880892621e+00
2.431404350758000099e+00
1.031655205932165842e+01
1.435969577847264755e+00
1.483257107751033921e+00
5.233659411303495546e+00
3.010869146346236924e+00
5.295945270009799088e+00
5.520835341358644399e+00
2.036912861953275033e+00
5.367649505562188672e+00
8.439840304109052838e+00
8.797575890664283138e-01
2.241719802976789566e+01
1.040886655763489976e+01
4.133525012428668433e+00
1.451637552601370285e+00
4.124214999866297582e+00
2.111422819701162634e+00
7.288686475839091017e+00
8.859729252695476287e-01
1.765306776760828811e+00
1.120294698349486584e+00
1.985255737535323206e+01
3.812765560407018750e+00
1.208054263902696945e+01
2.511907038493839117e+00
5.736902446346795692e+00
3.247776759490066389e+00
9.544481421291433065e+00
2.857211564231011192e+00
1.596392585913113171e+00
3.328828406786821792e-01
4.238062774696174984e+00
1.559274442870604682e+00
7.914781672503107268e-01
3.027840684389147885e+00
1.339522413745641627e+00
4.698927605683865139e+00
5.060369400634241899e+00
2.344576373289079640e+00
2.865076227431780698e+00
5.829516940270480951e+00
3.495111209451316370e+00
4.096006998010493838e+00
8.453560632150469711e-01
4.280025092189226221e+00
4.776769752843986971e+00
4.158766979960462962e+00
2.167236087228071373e+00
1.360832519443700983e+00
1.805220033546693248e+00
4.299950008598437456e+00
8.899535592887243274e-01
8.403353924631478122e+00
4.809900700316044109e+00
3.777149489594486820e-01
2.003187395261680770e+00
2.684461112299717911e+01
5.974602598180298152e+00
4.873052832592709827e+00
8.902281705600618711e-01
1.702823098643916566e+01
2.031749268960417965e+00
6.649450388862768735e-01
7.310465348226702353e+00
8.053691725199351836e+00
3.308458304794269278e+00
5.580256878609631599e+00
4.831096913648026181e+00
4.111504256726895790e+00
2.252997969284091351e+00
8.213612058471868593e+00
1.499105729389238029e+00
3.066547557721358341e+00
2.801625333297144582e+00
2.948290104568772385e+00
1.051769656805340070e+01
3.427414188986585231e+00
1.588133443503310316e+00
2.411219557135688696e+00
1.589139506700309568e+00
1.538765814025391698e+01
8.638651226092903812e+00
5.468063009938635588e+00
9.948232673945330617e+00
3.469870770365893975e+00
1.551013925194452359e+00
5.118789375754175808e+00
2.326956561120778311e+00
2.719838568827254832e+00
1.782168371159056131e+00
2.953748933563064671e+00
1.122861460667577838e+01
1.238736997085485125e+00
1.116022745435649810e+01
4.811613003859888771e+00
3.792033540803545932e+00
6.430865281195441874e+00
6.562532623853655878e+00
2.608881653759148822e+00
4.862271978651647508e+00
2.584397230904346543e+01
6.797386251738224416e+00
9.376908078138745495e+00
6.003279085321549857e+00
3.254566047314543464e+00
3.323549838776949539e+00
3.652838502139919008e+00
6.379496098876619392e+00
4.423144411920590713e+00
2.510837819724278930e+01
4.279459428117087683e+00
1.445393047174701806e+01
2.061266776175444182e+00
2.402486399939692596e+00
7.779518405668411241e+00
2.434929988053085470e+00
1.684182819140115805e+00
2.597098063238199472e+00
4.392506398604940188e+00
1.555971448554273984e+01
4.856461566498096794e+00
1.096055865664930629e+00
3.547539984306104621e+00
2.818239411373194336e+00
5.157093791622317625e+00
1.668535358523949341e+01
3.095279606649413484e+00
6.555350120765439215e+00
5.977313647491859783e+00
6.509617533809008094e+00
1.207898167198811379e+01
8.783881376696429655e+00
8.839223276153260755e-01
2.088435136523224855e+01
8.879958859345965294e+00
2.366955045193875229e+00
4.715724914236077758e+00
9.999930683181609936e+00
2.825929630373157586e+00
1.180514383080413010e+00
6.155216992977912582e+00
3.449791370064730689e+00
5.569528510859009351e+00
1.312715236865423485e+01
4.285172830527107735e+00
2.815796799180092957e+00
4.502217089501101555e+00
9.747577684715519553e+00
8.208768613315205798e+00
3.417370569032137428e+00
2.880695471951684894e+01
5.624666120666279134e+00
2.086917378436815795e+00
5.095687488859962144e+00
1.111557450951584425e+00
2.144144295256801946e+00
3.031755468057966141e+00
4.430491595844085850e+01
9.884012482305996272e+00
6.771505076860249162e+00
1.376741241363119528e+01
1.581287261447127435e+01
1.696047396435221088e+01
1.624570786191452143e+01
1.225963352843850629e+01
4.312977831420659491e+00
1.383607966164811298e+00
5.020496945570401159e+00
3.006854623498638635e+00
3.539972829465632298e+00
3.458518512668469214e+00
1.430285567567612581e+01
8.633414155376071619e+01
7.129049038158225926e+01
1.200991074627568267e+01
2.305322675937840238e+00
1.926651850686657141e+01
2.623603622286451831e+00
6.754896980634027770e+00
2.212267130845901875e+00
1.109504999518647850e+01
6.615018788424796981e+01
9.717177539285910548e-01
2.547881364424049000e+00
3.510022227929766370e+00
1.505020772447929422e+00
3.298033783379324735e+00
3.822666587553156603e+01
2.054431870787566083e+01
2.929257523161076904e+00
9.520960390261087314e-01
1.105873714382564721e+01
1.496614375048938905e+00
2.795579196267416133e+00
2.819403894596633986e+00
9.482002317240711520e+00
3.708762814291182153e+00
3.278050027078831974e+00
1.913069918816998838e+00
1.219155708102981883e+01
1.054508939265110357e+00
1.208666160236309794e+00
4.496173899986550992e+01
9.839052107963590643e+00
2.877920384777705287e+00
2.503707421333941863e+00
2.888015549861149278e+00
2.493798092027406099e+01
6.246056444146178777e+00
3.804457028938239560e+00
3.045652818340911061e+00
8.614690425137840890e+00
5.783690825592813667e+00
8.360510888733428958e-01
7.798951427976721362e-01
3.992071122816445161e+00
2.816976846618683084e+00
4.816844125328156423e+00
6.059391403087348138e+00
3.365965463820703718e+00
1.805361698128620906e+00
4.172073543345309332e+00
2.121970387069788799e+01
2.988660698633274038e+01
2.498940502626203930e+00
3.424839101430344535e+00
3.839317177916421020e+00
6.349814076626258519e+00
1.134309022924010701e+00
2.202059004382105556e+00
7.946927472196975151e-01
2.013142138257220637e+01
2.035485534223954840e+00
5.323853343418124551e-01
2.025237768612505462e+01
1.622069003225689032e+00
5.507430247030022485e+00
8.710634796710060357e+00
1.802768366439462477e+00
2.470447560848896273e+00
1.292229435120816561e+00
6.801619981487267985e+00
6.113267827985376712e+00
1.226344334362397603e+01
3.818867174332045700e+00
4.118482059175878618e+00
7.008688267240210656e+00
3.159649451899190442e+00
5.285128883165794100e+00
1.990817384063438222e+00
1.398273527022712948e+01
6.846660178226426474e+00
1.920486774718615619e+00
1.806096835966965131e+01
5.202103912674113317e+00
1.975918948143234033e+01
6.122474369504718794e+00
2.291194104404503662e+00
3.687213858354507767e+00
5.556194455178875558e-01
2.211588989860556520e+00
1.955476690636479731e+01
1.591438582788145650e+00
5.644368128304665611e+00
5.951063578930291698e+00
9.641148286097401154e+00
2.066838131157108904e+00
5.727401432967925032e+00
4.590590661750202628e+01
3.317260841915265157e+00
3.632553882968702297e+00
8.314639338302962646e-01
8.284009125649605565e+00
5.116143036111724385e+00
2.098458453977852578e+00
1.739621267147493100e+01
3.582743868360688921e+00
2.622111649066994232e+01
5.002326868388877301e+00
5.242879425137040528e+01
4.482936338767922635e+00
1.575611789363874582e+00
4.578290032101410389e+00
3.179244815178701344e+01
4.724408567530086422e+00
4.405576521085115438e+00
3.455793840798547123e+00
3.326851741733063417e+00
1.379899982491774324e+01
8.640926096739390827e-01
3.442020017467268644e+01
2.916517367667883498e+00
5.348232508613271818e+00
1.774285883149586596e+01
3.394805685293516007e+01
2.156803551366300642e+00
7.174235052829805781e+00
9.936288773919045303e-01
1.615072428454182196e+00
9.401755383304030156e-01
5.173694589975579294e-01
1.455273953763030192e+01
1.798554606020162927e+00
7.917849022518531399e+01
3.598486407428181710e+00
2.507083507651572507e+00
1.185689286959239475e+00
1.099587461805431943e+01
2.301032038336711771e+00
1.797457147530043642e+01
1.195117109081303974e+00
8.206579925230831352e-01
1.301334002895601394e+01
4.935453946455565344e+00
4.253775537050613842e+00
5.457164826588699391e+00
1.565631436087168593e+00
5.282817084830131016e+00
3.137488599453656324e+00
7.250244466555249900e+00
2.211971809672015343e+00
7.416551676121997616e+00
8.155253139107339067e+00
9.697075387244933342e-01
1.810538498826782217e+01
1.885644866387124097e+01
1.536109648419319562e+01
8.555153232792740425e+01
3.253150327901393468e-01
2.006212506774677884e+00
1.495608632174485475e+00
1.334068416518300282e+01
1.565495000203389386e+00
2.648663752066071075e-01
1.077665702339214349e+01
1.640492534756684329e+00
4.480779298629478546e+00
2.009208955049155421e+00
4.692159432971304556e-01
1.373514057086424422e+01
7.579919978142276582e-01
3.713970028891851349e+00
9.160434682758257452e+00
4.416349336186810248e+00
6.153850922954796632e-01
2.283009937106404763e+00
3.191010553863879107e+00
3.924829381901193415e+01
5.915208227317251932e+00
2.619621978903534654e+00
4.410485371955450873e+00
8.711609157964126382e-01
1.543407227451903285e+00
1.909631115923957623e+00
2.408320457528505543e+00
7.158234560865508023e+00
9.396201164683272822e+00
2.311468121857049862e+00
3.740568991135487575e+00
2.355295486385825043e+01
5.023557165084418408e+00
6.273377654750490251e+00
3.204407622187950722e+00
2.272013160089311423e+00
1.909273104430535106e+00
1.157049511113557472e+00
2.402076567781944672e+00
4.241016094705471140e+00
2.057689306611386471e+01
3.135879034122083908e+00
6.399337502742390438e-01
1.550598578752572676e+00
2.193274021742216695e-01
9.031190015207182231e-01
4.241851523740733376e-01
1.637968745491109157e+00
4.230916586295061066e+00
4.724226941551808778e+00
4.095088013477137245e+00
1.533868990770041796e+00
3.899466068970284027e+00
1.668766634626013934e+00
9.642142808574009072e-01
5.433043118950827477e+00
9.804620079093453455e-01
4.075619575822729601e+00
3.959282863937516606e+00
1.089813407110283849e+00
6.485119599343592611e+00
1.088981981673855515e+00
5.058052905085193007e-01
1.831923273154625553e+00
2.151669467886329734e+00
9.328408995026896688e-01
1.865486446432506273e+00
5.357485504952105515e+00
4.130579368115425143e-01
3.610225662278075287e+00
2.762142825565314208e+00
2.663008015565728304e+00
2.030626824512181461e+00
1.341637656225480146e+00
1.793337657407926145e+02
3.425112597884897081e+00
5.658003676253186010e-01
2.573457234248522685e+00
7.608486971656536202e-01
1.341631599257588014e+00
1.520032038221280857e+00
9.290052717019985362e-01
5.051672620924664514e+00
2.134872988435166707e+00
1.333082044605506056e+00
9.412741650077144584e+00
7.542742179508069578e-01
1.233603321589284318e+00
3.994402947248514302e+00
3.106228294277746826e+00
1.684045206019109786e+00
9.698137483148256521e+00
1.888258834187376056e+00
1.155427002002673120e+00
5.154302107117407772e+00
2.465786293544873498e-01
8.202054701803146441e-01
1.336773637972987760e+00
1.471372554726367854e+00
6.008784985067764595e+00
7.952354487989042653e+00
1.511227132223137026e+01
1.834507666185354768e+00
1.380089745204501028e+01
4.672593631968477546e+00
8.152050666610358931e+00
2.652785095829964490e+01
1.366760344452947473e+00
1.399890996864589621e+00
2.028062736703497393e+01
5.561822711013832965e+00
7.612490929267390349e-01
3.449278194617607340e+01
3.112181741813391689e+00
6.715164439660105344e+00
1.483650494380752427e+01
8.201951633640405248e+01
2.339507363747024282e+00
1.419848777129248729e+00
1.962056281422391635e+00
2.612739479153007416e+00
6.490638741886517948e+01
5.469288058118755735e+00
1.577294438809564214e+00
1.821780108973799051e+00
8.785414990334324825e-01
3.590461051807237514e+00
2.506077688503332013e+00
5.010020326494104559e+00
2.818107114595086671e+00
8.935614814973179776e+00
5.979346747845902144e+00
5.654763276704933617e+00
9.499775713364407848e-01
1.200474580633486221e+00
7.319620450056424588e+00
5.211123708992241177e+01
3.672749021092523769e+00
1.343380928697953181e+01
1.206608644894361682e+01
1.327969992117138354e+01
6.696697563678645793e+01
1.295219671882822254e+01
2.163999583191971166e+00
1.528778376035715603e+01
4.237891392825550163e+00
1.664383636403135824e+01
1.254974794689676898e+01
1.748158273177425448e+00
7.158971855825788566e+01
1.941480924914883133e+01
7.277043229939201829e+00
6.535176248476528826e+01
9.356691464996054197e-01
7.095144394354847783e+00
5.460831234441483772e+00
3.644614394185689221e+00
1.891241117917571302e+01
1.504211145517583148e+01
2.125496357614707676e+00
3.182843834564977570e+01
2.888264622921702696e+01
4.521856458276250379e+00
5.239630692636068510e+00
2.948787049834006080e+00
1.329780195144469168e+01
8.069418080385478476e+00
2.230709066720012501e+01
1.663492059478928198e+01
6.065844596914493181e+00
3.516747227886164495e+01
2.623270201607850538e+01
1.658403694779866910e+01
3.809417891001142920e+01
3.822421801393111274e+00
5.634290912781318106e+00
2.567798186193423504e+01
4.765366564440556374e+01
1.122831949322169542e+01
3.764685312126225369e+00
1.005704975744543539e+01
4.080339737339666151e+00
1.754153936970944239e+00
6.282271437439524320e+00
5.189784773202624102e+00
1.063104131831886434e+01
4.237646934138975752e+00
6.402833291485451106e+00
2.318421982951253568e+01
1.018855506450677062e+01
3.733071051223414827e+01
4.168587363240279231e+00
2.529141957477524016e+01
2.892680101553231253e+01
1.069092029733707871e+00
5.193691022746849129e+00
2.930539483963755032e+01
1.133845670889624380e+01
1.344495007031204281e+00
6.135829163901909311e+01
9.081732881516851208e+00
2.414183555177137119e+00
1.689382684452742822e+01
1.763498553017708304e+01
8.379204656938883389e+00
5.935970488777774889e+00
6.752702042866071963e+01
6.849705032252951575e+00
3.833503431773343628e+00
1.963633639918358398e+01
3.450868549574787636e+01
1.029538571086751286e+00
2.250083654623583396e+00
9.998340419226616760e+00
5.843555037623159620e+01
7.443619130590934496e+00
5.434556763947545832e+00
1.326142356769624886e+00
7.651468497289237725e+00
4.851759245905091333e+00
5.512019762466048967e+00
4.445808575922963080e+00
7.738116539414316541e+00
1.010788216723998190e+01
3.327111359728023743e+00
1.601657697674665704e+00
1.734450928285576898e+00
3.869121350684630301e+01
3.197920829206900795e+00
2.638077043429438273e+00
2.251208344087085589e+00
2.904038869971919823e+01
7.156452226875410716e+00
3.265284955203831885e+00
8.388856005386848835e+00
1.984780823116192039e+01
5.539569771760871397e+00
7.996281723440252787e-01
4.120634244521319545e+00
3.028488160801847684e+00
1.008550832482466353e+00
1.510749526554739708e+00
2.456886474589063951e+01
2.794415837125752144e+00
4.499764399545551186e+00
2.775801480047216163e+00
5.998039939300517709e+00
2.487627450726084544e-01
8.244038249759537251e+00
1.436949133388435484e+01
3.320720482515088001e+00
2.215392009378446936e+00
5.010331975445641461e+00
3.529466910759549325e+00
1.519946985973759546e+00
1.512479717373467869e+00
2.181571373798024016e+00
1.029238690743251183e+01
3.416302448840105921e+00
1.188149157075620410e+00
1.341849698518003819e+01
3.327627513723153463e+00
2.916128833154641775e+00
8.813436944632956349e-01
7.802129235736867674e-01
8.365721191227834197e+00
5.358811284575507372e+00
7.002610508569408587e+00
1.735132096814314462e+00
8.527396677376593459e+00
1.799956836195031684e+01
1.831899068747210091e+00
5.080016780374731589e+00
6.222213130994136776e+01
7.369648662658548233e+00
6.944675735942584804e-01
1.057290746964477446e+00
3.353181658552456312e+00
2.903025242408673545e+00
1.040729060908203429e+01
5.502399570977053678e+00
8.910872899409489900e-01
6.939431370858619275e+00
5.505582665581692403e+00
6.735945013476533738e+00
6.068330075415025249e+01
1.352311648224719720e+00
2.675776582951013172e+00
3.457400952111893133e+00
8.739182531176146185e-01
9.179677183349962410e-01
5.468585833145179542e+00
8.752645747614002047e+00
3.891159397288140198e+00
2.157994349607371021e+01
2.810230605010607174e+00
1.505627676994647501e+01
1.170419382597697044e+01
2.083206839254065024e+00
1.244784789256962121e+00
2.715405215638763359e+00
3.503044837877436368e+00
5.577824199854078735e+00
2.024157824945454820e+00
7.854101731544514742e+00
5.702875401194157945e+01
1.958445394982275545e+00
4.361455910012044690e+00
1.541687228005133026e+00
1.914135653104715784e+00
5.071029329823280918e+00
2.756126035568390975e+00
2.475142726005907345e+00
2.468763074570664795e+00
1.470619468531441321e+00
1.365559528677042556e+00
4.727908127036542396e+00
2.125578946364969912e+00
4.125629174008795808e+00
2.953555980374555023e+00
3.371800544240850961e+00
6.435145811270147398e+00
1.484973683183936188e+01
1.395479045227495662e+00
1.517722643161446339e+00
6.522137162790826892e+00
3.511537215813621771e+00
5.609842920426395985e+00
5.525116898516772679e+00
1.285631643744527430e+00
3.662601777167635131e+00
1.501576578219075531e+00
1.597990333253280992e+00
1.491438433515197337e+00
7.733858512243272365e+00
3.771042718464187704e+00
1.420299972717682735e+01
6.807404450530561979e-01
7.507694600533941554e+00
2.800904380694321016e+00
1.639259514349940661e+00
3.008447019829419311e+00
1.563138612847491338e+01
3.858701759764298966e+00
4.262244681514625988e+00
1.159269937583859988e+00
6.696124473303070701e+00
1.561341643042809091e+00
6.811319376470978959e+00
1.111928065461822435e+01
5.489470648525999863e+00
5.376855819754626786e+00
1.654313027281684834e+00
2.311819291224527895e+00
1.430668195523747688e+00
3.999412135001516599e+00
1.267314890603648081e+01
5.152599540436273884e+00
1.101474629676726913e+01
5.788353738276224902e+00
1.790852701122426005e+00
2.993781037706386705e+00
1.181012374305608681e+00
3.561237783025711590e+00
3.477330224812070991e+00
2.488293406931577856e+00
2.355823321540979265e+01
1.530135032250701599e+01
1.595956851135755583e+00
1.081206958120395134e+00
2.853972914181074572e+00
5.028668254284133887e+00
5.037445817407270043e-01
2.534198875035034604e+00
2.499025751300436138e+00
1.077162764806546491e+00
4.488045400721513367e+00
7.881740740130862122e+00
3.753054429670788394e+00
1.294991476252871365e+01
4.619405658391996461e+00
1.751140018243022123e+00
8.991982175773590713e-01
6.799615401498618761e-01
2.228913179264434330e+00
2.517401861897735404e+00
3.430215018860791787e+01
6.173599657818853004e+00
8.852200228792090897e-01
2.523042306672389046e+00
2.303583284822986688e+00
1.084206191877708392e+00
2.842709717548980386e+00
2.380101120266694958e-01
5.969571292938338658e+00
2.796099004183951298e+00
4.448993657053938122e+00
3.702961957251348579e+00
1.841109141964384577e+00
3.955468456334235938e+00
4.563265422071576261e+00
4.836832088923258333e+00
2.922864862282652076e+00
1.825300380744235174e+00
2.531654828218463660e+00
1.359065945349805071e+00
7.550151282508453576e+00
2.415352552282265197e+00
2.032440829928311210e+00
1.012795290092276312e+00
5.409456344033233499e+00
2.935138333212902850e+00
4.794707196136247518e+00
2.664229651813184496e+00
4.442984672158221571e+00
6.103725004653561825e+00
1.798046906253453017e+02
2.439822417310965275e+00
3.844185250331472181e-01
4.144557042032191774e+00
6.834731789785170264e+00
9.757714014764432564e-01
1.002010921912102148e+01
2.369171968050963084e+00
1.369618241578745232e+00
1.397989410230386298e+01
2.135776859599710420e+00
2.535811586547744856e+00
3.401195914090826111e+00
3.220219876438970452e+00
1.435788955756931529e+01
5.746746555391688993e+00
6.440259712040611539e+00
1.918451541409124772e+01
5.359739222014114013e+00
4.262814515168315666e+00
3.588640910732238343e+00
1.607803624462766923e+00
6.194145769322372264e-01
3.722775897270601764e+00
8.875125764168991793e-01
1.242415115257137881e+00
2.568287791074402859e-01
1.324940850609056930e+01
3.649967375701041572e+00
2.318314984669035184e+00
4.458026466894449147e-01
2.034241308073079679e+00
3.059094866051379036e+00
5.198998483832637518e+00
2.332587315237031333e+00
1.168853245581872757e+00
2.075504978927428112e+01
6.830113029028318294e+00
1.639307965963728009e+01
2.048463818911067236e+01
1.457931122734129836e+01
2.017187029302711654e+00
2.006477169742159727e+00
9.230939859569147643e+00
2.234296548410068084e+00
1.462090477929840926e+00
4.926634990859302121e-01
2.292989292556068648e+00
4.973478473339600470e+00
1.280295487803568388e+00
7.460755058717485788e+00
4.002955749086866688e-01
1.173062182811718701e+00
2.674317004789856789e+00
2.389071784402852394e+00
1.773653732044959019e+00
5.420966545732306408e-01
1.967824616060995346e+00
7.367978394658591945e-01
3.290163051876726197e+00
1.301491265438345124e+01
5.999926964799285889e-01
8.144400428392293279e+00
5.143732615016058496e+00
2.575830457179380417e+00
2.156622300123537173e+00
7.965438216659266324e+00
9.792928578797296391e-01
1.764784476810610414e+01
8.352186368846183484e+00
5.998379038017378484e+00
7.076011417077706644e-01
4.250542533119717525e+00
1.786765964070404209e+02
6.044352910183690142e-01
4.590810722633329455e+00
1.218437978471742511e+00
2.191480901520570068e+00
5.831839505471734242e-01
8.368203176339303884e-01
2.541628046629076376e+00
6.239736618835974857e-01
9.980414699087720720e+00
3.053316991446219375e-01
1.216392760669469553e+00
1.535070045530692928e+00
1.662782777436429882e+00
3.263627280865996738e+00
1.973816240905639452e+00
1.411642462580086210e+01
8.170599703193138552e+00
6.167267856726716957e-01
2.840336759231195440e+00
3.804283073116327962e+00
5.667374786929271657e+00
1.094374714398225912e+01
1.529038553637518172e+00
2.225441954701359037e+01
4.545958839319409472e-01
6.144653475396464337e+00
3.779630636846976088e+00
4.001235933540313283e+01
2.433188844897677505e+00
3.557937271999235929e+00
3.501920764712554424e-01
4.255120137727189444e+01
1.221993743931198573e+01
6.975653344018625468e+00
3.168538116980056163e+00
3.201735859422825126e+00
3.124655431484949286e+00
2.881332822784511194e+00
3.071779243084900468e+00
8.729390956609567320e-01
6.806011825403779802e+00
2.635227743700436775e+00
4.218672331246292595e-01
1.741127863540635801e+01
1.182411267863291870e+00
7.176868927417694444e+00
5.883952483860902305e+00
3.756676508772372358e+00
3.310193722684601170e+01
1.674981468088699188e+01
3.132481462166700226e+01
2.026753171482314375e+00
4.095462576079989425e+00
1.318154276253621937e+01
3.483534512934739702e+00
2.043992534138517669e+01
4.460074104804408357e+00
7.476025759090971334e+00
7.027824529147930654e+00
2.503589665570977729e+00
3.197414581591216987e+01
1.109497203828669454e+00
1.720725173114761697e+00
3.403721540990406247e+00
4.759313296959831519e+00
4.172196430683346335e+00
5.644132133560368914e+00
1.878686342349289617e+01
3.051270129751456395e+00
7.384321658508372366e+01
1.069032800515431703e+01
1.263335852963286854e+01
1.500204122959252206e+00
1.602568221023043549e+01
6.805411693912009063e-01
1.472039091011470191e+01
2.019798088028907923e+00
1.569453767816421097e+00
8.702673316276234416e+00
2.853961944085251723e+00
1.571427313373219370e+01
2.348546767082452469e+00
1.715150842859068048e+00
2.543407126871787050e+00
4.753104452159302440e+00
6.263926174341685638e+00
1.356413385512374603e+01
1.567618696450968940e+01
1.138134008278899101e+00
6.668794213186670206e+00
4.766119435684598393e+00
1.083332743675522458e+01
9.292932723903067682e+00
1.815489753125713701e+00
5.523561086330540881e+00
4.774099334251553195e+00
4.315947751841369140e+00
7.874362155909145677e+00
1.260226717348809089e+01
2.308115181340483879e+00
4.205308256043860382e+00
4.792355488782616746e+00
6.273776065881671471e+00
1.932262873212571952e+00
5.221569084516949566e+00
3.319586241126968318e+00
1.458471164586588387e+01
1.605309974790780858e+00
3.251594398434573208e+00
6.286788973348216736e+00
1.729519164590627511e+01
3.226126227248445666e+00
2.721449895977018585e+00
1.677143790605208684e+00
2.273410839450197951e+00
2.495439988260045538e+00
3.900497880753636348e+00
2.068116202723444541e+00
4.055096350588148546e+00
5.297356611169936613e+00
2.190051818318188737e+00
5.168018968397548818e+00
4.667924651902383815e+00
1.605024162989395009e+01
1.242610308088823068e+01
6.043471245411795678e+01
7.868597521328717903e+01
8.244227924030917976e+00
2.380612222961998370e+00
2.625142239528465815e+00
5.313334907248796668e+01
8.310528700335177987e+00
5.715733968063684500e+00
8.305434346744331719e+01
4.834085809591817551e+00
1.727634332975797937e+00
3.197064770679773460e+01
2.599906646152467360e+00
1.441150975489787456e+01
4.980605896000297683e+00
3.107085364825476592e+00
6.278275617883476656e+00
3.644491023047719214e+00
1.356696723854172326e+01
1.916691878988906694e+01
3.552273282351448014e+00
3.374529968604709662e+00
8.583238036527959247e-01
6.410220398955233101e-01
1.081304788374550441e+01
3.400430035804548723e+00
1.371475530312338265e+00
9.574346099804465382e+00
4.507461267522813841e+00
2.295644773054205334e+00
1.218428988378950351e+01
1.092089081132150419e+01
1.878794063257349434e+00
6.256249323111358063e-01
1.323300192023353805e+00
3.473393420368291906e+00
9.797272500053052724e+00
1.231211601950138457e+00
7.266272796772649256e-01
4.028872564606001738e+00
2.727952231343417355e-01
1.242009756577681534e+00
6.198520749702312038e-01
1.376451125012323917e+00
6.389787872174148564e-01
2.010641449593591812e+00
7.382901421324025826e+00
4.961433490536127366e-01
3.681293260312794757e+01
4.293263602086493935e-01
3.880112893816463959e+00
3.319174839406529909e+00
2.405859864293115269e+00
3.600819957883831801e+00
2.774852756068654003e+00
6.583232970181620125e+00
1.498088690864933570e+00
1.753230859201919234e+00
4.071074343564212050e+00
6.462911687418325002e+00
1.153603041374145910e+01
1.707740204410319151e+00
3.359781913895542260e+00
4.932685871525854360e+00
5.586044543987287447e+00
9.198159830933853032e-01
3.091198658820530909e-01
1.047692412664790629e+00
4.595438255713309772e+00
5.809015567354982590e-01
2.065353662967771342e+00
9.017041791842860254e-01
4.424713775058220500e-01
2.923422170879943938e+00
2.541626455366872595e+00
8.264122860211398081e-01
6.556567153394374259e+01
1.570795157507850925e+00
6.625433614217265399e-01
2.188737984277721871e-01
4.529668376223100701e+00
2.079590825981926461e+00
5.949264217663566612e+00
5.331878029193350521e+00
1.168394939418800904e+00
4.343872351652863451e+00
4.991855914659709015e+00
1.875651346134498132e+00
6.272354375148642136e-01
2.278790466326934272e+00
2.124356971654726589e+00
3.972925023860956806e+00
3.741769341227391799e+00
1.998244727145654931e+00
2.596431359077074674e+00
3.598122454379375057e+00
5.959612617856716810e+00
1.791744271700279398e+02
5.457744360698934116e+01
6.339631713059740825e+00
3.907473840556217048e+00
1.731073615364637774e+00
1.083639818537330379e+00
3.896606569347840221e+00
7.274958493951983129e+00
7.472342377859462204e-01
9.725906967752941945e-01
2.662560095055461762e+00
8.399115467066312846e+00
1.774369033991124889e+00
3.072808960764600528e+00
5.889004552524738756e+00
6.983460071257686641e-01
1.184271907823348347e+00
3.102017492807007226e+00
5.850703444503938755e+00
1.411633991168357305e+00
1.502296041410919214e+00
1.941590342236067857e+00
1.536543422672526749e+00
8.282767603274309165e-01
1.950365395152354520e+00
7.261621120044716715e-01
1.391297756089001636e+00
5.699602134269442288e+00
3.924249687075238580e+00
3.549400970419568146e+00
4.953462087571495864e+00
1.685413353389839886e+00
1.985133346705496571e+00
2.404167976056039269e+00
2.629865167192520392e+00
1.795060985370942053e+00
5.047834613782635316e+00
4.815556403895792315e+00
1.723400832423443330e+00
4.806603809159183172e+00
3.442531298833650388e-01
1.983974497485902377e+00
1.265466888450148542e+00
2.830570118028962412e+00
1.526491359370987011e+00
6.029438190552943944e+00
2.284772467154663200e+00
4.654506257565474314e+00
3.238056646765754554e-01
6.637253025200470224e-01
2.102639750008808317e+00
8.664972765045888536e-01
1.399813480361572271e+00
2.051060186699178445e+00
4.692298078958599739e+00
1.725591448804589589e+00
1.394978618908829127e+00
1.300404007069674073e+01
2.065427782546776392e+00
1.362746036249872006e+00
3.945319706698481976e+00
1.329513151713900054e+00
3.956104322952334940e+00
2.102252016981050353e+00
9.510688818812523815e-01
2.554318859464911107e+00
1.083130937756870305e+00
4.046889958526373121e+00
3.638420212961886779e+00
1.805300625182149732e+00
1.927057920334189767e+00
1.997956806108378558e+00
5.028377581215497827e+01
3.395697160864989517e+00
1.261702812066145984e+00
2.707378110061165355e+00
1.436913014333040728e+01
1.815523938192770137e+00
1.558529895917415686e+01
5.009877090278178180e+00
5.675546789000625481e+00
2.661176977406503052e-01
1.203363698770253620e+00
2.566448251485911047e+00
2.108273915795582099e+00
3.462620494338385146e+00
1.499335360091400338e+00
1.918240132610305571e+00
3.398254766516131120e-01
1.843171813350350297e+00
1.844212469835052604e+00
6.788392773780289602e-01
1.116727229949987965e+00
8.476071029498407627e-01
2.288466667065461202e+00
2.579891876464249556e+00
6.766858684353881159e+00
8.003767497483308402e-01
3.560759121506059444e+00
3.009230238610889341e+00
4.263123326081539766e+00
8.195209792897151235e-01
1.320314969186118681e+00
1.079675250791564123e+00
1.533834155818323053e+00
6.378391869378117196e-01
4.114717713497083373e+00
1.196640634425900629e+00
2.901811254328566125e+00
1.733719289804698249e+00
1.256608988009465078e+00
2.063843074173621783e+00
5.340502967325492234e-01
3.394699715475183677e+00
3.237235924467799730e+00
3.618742939199877551e+00
2.702499121921202452e+00
5.771590944242014354e-01
1.646574675141874167e+00
7.974654380648152907e-01
3.311260205505331289e+00
6.624326529152814169e-01
5.550516938137644019e+00
7.557779776773438929e-01
2.496217679620835384e+01
1.831640933580239494e+00
8.491198217742915944e+00
4.259152877625902889e+00
6.142403450949485588e+00
5.284296928682914007e+00
1.091401507408962246e+00
1.092681520420353047e+00
5.309494404095826070e+00
3.255512139323620602e+00
4.015937394668775973e-01
2.939312545343462535e+00
3.417796037311739088e+00
4.997020422352963509e-01
4.842361171115157958e+00
3.006713616905700159e-01
6.174844088386761687e-01
7.657676158336514938e-01
1.672786350385669252e+01
1.848860053394065117e+00
1.576288546507484289e+00
1.066877727638789741e+00
1.008385431016306555e+01
1.290806428064913014e+01
3.320664892624143771e+00
5.149624010110508188e+00
2.193829768418974702e+00
6.667182559538569642e+00
1.098509588143561011e+01
1.160699287362696674e+00
3.530905454032714275e+00
6.417920879807408774e+00
3.907803414217148053e+00
3.565152266998886432e+01
2.149500623726855686e+00
9.314218896278496640e-01
1.451174264354251342e+00
2.014680230250582937e+01
3.256083216998061358e-01
7.194571671066029017e-01
3.314756082063892606e+00
2.388230536758832123e+00
6.798481862994527614e-01
2.016379723934709212e+00
4.934179593580628520e+00
1.204077334309865321e+01
1.632459209357358221e+00
3.774766276028935330e+00
4.809331735549779996e-01
4.755678681367339067e+00
7.695082437741664894e-01
1.100911256258553728e+01
3.216293286558121522e+00
6.323350683593864652e+00
6.377565550256906413e+00
2.269605722241634282e+01
2.748328563390056711e+00
4.606516782117669351e+00
2.814098548227650820e+00
2.283256003599118955e+00
1.292688502342398960e-01
1.391089873867401128e+00
5.901494060992925839e+00
8.878678745006115536e-01
1.535267904948184281e+01
1.282849216241829682e+00
7.332183330534142174e-01
1.466387200850222072e+01
5.636486564203065930e-01
2.409801060498413694e+00
4.517863055583585030e+00
1.195273481474032451e+00
5.096582806352921047e+00
5.772019258915896955e-01
2.502876147261182904e+00
2.283092514350714097e+01
7.488341243340623343e+00
6.692041128465675115e+00
2.812464721665624001e-01
2.128048368539012802e+00
9.549345428106054356e+00
4.152710173178955522e+00
2.511793467931628498e+00
1.067991952592765248e+00
6.138088523315376577e+00
2.959560800099723554e+00
1.643559969783875863e+00
6.847753699977751296e+00
7.218277737422085227e-01
3.018725255455765755e+00
2.219492668793983103e+00
5.024345842522603078e+00
2.346283032720651818e+01
2.431917018820209719e+00
4.204188322895880958e+00
7.199334433207924544e-01
3.859594479466467387e+00
4.097477297825014908e+00
1.296430194941880165e+00
1.440187339152487533e+00
2.065329868873452934e+00
2.858298340225411405e+00
1.071615550984797327e+00
1.934419741090202871e+00
8.405800935919941708e+00
4.537119681948400540e+00
1.095005303061973745e+00
1.079279986539310121e+00
5.226725578983344445e-01
1.346331034975180696e+00
6.437085296129924084e-01
7.921152805301779232e+00
1.921410699308068404e+00
8.607905639840771617e-01
2.587190385595708797e+00
2.270283452246510680e-01
4.532437138552570133e+00
1.074396003172672742e+01
1.303621868372676129e+00
1.797288189966311833e+01
2.905302742344670452e+00
5.056273474007977775e+00
3.388633842161107523e+00
6.530099239039575121e-01
9.212165834663987862e-01
2.822977445595974189e+00
1.172246095981801295e+00
3.558604505732147150e+00
2.637659009076704475e+00
1.040594971539702929e+00
5.414112714548893734e+01
2.371274156252538567e+00
3.464144469761571798e+01
1.548712411862796623e+00
3.531903841625305240e+00
2.289705717985685673e+00
2.684542236110887714e+00
1.120645069228383139e+00
7.085690013501574569e+00
1.071665326929516437e+00
3.086437676929972174e+00
3.071254206426786926e+00
4.076949534276665510e+00
6.503021990020164678e-01
2.555687826332656698e+01
1.405953001878677222e+00
2.231252789991274188e+00
2.238040144199378023e+00
1.916393264339396385e+00
9.222872153069292978e+00
1.189436786751378872e+00
3.052759524068631158e+00
4.431914372288989767e+01
1.116225000865808425e+01
2.593366425975956346e+00
1.026818203472028790e+00
2.172957782897403600e+00
3.923849588678406519e+01
4.662824975101826919e-01
5.656064649027812408e+01
1.921192088367135176e+00
1.473003279571703850e+00
1.745387447493198241e-01
5.065850558082562571e+00
8.379227853854585018e-01
9.198069702029340045e-01
3.874799722001408542e-01
5.080541627625649426e+00
1.789715001745654899e+00
2.390616592320732181e+01
8.303377412587242823e-01
2.217992143989244713e+00
2.515544214831091097e+01
3.563955301012728505e+00
9.399923472395325774e+00
2.670141197425545787e+00
1.326472596564131123e+01
2.532488246182600378e+00
2.871355531195698974e-01
6.072403949958867742e+01
1.345884079926940480e+00
1.614377046538676641e+00
2.896303971701165381e+00
5.335113557859926248e-01
2.227505795153439827e+00
3.572605619069613159e-01
1.816630396172338680e+00
4.817647027487811373e-01
1.655724816441610514e+01
2.444746501851033038e+00
5.526316680823878391e-01
1.228201841628491442e+00
2.491176378296652061e+00
3.013002196786623443e+01
7.573757326130716727e-01
2.722870295501091498e+00
4.167175215223011819e-01
1.078091034752002209e+01
6.989069731694918630e+00
3.432468931194363471e-01
3.769049962409355192e+00
9.231149841729381578e+00
2.438354453900546392e+00
6.520577857572902314e-01
7.184467113513430370e+00
1.099747635434834780e+00
4.369033609220509540e+00
1.453237380279551294e+00
5.528871041573775180e-01
1.719001343151328598e+01
1.445521551866914223e+00
1.083490909770758392e+01
9.342487012067276497e-01
1.060238969456843350e+01
6.510600145606079359e+00
1.512865597267721851e+00
9.297412356156580238e-01
2.494662523145832811e+00
1.297844820512162212e+00
1.975859212295189460e+00
4.680109941324726464e+00
2.572123740168122730e+00
2.279715494793752573e+00
4.708949196272895321e+00
1.554384042218803108e+00
9.020705976382622504e-01
2.138122616732481163e+00
2.897807318821136402e+00
2.283489578975300915e+00
8.665751465509671236e-01
7.823334458090090315e+00
8.613867951837622172e+01
2.148551191324201692e+00
5.730052484013411496e-01
3.473284678057651398e+00
7.004835566024335547e-01
8.812934500622182199e+00
3.526248452895265562e+00
5.702788212978298077e+00
3.144488524399382090e+00
1.249546451723812446e+01
1.280342520236050552e+00
1.370902150793695151e+00
7.010230814813905909e+01
1.652892146709768806e+00
1.174797791493345400e+00
1.151017016372395396e+00
6.705485487056607186e-01
1.299658577282521321e+00
2.300338334654746131e+00
4.235658409747048658e+00
3.409564787740274383e+00
1.304379970095551400e+00
3.855327799065228600e+00
3.454510239886696610e+01
1.346085294694661094e+00
4.749336618342200111e+00
3.164942283227973885e+00
7.961537755529864979e-01
3.796705422017092157e+00
2.634100220335319431e+00
9.390068264773520079e-01
3.087757669281015360e+00
1.506591175947862560e+01
5.559108778850475829e+01
8.694086941051740780e+01
3.508357545943627809e+00
8.319856072067279840e-01
5.936514840810833693e-01
7.374859252290939082e+00
3.199737831677949007e-01
2.420031362783504836e+00
1.797222610474144346e+02
9.314706997920977116e+00
6.212951104909349098e+00
2.913026647878931730e+00
5.406130479415518053e+00
2.058713778397723182e+00
1.449338122126242290e+01
6.638723274815404585e-01
1.968159549733633495e+00
9.036593924805842448e-01
1.034009270388535962e+00
2.396720907726799688e+00
1.031137332614338042e+00
2.108455423009385488e+00
2.334592608005234382e+01
7.232800457646912928e-01
9.896268871588961291e-01
8.011640661089647608e+01
4.490608806886585924e+00
8.729004397035316387e+00
7.917922309595298636e+00
1.495920414859174263e+00
2.330635642195733492e+00
5.493324284820091385e+00
1.173339745127906220e+01
1.539819935719154986e-01
8.068833118329267862e+00
1.717036023592926730e+00
9.974966508479859995e-01
1.230025966982693619e+00
5.563990754880659972e-01
4.014110665744735407e+00
1.277902047868432200e+00
1.678026043771697173e+00
5.799831726534107723e+00
3.063519502936933314e+00
4.350329090183074676e+00
4.987844056068267973e-01
8.852058759930185872e+00
2.907384905425903554e+00
1.616511599233090957e+00
1.067870996713149223e+00
3.900820501610367419e+00
2.743224246221047657e+00
2.865809227944686732e+00
4.395216858717668096e+00
6.885084121467441864e-01
9.053377654034072464e+00
2.394242472268345967e+00
7.413534058134141347e-01
2.847873608257150746e+00
8.436110933011107704e+00
2.173061252734570736e+00
1.366357667156324895e+00
2.647508705527662265e+00
2.343272148889743445e+00
9.135586634532455452e-01
4.355647076332759937e+00
1.381616508055875991e+00
1.008483918309945437e+00
1.014736140166340839e+01
6.573945864711418174e+00
2.360192868743928862e+00
2.295519021400915793e+00
7.098889634802768356e+00
1.547284970625124823e+00
1.068633441735854817e+01
3.100895659205832100e+00
2.246487515158978709e+00
5.506401711113977360e-01
2.244690542047892645e+00
1.104872236912632699e+00
5.972973270542626167e+00
5.823871814879880704e-01
4.006329065810720458e+00
1.488168721543195128e+00
3.478299999312910895e+00
2.589289510781037418e+00
1.583600637896563912e+00
3.061957842467867508e+00
3.135443367556947081e+00
1.042649945166423731e+00
4.332608470093689590e+01
1.825122462714289240e+00
2.530819713867464404e+00
7.063065506238265234e-01
9.518952311626576179e-01
3.410424501581715617e+00
8.501865711578696638e-01
5.438319420541706251e+00
7.650754124875160045e+00
2.145975822527866228e+00
1.155345924838094795e+01
8.722296026584797080e-01
2.180620084007432347e+00
9.406288879918586199e-01
5.186522083619429679e+00
1.744273419131035396e+01
1.616472647477124935e+00
5.173608209411316494e+00
2.649645072409780866e-01
1.997382950422291970e+00
3.378843506343746306e+00
5.371378325838478851e+00
4.048583929800789072e+00
2.242172592408624432e+00
1.179035829934371282e+00
1.697434342671869212e+00
5.538144344381453088e+00
1.565469419529818440e+00
1.546275535415593705e+00
8.752461508627721543e+00
1.844239095633340320e+00
1.887377410527513844e+00
4.222209561497084707e+00
1.547827818880483708e+00
7.219492214147014142e-01
2.131866598101364030e+00
5.047300295511988111e+00
1.191219480954508647e+01
7.716791874355113379e-01
5.209011880473881639e+00
2.762423213221115947e+00
2.400610016735511554e+00
1.743620824742048825e+00
4.808146257619305142e-01
4.729788640079885198e+00
4.039442854450906673e+00
3.096653339592100540e+00
8.927624181816254278e+00
1.938112240034654210e+00
4.231305156966675085e+00
1.274718316399773510e+00
3.691579884091577224e+00
2.738446305901630851e+00
4.105886561992755368e+00
5.704937956586931591e+00
7.558365251306472743e+00
5.772978106084924121e+00
5.610760252731378017e+00
6.348912044271038724e+00
2.368347997125185511e+00
1.599393015677894603e+00
2.085629970787640008e+00
7.001087162174878920e+00
2.330722875329105825e+00
1.819351892098197254e+00
3.171986866501478541e+00
7.745300566235660433e+00
3.274328617010307863e+00
5.150971041441689380e+00
1.257519712005411350e+01
1.935389875548024552e+00
1.220965456428325213e+00
4.086890756980851691e+00
3.564899263405612828e+01
6.689065983040448637e-01
1.065635957145287360e+00
1.695129678763199532e+00
1.908738163477420535e+00
6.250439544931515101e+00
1.034334259178761073e+01
1.813772592001391182e+00
8.357286754693243891e-01
1.138010306333872634e+01
3.830965883463137800e+01
2.420443752362877454e+00
4.635681784943433748e+00
8.655089804690352384e-01
1.299078884876139206e+01
2.967699084220118522e+00
5.700154677972460604e+01
1.525601828980156949e+00
2.460256443502142787e+00
1.240384902905462283e+01
9.634152374767427363e-01
3.659750642283329025e+00
1.019836483678109929e+01
1.895611202210775392e+00
2.636530115997461898e+00
1.445078898328979511e+00
2.548488539848594137e+00
3.818320218556082501e+00
8.711446377811823405e-01
5.358684457023166203e+00
6.675002954556392254e+00
2.627908115509371090e+00
3.211928493527547168e+00
5.284629043458526354e+00
2.289285952070622354e+00
2.758854244937228639e+00
2.769859090367164267e+00
5.521968472485131230e+00
2.952292652589012967e+00
3.425351823371008297e+00
3.454281757237188888e+00
2.690546771820449212e+00
3.012033996635988142e+00
7.449310901448127353e+00
5.376927790841962818e+00
1.832934729818186170e+00
9.312281174482500035e+00
1.351225678571816324e+01
2.358750150633742493e+00
4.474112365004710767e+00
7.879745251195631184e+00
1.908081006842518468e+00
1.009286906195628042e+01
1.660977279375521531e+00
6.110003226147935784e+00
2.086596059696308458e+00
5.182423598388116837e+00
5.823812568564273873e-01
8.652828650342067718e+00
1.059062132048265426e+01
3.063729031104396316e+00
4.004302842583816080e+00
4.732360363175850959e-01
5.164746874390429454e+00
7.596878682671104333e-01
1.843623791010984059e+00
1.571820000182934107e+00
2.306308737863688396e+00
3.098908867238753029e+00
1.718424287002262796e+00
1.729232774126262751e+00
6.927561528993203765e+00
1.082912545911499080e+01
4.762931863660107723e+01
5.193079859497634621e-01
5.683693271896786747e+00
2.089028316370504346e+00
7.985978489839803629e+00
3.052638941884713741e+00
3.843015469848798915e+01
4.788471411572547409e-01
5.110805874956185768e-01
2.406005912366196764e+00
1.412281290497340969e+00
2.916252799230265591e+00
2.045907015405447638e+01
1.195389301296876816e+00
1.075895714508923184e+00
6.699264028407915461e+00
2.464559615426737071e+00
7.294372147459182720e-01
1.493714675147733262e+00
4.217356400338098865e+01
1.386560254341543441e+01
9.778192527496020858e+00
8.844774685195658792e-01
4.658108273702601387e+00
1.945701622550136234e+00
3.347215611954819092e-01
4.433319204241440303e+01
1.808768917315902947e+00
1.277538761381637222e+01
5.140330272560574842e-01
8.642685081719888585e-01
1.156415507529002795e+00
4.518382553675800217e+00
7.034225491808997477e-01
7.485122584737917695e-01
2.649453832411325038e+00
2.554429233614594619e+00
2.967638942178777217e+00
3.061366487692959026e+01
3.227752310594978269e+01
1.157588358061228728e+00
4.031445927324899259e+00
5.421601483313098768e+00
1.090572093029977818e+00
4.234773005549976599e-01
1.336030355994165042e+01
2.094360052740674050e+00
1.483423785303031650e+01
1.223385895012533364e+00
1.576763160601405112e+01
1.480872399237408565e+01
2.749453926649336299e+00
1.247633336485221234e+00
1.760403015694140816e+00
1.593435428104275908e-01
9.237566882011819525e-01
9.943633330446063345e-01
7.804769131276553473e+00
1.390573583987405604e+00
6.496011843331132019e-01
9.757023834293296005e+00
1.587661936672311702e+00
9.292662868813447830e+00
1.376162652890711513e+01
2.253628741406466851e+00
2.800632966914143207e+00
2.971958849539977798e+00
2.360532112098687563e+01
9.101355218144121517e-01
8.656501942690425722e+00
2.233782515318157635e+01
5.278520472061678070e+00
5.351782796810281795e+00
5.664552619468405048e+00
1.284323443507726425e+00
2.036152093469489799e+01
8.273939360723263636e-01
2.646079639618997348e+01
7.706465792561025374e+00
8.691982754481816897e+00
5.676607064893439691e-01
2.877028694905087725e-01
1.884298031560701636e+00
9.339502933610674962e-01
2.912841577341943378e+01
2.465379247265008011e+00
2.978152524103431276e+01
1.090833912134646688e+01
2.054739279763188264e+00
6.265356013947362968e-01
3.985560364659446719e+01
2.931414216345563872e+01
3.747637492883309385e+00
5.634202077138213971e-01
5.867295886045681641e+00
4.546752025787407447e+00
1.796414865646477210e+02
1.697304482020368255e+01
2.730220856720423139e+00
4.217895253934998756e+00
5.188493330715751917e+00
1.216254971392445983e+00
2.152496953363919108e+00
3.041552492353592374e+00
4.034141456537268411e+00
3.303850047136649426e-01
1.038384963273927708e+00
6.445096145892641459e+00
5.726954272185647454e+00
1.831735433159061399e+00
1.428320615553244355e-01
7.805690613147140411e+00
7.722788407849415782e-01
1.385207680236777650e+00
2.830489233046737940e+00
6.032567319733622702e-01
1.753387670343917959e+00
1.221342423569162605e+01
4.019776535054373490e+00
2.118402073190459034e-01
1.309643895615385301e+00
4.285342099550453199e-01
1.688258589893725681e+00
1.068034294594116496e+01
6.147843374775238123e-01
2.172379233690679978e+00
6.051702789502638069e+00
1.354604167655400149e+00
1.337495392774400216e+00
2.293693489967255861e+00
2.732548465740667343e+00
2.313267933819962430e+00
1.968236743363820818e+00
3.549079590542693552e+01
1.816367068566273613e+00
1.147900748643731594e+00
1.126566138035028697e+00
9.884521858444333953e-01
9.217316503699455765e+00
1.847622304597272613e+00
1.900331018103962100e+00
1.795611565987484060e+00
3.544558647634957982e+00
4.916089279487954600e-01
1.249682806417711456e+00
3.272802248014860638e+00
6.464825174395649743e-01
1.413911452259654089e+00
2.216494940688360060e+00
1.043237948654360281e+01
2.485677821311326863e+00
1.848576115603182357e+00
6.308503432071742578e-01
6.573465933731922561e+00
7.748402163749859017e-01
3.546278372183725658e+00
3.821444998140736260e+01
1.834298538000288081e+00
7.911118775923057456e+00
3.493576999047394605e+00
3.088798378270887213e+00
3.336652703579378709e+00
1.502920960780529835e+00
3.405275502595585646e+00
1.256057500980089392e+00
1.608068602293270200e+00
2.085622603439079459e+00
8.539392448340479280e-01
1.243765358547247901e+00
9.355847628760901591e-01
6.690397269395002011e-01
2.258092065973182461e+00
1.097674186615623437e+00
2.324065675813103304e+00
1.034681140842629743e+00
2.150865325176565701e+00
5.105099627658334249e+00
1.986119863227846949e+00
1.547456740999434821e+01
3.860706222144397959e+00
3.319309482914796661e+01
6.539910261019701743e+00
1.030675768112336854e+00
1.669537073833886165e+00
2.693739729747106626e+00
2.112805284337433864e+00
1.476213019125741877e+00
1.918362322295291911e+00
5.997472750665130414e-01
3.045465713300684385e+00
4.724483420516168763e+00
1.220467222509756366e+00
2.889391955913035215e+00
1.297945550154151206e+01
1.151314066481424758e+00
2.263844324341909020e-01
3.246291701399357521e+00
3.232504127462872301e+00
2.394423702296075707e+00
3.222660414887961622e+00
7.860393282626660039e+00
3.776746626115761618e+00
7.301006700782792791e+00
5.170957297083704773e+00
1.791922642317540237e+01
7.501185238873214089e+00
1.380172562660391300e+01
3.269940342519497722e+00
3.339707324214643336e+00
3.491640578117992444e+00
4.384360325505701539e+00
4.817811804626497008e+01
7.272476725221123317e+00
1.734892698665192512e+01
2.971207294526610809e+01
1.227301730013488523e+01
4.105942649036950165e+00
1.831603118036490230e+00
1.560544106367691874e+01
1.475636072151315581e+01
1.299240564730988901e+01
1.485006369198129761e+01
9.540653520408582722e+00
1.470575403310407303e+01
2.346431715594335721e+00
2.725877771929836868e+01
3.685174009545415519e+00
1.984615388597052554e+00
1.517461177412350093e+00
9.658363375013705010e+00
9.537567322282326288e+00
7.944840802574978511e+01
7.276848686375703146e+00
9.186479837039621898e+00
7.808335562366574223e+00
1.055145942457479791e+01
2.239085704736290339e+01
3.903847307824437340e+00
4.810682658293363723e+00
1.545280952090719584e+00
3.235161509099822474e+00
7.557200460654350138e+01
8.119088464257377069e+00
4.137309685312415830e+00
1.064499732334684090e+00
2.028067587950048534e+01
5.776643603079490319e+00
7.687274425217387019e+00
4.144217614107437164e+00
2.471425550682468941e+00
7.854273211315224046e+01
6.046923500956205899e+00
8.634068777475499834e-01
2.049683241224150620e+01
3.882077307509133846e+01
1.193946081555269156e+00
7.242480434617778684e+00
8.208411364278944689e+00
7.023669043574330750e+00
4.601496988818847278e+00
2.455457021113804039e+00
2.921169926654640481e+00
1.025920981557173928e+00
8.718260851331317340e+00
3.385349128328404067e+00
8.769136726481491451e+01
5.391796962706564500e+00
2.654956808634843402e+00
7.215900954584726357e+00
3.473040647660429414e+00
1.799229554554994692e+01
7.550589294606520951e+00
4.189077068824123451e+00
2.728730426046104274e+00
4.393814017103528258e+00
1.641210650060694576e+01
6.772812934501695281e+01
1.018878637745220850e+01
6.780583138425630807e+01
1.527359149923973192e+01
4.842530004256738962e+00
6.686390294600389694e+00
1.047878562647010980e+01
1.356733004720077140e+01
8.742255391499750061e+00
7.636459511270686562e+00
1.132746883206601218e+01
4.598853208361831868e+00
2.651803087119289160e+01
2.578567295960909789e+01
5.748687540131347973e+00
2.061404367878479249e+00
5.427915704287705090e+00
3.155994376736693585e+00
1.075605955883875353e+01
1.028699181758078618e+00
3.932490295427375937e+00
6.029422606786736694e+00
5.619499515423013847e+00
1.364990064909946232e+00
5.767397130530437011e+00
7.735636291886013538e+00
2.897108419368421561e+00
9.510111682102238007e-01
1.415062817545392981e+00
7.638229577749010568e-01
4.648906390711485814e-01
1.069281299584522671e+00
1.531882763862691066e+00
1.165824145049157545e+00
3.485084462494061786e+00
1.737009146698394568e+00
4.391136044272008654e+00
6.397667149627506156e+00
1.287087334021005836e+00
2.544231996710609955e+00
3.397952073702080189e-01
1.575588621424648927e+01
1.927633297434050430e+00
2.688690936555886424e+00
2.990202710449972656e+00
3.813508921747421176e+00
1.515510274410916569e+00
1.532280511286158609e+00
2.461640014027198120e+00
1.759720544434334677e+00
3.099236899424507641e+00
2.588820317185597908e+00
6.059971145291500605e-01
2.073908131156950496e+00
3.113177934432052929e+00
3.302846786127438428e+00
9.217982524530969890e-01
2.395924491170330572e+00
7.093650636259091868e+00
1.000735786357214607e+00
2.169159689018347947e+01
8.375022606374121992e+00
5.263024153607935851e-01
2.517313203701075253e+00
1.394099472798088657e+00
1.884596749781677261e+01
7.010374555124579388e+01
9.566988221232765710e+00
6.694878005156462919e+00
1.182999042612320473e+00
4.064623733108375880e+00
1.087533306647159570e+01
1.507763593511147748e+00
5.279908476592108713e+00
1.148564201628791714e+01
2.457151111297080526e+00
2.193459476514772799e+00
4.536648274243277434e+00
1.367403028529662334e+00
2.331370716745501781e+00
1.572117823397733360e+01
4.876112740385249111e+00
8.234274000955260631e-01
3.869593963853294571e+00
1.067090179406554373e+00
2.899625735699142393e+00
3.822565151184026888e+01
1.954482993629404364e+00
4.183914870807376118e+00
4.755058371967326281e+01
3.598131995230835489e+00
1.824111569087754603e+01
1.343309445059000851e+00
7.020107321320760541e+00
2.112255432127781773e+01
5.108371414708295255e+00
2.114100673418855436e+00
3.612402620423817989e+00
2.382995140465687722e+00
2.985707114955021280e-01
1.378952502032782190e+00
5.894940541531173972e-01
3.046175523989613776e+00
1.397816505989563751e+00
2.991670570726199685e+00
2.789464677636056766e+00
2.526645899775730175e+00
1.349840734694010225e+00
2.017060321522121669e+01
2.776339870813226973e+00
1.373702329393825750e+00
1.280362558246666449e+00
2.187542421787867042e+01
7.423180803374483938e-01
1.424693242827617556e+00
4.884280022719922343e+00
1.530579214456974757e+00
1.902005466382140852e+00
1.088721137744329104e+00
1.689568248324155419e+00
5.982307203203757417e+00
1.142093936022684275e+01
4.716191427441072115e-01
1.974999939963099393e+01
3.946318221960788630e+00
1.211208316324924317e+00
3.751467407029364320e+00
3.963114165781967957e-01
2.615778484125835579e+00
5.682703232974356311e+00
8.908888122781139174e+00
9.990161476295233101e+00
4.346581979146907138e+00
3.654064736605877783e+01
9.126713043575030992e-01
1.149770220066427484e+00
2.343475005337117167e+00
1.058299076309723752e+01
4.317541286119099375e+00
4.328370728295176662e+00
2.930090809681803687e+00
8.419783782186783805e-01
3.492475181223496872e+00
2.848894743677072849e+00
8.187303869168463422e+00
5.833395491350414019e+00
2.485525815068503341e+00
2.507926636772952378e+01
1.912637744456151534e+00
4.737342412940618530e+00
6.290198634064788630e-01
2.293212899238704860e+00
1.039259477528660547e+00
6.758814660896996784e-01
5.323834151316312990e+00
4.750812656321325989e+00
1.350387184395626772e+00
8.008350122354900291e-01
2.452237710036864637e+00
1.025834195038068053e+01
4.836996849070095195e+00
6.369122348392227906e+00
6.220144878372464881e+00
5.555506745496905374e+00
5.834990553838538041e+00
2.323393083320010266e+00
1.718494676289695322e+00
2.829614013355616020e+00
8.535201529130727049e-01
1.331903605991831441e+00
3.068266573672443265e+00
6.840239642391831865e+01
4.810385055890423978e+00
1.165227892190961567e+00
2.674327352999908758e+00
1.314539377154323674e+00
1.652819198921833932e+00
2.396422927995542018e+00
1.732369034835291899e+01
3.278273544748791846e+00
4.464530802711444757e+00
1.799514072609823145e+01
1.902254029824496984e+00
7.539305208537769865e+00
2.396767064078942688e+00
3.503769172195702275e+00
1.688763847316191002e+00
2.011724027886748978e+00
1.956627667077657895e+00
1.529724926464145929e+00
7.956703617420151531e+00
1.259877713193182869e+00
3.816588818434508479e+00
3.303530523997679214e-01
8.599777487807094278e-01
1.802438504532095109e+01
1.038744598357044424e+01
1.760219504156285808e+00
6.048104516166909583e+00
5.466775369109821980e+00
4.246746668420622761e+00
1.157864410109356186e+02
1.065363864544919359e+01
7.936793805080250008e-01
9.037486441956350092e+00
2.135466295026160921e+00
1.464733397722989494e+00
7.236359112997261533e-01
1.138201197405054543e+01
6.323411540708600675e+00
2.271409125091661263e+00
8.974220877575620481e-01
6.390808106468524485e+00
1.335555711883702257e+00
2.746860684154346188e+01
1.374005909751576215e+00
1.590720708494800961e+00
1.703799273067642162e+02
3.640387587828578742e+00
1.639836644568638979e+00
9.604453313046982244e-01
3.642914780554276533e+00
2.089990722018623792e+00
4.367508559390641310e+00
9.589302461947442069e+00
4.447867125953569811e+00
4.089516432136501578e+01
2.420792818147962322e+01
3.386333422110803237e-01
8.774897876529708540e+00
1.175345217241104478e+01
1.341087838880857586e+00
1.931329393463259336e+01
2.905676000116270430e+01
9.556950553955983807e+00
1.742720477916489585e+01
4.090394077650483240e+00
1.543603557258213188e+00
3.499419741576609066e+00
5.372563650843563465e+00
6.197884649912562338e+01
2.374486370275207925e+00
3.748471798634701457e+01
1.721733558554402777e+01
2.765415658116493702e+00
9.690514477168445495e+00
2.829783857040960360e+00
8.627999525311833562e-01
2.319226455557127586e+00
3.864926553752439986e+01
2.350687603779835211e+00
1.599430473907564121e+01
2.197326686444631960e+01
6.017192630396156483e-01
1.399236817867782712e+01
7.236890045577206720e+00
4.435543849441104136e+00
6.181345493506739786e+00
4.922908378930729079e+00
7.133490443019282701e+00
1.057960629599473279e+01
2.738122325256350820e+01
9.905350061374299742e+00
4.091127886896756394e+01
7.214678564746303380e+01
1.527097789083455837e+01
7.410729449136160163e+00
4.258149636060646337e+00
4.370932958443311378e+01
2.224182530860744134e+00
3.595156650498426476e+00
2.012767100270626663e+00
1.312927117876076899e+01
1.532785058897696340e+00
7.026895308847232791e+00
6.409643944502020574e+00
3.707535668027913456e+00
2.969307047431146707e+00
7.322623044260351044e+00
4.923050885530285115e+01
4.552813875284025258e+00
2.798686171680503154e+00
4.156966660002018088e+00
5.633001873900468581e+00
2.766646052414722057e+00
1.039376475807336941e+00
4.762769502539526911e+00
9.840017609183762559e+00
2.988682340230628842e+00
6.029309319353074237e+00
5.583753509617879196e+00
1.858960573824550044e+00
4.760016792575012090e+00
4.546640443682262500e+00
3.869632155035338528e+00
3.520254196984539341e+00
6.389220622490412893e+00
3.267302603630840796e+00
3.771116697529205197e+01
2.185308482428602872e+01
3.228140722096536575e+00
2.269330420057620046e+01
7.845322089572004387e-01
1.621272717661641050e+00
8.688917551476363244e+00
1.519145657595559973e+00
1.035517069239556420e+01
6.714628019722062469e+00
3.002703372540768356e+00
1.358056886762902771e+01
4.166907432593792038e+00
2.433933549944168995e+00
2.960145979030825103e+01
2.533921845101332782e+00
3.515900174191702643e+00
7.142539858135367181e-01
9.730169170371670617e+00
1.184758327706656544e+01
5.714230807246482158e+01
2.009124289658909657e+00
8.973980306707066745e+01
1.138854725948936064e+01
5.598761603533740638e-01
5.984442045314652603e+01
3.483160423891936142e-01
3.672887883544321941e+00
5.307294997591563757e+00
5.908759617282021148e-01
2.083377380594484130e-01
4.284629783711040307e-01
1.732144188090915193e+00
2.339661956129220677e+00
5.002584869694844372e+01
6.365648952316596443e+00
4.103131329699974406e-01
1.471324351126624963e+00
7.056821199614039530e-01
1.429608610758092313e+00
7.362062016317062474e-01
2.060221006764622942e+00
3.285447555707114442e-01
2.703744863830471967e+00
1.329557724109944106e+00
7.828834105751516503e-01
6.014294547948609626e+00
5.841393164729362653e-01
9.467799928153546318e-01
1.308829158164368511e+00
1.072792078743691979e+00
4.840313295064188281e+00
1.563551302931144305e+00
7.346592627757786431e-01
1.706232846569958328e+00
1.142059295281484088e+00
3.640135997871721818e-01
2.330762408216653725e+01
1.095821334529844204e+00
9.672197422762488506e-01
2.297898478411078749e+00
1.024232582537896619e+00
6.419983395200308252e-01
3.315556144473987277e-01
2.114648116161906621e+00
6.430087838301422609e-01
8.523381191163510451e-01
1.727883779270417586e+00
8.628746563191107555e-01
8.622681159141469820e+00
7.363424089866205335e+00
2.807968091714807102e+00
1.414900092130520148e+00
1.162797907972923817e+00
9.603921981793057228e+00
5.618706772938711680e+00
1.529967194224819860e+00
8.696732301239130436e+00
1.264446596564329672e+00
3.346761293637318602e+01
1.840190155328156774e+00
6.331759889789211337e-01
5.483739546378425533e-01
6.135578554939619345e+00
7.934128062975834839e-01
5.264278026510682551e-01
2.589819497268566750e-01
7.454355708734812236e-01
3.099892157223945510e+00
1.636045704440626913e+00
1.916257938271421324e+00
8.950789283398014051e-01
4.917439614354343291e+00
3.335179656583689312e+00
1.774158746799478692e+01
3.296739810576086782e+00
1.282544373964417694e+01
2.238830931407781222e+00
2.041785942298302459e+00
7.460419701639041667e-01
5.889298462251318922e-01
8.382486449872864620e-01
2.622806006951735047e-01
2.295696655623802762e+00
1.152938677055831196e+00
1.860027581397815988e+00
2.561780033256301436e+00
9.124525176620963407e+00
3.512245809545845532e+00
2.310456335366325220e+00
1.590212546444064401e+00
1.961933826112942203e+00
5.977956046545534008e+01
1.899181829076975747e+00
4.870926736262307655e-01
2.031679876365624526e+00
1.511456391167971702e+00
4.771051597245906106e-01
6.193354092999418192e+00
8.384512134760844226e-01
3.870337140019383781e+00
9.384391045540464438e-01
2.116488740867665530e-01
6.680899311495500648e-01
1.126544881935606979e+00
1.247495611539577220e+00
4.518845550357671215e+00
5.788480325014977446e+00
2.015185504503764768e+00
7.930725806686901080e+01
3.646945135704525498e+00
3.173332119884878511e-01
4.856611669007315335e+00
5.209060297885431901e+00
9.510042680636361823e+00
4.573421625448626848e+00
5.061956928289635727e+00
2.564179279598641337e+00
6.308252176685842372e-01
4.675979588127132658e+00
8.418360244134115433e+00
8.034447798700446342e+00
8.109956944428729386e+00
6.180614059479248024e-01
3.940757015657273765e+00
8.149293526727104719e+00
1.146094631358814375e+01
3.868149034368098871e+00
1.509622032386224255e+01
1.565675944997966873e+01
2.634571838753414053e+00
2.688214877074476039e+00
2.178487347373992300e+00
4.454631061572074557e+00
1.891505534548427514e+00
2.239287250236353000e+00
1.487129249963204103e+01
6.823261839271308471e-01
1.023984385650746631e+01
7.146729416749462160e+00
1.728809998629629474e+00
3.721664414135025467e+00
3.205252144701513650e+00
2.816746971316915538e+00
1.345353323005055657e+01
3.794844326992269590e+00
1.342894116954131967e+00
8.524841902608861233e+01
1.934192197457449192e+00
8.013716243600844891e+00
8.688167860182415270e-01
2.086152179323024658e+00
4.364197090721576799e+00
2.406735942296706732e+00
1.759533685494023114e+00
1.301571090338260461e+01
1.250987956245337429e+00
4.210062037830424764e+00
1.204763689459853904e+00
9.709282909529203920e+00
1.022535797804946078e+01
3.518610905677796996e+00
2.425170101785070997e+01
1.521894957942302673e+00
1.127401683540262489e+01
1.496217537879808113e+01
3.321911561659151602e+01
2.068687870629372760e+00
2.212642864142164267e+00
1.560220683583618140e+01
3.901562159304910793e+00
2.982932767436839328e+01
2.239601020872074688e+00
3.186007245269002297e+01
7.448882440157873042e+00
4.245466242159402270e+00
2.992470481000787164e+00
2.541116865364977606e+00
3.943884331908349417e+00
1.245759724671111535e+01
6.486491185008337546e+00
3.691979728076529188e+00
1.817899169970879569e+01
2.822753776929310288e+00
4.466971160644866323e+00
1.599082354882053192e+00
5.137819177153228445e+00
1.167442413541685120e+01
8.171717993995953222e+00
2.754515946719960695e+00
1.488265747378984827e+01
2.184275247428477673e+00
1.504529068675551473e+00
3.278866438159207419e+00
1.801922770457967227e+00
7.073039065501380840e+00
2.842408949463531176e+00
8.164671352559894402e+00
4.697086846565427187e+00
6.983305341359656637e+00
5.836132576354477663e+01
8.331761575841200695e+00
6.446258644284308836e+00
4.369267184105015467e+00
3.604128066375944073e+00
2.827330487842756757e+00
3.122181897972218678e+00
5.935267119136748981e+00
2.271602360046992786e+00
2.084058272848017523e+01
4.400672891862475566e+00
1.292048965131671556e+00
1.638072690430525613e+00
4.208246156062514842e+00
1.330214799833904893e+00
1.074030386244744228e+00
1.714970679582475510e+00
4.063013579911873840e+00
1.804229968894813574e+00
5.934519154789281714e+00
3.320666660542652249e+00
4.676095123498984485e+00
9.402070724450776851e+00
6.235612834339946176e+00
5.282048299283652604e+00
5.241982017219590340e+00
1.960348026063235105e+00
1.749099343235569703e+00
3.512283772452694297e+00
5.078970087688102097e+00
4.906119495959619492e+00
1.293446867761002705e+00
3.113157986441376313e+00
2.727873752958724030e+00
6.093603013853342576e-01
4.461643538237591855e+00
7.300876303820402757e-01
2.202880689353265531e+00
3.162154499995560197e+00
4.399439019421024000e+00
1.122516754025902896e+00
6.056602677812819024e+00
1.158338927817675224e+00
2.290479259430170167e+00
1.711576041304349038e+00
2.586583726308903763e+00
2.785463140606972754e+00
1.840716345013236221e+00
6.813180910665017187e+00
6.308486531785035822e-01
3.444764018544498985e+00
2.104830667902680919e+00
1.538960206206590131e+00
9.871365081226519678e-01
1.595502375107604642e+01
3.722990407501164167e+00
1.030831839840932318e+01
2.542669327266232404e+00
1.137190715681394515e+01
1.055676990671946536e+00
2.686834375906320460e+00
1.558951840678981293e+00
7.787547018260105869e-01
4.316334256093406374e+00
7.781543300157364174e-01
2.811923662884309838e+00
3.887105992507401631e+00
2.339322292041675411e+00
2.197215824803560036e+00
2.811002067094043877e+00
5.301245236707656794e-01
1.711055755783199128e+00
2.259411069664984506e+00
4.218647640484129546e+00
7.541607584276495579e+00
3.608990769598565240e+00
2.567241088001217975e+00
2.219284834004303875e+00
4.310237855254023032e+00
3.878415743913345093e+00
1.162581050114272374e+00
2.226549540221149037e+00
3.514921176822235260e+00
7.839935107691633487e-01
4.355288486682940885e+00
9.077820750607893174e+00
3.188291462573942692e+00
2.946710046136428574e+01
2.436476504276065658e+00
1.128507634515574765e+01
1.210484631744431550e+00
7.532972934081048955e+00
2.524889193045085634e+00
2.677900198286875977e+00
1.055712044368285163e+01
1.207844577641269979e+01
3.443718572782403342e+00
3.099586389510004203e+00
4.020884264642077710e+00
5.147470863405952457e+01
5.595709340983884950e+00
4.758672767700571349e+00
2.633556885015632343e+00
9.201869319489539567e-01
3.672808432057834249e+00
2.019153674909183405e+00
2.722650355898467822e+00
7.349882947281808576e+00
1.700293586679942237e+01
1.422062454393811315e+01
1.464288751142163170e+00
3.834709672759160526e+00
2.524987317348399429e+00
1.480558722560307183e+00
1.010914737205786729e+01
1.168821669196332635e+01
1.307955922406717164e+01
7.534741062305159165e-01
3.088520006651471306e+00
3.076653304539918921e+00
2.850605740880337358e+00
3.070479839162317592e+00
3.415260063278984681e+00
1.646217935510192909e+00
1.091720868043318804e+00
9.365521218741942988e+00
8.618823786594791869e+00
3.223652876443074966e+00
3.374298607454778054e+00
9.798303696290142284e+01
5.541253045768389507e-01
2.080863250484949134e+01
1.682699307962824520e+01
4.910675085117386374e+01
1.401788188174726724e+00
3.942821794292757254e+00
7.610010817420254980e+00
6.517469691352434147e+00
1.111717264366438762e+01
1.878267186664484445e+00
1.017076522250927928e+00
2.126226588812717200e+00
9.752853082402179297e+00
1.706880590080541937e+00
1.207911927682346942e+01
3.028501145514956416e+00
8.828710363767942937e+00
8.488372348032870107e+00
7.136846190339197094e+00
6.256156724330835139e+00
9.340275215282160204e+00
4.051430341668900148e+00
3.029148431973254674e+01
4.752826019383936895e+00
6.757500027783859053e+00
2.301094298818385564e+00
1.901349805180732044e+00
1.106247440998908438e+01
9.018095824980196795e+00
1.516925815975281200e+00
1.078423005730766349e+01
3.245481764888193954e+00
7.250843682656872069e+00
1.758357015184890315e+01
3.616858114805684643e+00
1.315647107785369530e+00
6.915399710185194948e+00
8.290291212916770514e-01
1.166395246041422862e+00
3.711411335037424930e+00
1.591616151334346974e+00
2.682096620576211787e+00
3.750763638392946131e+00
1.624736364912933340e+01
1.547322170690295273e+01
1.053903663977688154e+01
1.942577016295647052e+00
5.027006827795769794e+00
2.603521561617307256e+01
3.254802478174680935e+00
7.449003578393620373e+00
4.620454623435422903e+00
1.672148988960753258e+00
2.029648333787023695e+00
5.339037203883768790e+00
2.855663477078771439e+00
1.796045652708562912e+01
1.090528053516054463e+01
1.069185415963837471e+01
6.978620237190228615e+00
6.973763531100886759e+00
5.569537346010092094e+00
3.414805335116482876e+00
1.412903591593279939e+00
8.126068867215490599e+00
3.730023599049355543e+00
2.287428719700411950e+00
8.161508006696664097e+00
1.170932058664815223e+01
3.375794074315978666e+00
1.376400417308835422e+01
5.590735577710526094e+00
1.566914603069897360e+01
4.819608817422714253e+01
3.394056678476515287e+01
7.154639298589536844e-01
1.738723360660615169e+00
4.806393831161204666e+00
3.147138711810868017e+00
1.183749109812316958e+00
3.662682191538422671e+00
1.694921972455579740e+00
4.588873527398556362e+00
1.592007915685613506e+00
8.648360896280037124e+00
1.619643523241971694e+00
1.766306235431142735e+00
2.123319583800126420e+00
1.502084033401043683e+00
6.459092725680593894e+00
3.873786360361333725e-01
1.515825680395999742e+00
4.059890487788435087e-01
3.527409512413209658e+00
1.116841371370437042e+00
3.188838016648978257e+00
3.728790295291376511e-01
3.552893139722363092e+00
1.419515356614978074e+00
2.226790662659806408e+00
4.838310961278858180e+00
6.071689297484935466e+00
2.607603142143460229e+00
1.173988199119018860e+00
3.702563357882489470e+00
1.138224269668859812e+00
1.959916190913747691e+00
1.267367797304572496e+00
1.486352283241646477e+00
1.856170382853436607e+00
2.869162621051139617e+00
4.999887787090645297e+00
5.438938641293710186e-01
2.617057191864789800e+00
9.462177671637055365e-01
4.918788279334265212e-01
1.674847058710401848e+00
1.554391840619947951e+00
6.418779483582949252e-01
2.088720389815033496e+00
1.656684187780296469e+00
2.115007954450898175e+00
2.788578284703144838e+00
1.054761903724267258e+00
2.502815502154971394e+00
1.208050639782991098e+00
7.125357288027173164e-01
3.760646419390849982e+00
2.506010590662648951e+01
3.107250050289470433e+00
3.168926853994670001e+00
2.192098014486635993e+00
3.435021162145579510e+00
1.569222820351667602e+00
3.356722711945053561e+00
1.813819350697439825e+00
5.296738854448621581e-01
3.336308819847300988e+00
5.113924111828716867e+00
1.851390669184527438e+00
3.191360177773476803e+00
9.612172341497091654e-01
9.957971583765473644e-01
2.569686267633008114e+00
1.114929152292829517e+00
6.362551058314687680e+01
1.214173746691406430e+00
5.177065296146834861e+00
1.182085608721729297e+00
4.140198852761264092e+00
3.127064125993526567e+00
2.055068005889534977e+00
9.464559454075793798e-01
2.689777970319153333e+00
2.000994938732798989e+00
1.139087430006731072e+00
1.639732954712443291e+00
4.034047162487000904e+00
2.938163546975592677e+00
1.360705972009673248e+00
7.942458505286123405e+00
8.325171295379645287e-01
1.255312909757294593e+00
2.537142163457601907e+00
7.530281854967192601e+00
5.929068986447038725e+00
4.865189428753166290e+00
2.991127520723729916e+01
1.004773814432187784e+01
3.247337072244025791e+00
1.536582758650892977e+01
3.332247607849291082e+00
3.749708447918803422e+00
8.577485303407443862e-01
4.886017683594000793e+00
5.039961655253553552e+00
2.312547429624956408e+00
9.584998090594738507e-01
3.202013688058003460e+00
2.247196694113428705e+00
4.730543399218431588e+00
3.385411848420374348e-01
1.229179382821951494e+00
1.934222100502723585e+00
1.792727279924928752e+00
2.021359883454713291e+00
1.679206512675169405e+00
1.700808894588655695e+00
2.063236298039312189e+00
1.801954843135563422e+00
1.612443758976883190e+00
4.901785635980851374e+00
4.216529683297837394e+00
4.307209880999905427e-01
2.433509750897292712e+00
2.492458751654923255e+00
2.596238551797347327e+01
5.229339885503135887e-01
1.502294544779196883e+00
1.855724860272313759e+00
1.048851373588705949e+00
6.201505394774503577e-01
1.953222420145815930e+00
1.157360833711230219e+00
2.465459237356787625e+01
5.597368285269180177e+00
4.040996743700371319e+00
1.327529952862889218e+00
2.110275430561524779e+00
2.326886710043132744e+00
3.042300403546290166e+00
4.303578085372246065e+00
6.581199956341801993e+00
2.699594418994125888e+00
1.875944202238652103e+00
1.643771828660366419e+00
4.105482228182556703e+00
4.857652172488195674e+01
1.566241351753246525e+00
4.752166197572738504e+00
8.357793472455844253e+00
8.572825447452522285e-01
9.536936976579069025e+00
1.591328568437075708e+00
4.094176411134997640e-01
2.135477816785581684e+00
3.134342004781290658e+00
2.597246121374508387e+00
2.727333068364468094e+00
1.995342928278677652e+00
7.202392961259503901e-01
1.632999449860073060e+00
3.747756248557266900e+01
1.129570505480148768e+01
6.049540404517136372e-01
3.858347738577522890e+00
1.764031671228839526e+00
2.323584650035436461e+00
7.679747852162375210e+00
4.690368674211714328e+00
2.128207017193378014e+00
2.547270083382505046e+00
3.971276617789520902e+00
1.275203504963112744e+00
1.419000130847607544e+01
6.345042200542912347e+00
1.762812899841702530e+00
9.624054340159012844e-01
1.941027437990977100e+00
6.456593492582398675e+00
2.780152641372120925e+00
3.228955706669165870e+00
3.372099714951364291e+00
1.387553142924158323e+00
2.107021400302458769e+00
5.257360673284565689e-01
3.258880040282436497e+00
2.937414629439549341e+00
2.368920060446646048e+00
1.687170513853229803e+00
2.935027285560055432e+00
2.499793288172499128e+00
8.948825289973493469e+00
3.820855761806464912e+00
5.815419716253251714e+00
3.110248199840857097e+00
6.376258335395303511e+00
2.586715926948955913e-01
2.575351773970214975e+00
4.779360844535726294e+00
6.619150893902840060e+00
4.491857620475640545e+01
1.804880964629921758e+00
7.755726777709988085e+00
3.513210040311501103e+01
9.912082319344238002e+00
5.634892325114524425e+00
3.836983264750756017e+00
2.198049653747655707e+00
1.435968115947283863e+01
1.207557145075127902e+00
4.053221705958083732e+00
9.242408916374079686e-01
5.846961095380947881e+00
7.597016102280824690e-01
3.551791851547205781e+00
1.872606415023228443e+00
1.910706618306351690e+00
2.474103596281360673e+00
3.022859574321319798e+00
1.073406239704739029e+00
2.050949774785177837e+01
7.398856285657829268e+00
4.120547600219247819e+00
2.919974698841085736e+00
6.785466382802852747e-01
5.146996569781857822e+00
1.195106818087954048e+00
1.060973971394060689e+00
1.646567891730344613e+01
1.087871727672772959e+00
3.396269294077744139e+00
4.964217358757775145e+00
4.437798526054197445e+00
1.141518904153550906e+01
1.693028887491310641e+00
2.994863922933835854e-01
4.983066685728494427e+00
3.531059542926800354e+00
1.046856973563880189e+00
3.452964401423045171e+00
9.114684725030372192e+00
1.202859250931371138e+00
9.963670856474642790e+00
1.397310751076424662e+00
1.031314549270036185e+00
1.617676791335623321e+01
3.415703761185615583e+00
1.684639003102276211e+00
3.840256114247475150e+00
2.773476450435151452e+00
2.404591757143247133e+00
2.519274123969760470e+00
5.252795154213231399e+00
1.442779011602790540e+01
2.299171156909038949e+00
2.198229872871803892e+01
2.553142723576019790e+00
1.487516176077873897e+00
1.201762838278106038e+00
9.270266827549367150e-01
3.557951561410451546e+00
9.145217309206800094e-01
1.038425373630712123e+01
1.865436572005422899e+00
7.776827026498165374e-01
3.578279362184313417e+00
7.594421098980800977e+00
6.519547479573458704e-01
3.107299814607853872e+00
1.376921133131953034e+01
1.286635059667371239e+00
9.424506517251086679e-01
9.699989827128391306e-01
5.635282706119348894e-01
5.964116337734540529e+00
4.956595557199657165e+00
7.200813839456768894e-01
2.480813236291387280e+00
6.590483413294318638e+00
1.640694381267228108e+00
3.510478332830667014e+00
4.284876372953523749e+00
2.658492534484200309e+00
2.956638737166415343e+00
2.547976800770961781e+00
4.978106747970865165e+00
5.064253695212340034e+00
1.542009498322626015e+00
4.172612351335036607e+00
3.261415019813251881e+00
3.110697609808188435e+00
1.852667242312734830e+00
3.286260400910890223e+00
5.365159404833522716e-01
3.284479405713750744e+00
4.499141875287784309e-01
2.362185019262069918e+00
8.677508688858958097e-01
5.578709396618909411e-01
3.184125695894330477e+00
4.062103928111866935e+00
3.892927558266334298e+00
3.688556294582349349e+00
2.256887692386492006e+00
4.346431106134185818e+00
1.314223937882085380e+01
1.401763172135256141e+00
1.951197847483321590e+00
1.481021133593531935e+00
1.042415837537139467e+01
1.521467890153024305e+00
8.934254373753674372e+00
5.019486318856438700e-01
1.196239373222711455e+00
5.876854040912450339e-01
1.852211335698115136e+00
8.869229064370081073e-01
1.088101049279591415e+01
3.304630490981514512e+00
7.376966966387611180e+00
3.858750775357217666e+00
1.684186265500814406e+00
1.189847303591996530e+00
2.767127162493895565e+00
4.406378024035713104e+00
3.084129024217690418e+00
1.541271339558447417e+00
6.933997315848763332e-01
8.587385508042775228e+00
2.384072855641362620e-01
8.920755760057232919e-01
4.420745345903783763e-01
1.767657534968848143e+00
4.991260877076329372e+00
2.911796852557590576e+00
2.491971571996280943e+00
2.587675824762472487e+00
5.457193166650212035e+00
8.462905354590912754e-01
7.724656468182354629e+00
6.390708919326166360e+00
2.193521344205479062e-01
1.096900989002542293e+00
3.658124524178728798e+00
1.258593871188996571e+00
2.682075442735981641e-01
3.229228816745556507e+00
2.390540395409836094e+00
1.754509564640066355e+00
2.625923247800828975e+00
3.093042988327384446e+00
3.055547478338719536e+00
3.001801599126135045e+01
6.702555243504524363e-01
9.609103111446868350e-01
6.390576308275521811e+00
2.448927079690895736e-01
2.229508208991728690e-01
3.113598563690005983e-01
8.286344788590710442e-01
1.547623206472887958e+01
2.298946506175661764e+00
1.052682149885597518e+01
3.063423682531400072e+00
2.274438636608145270e+00
9.014232378082258634e-01
2.185563373616252747e+00
1.505938458998435037e+00
3.183294612851697014e+00
5.799747853114982199e+00
1.677589888154017661e+00
5.475980371978625971e-01
7.598499358996243735e+00
4.130995147163088355e+00
4.694062901625233764e+00
6.682261020853196065e+00
4.388286478320892470e-01
1.181989126409624058e+00
8.320980988885348095e-01
2.337823622595825768e+00
1.418191350620108437e+01
6.923918927151187397e+00
2.348302979805397595e+00
1.576557130428449582e+00
6.086998704204362731e+00
7.342391881169186618e+00
3.559548247332577020e+00
4.823123795000998193e+00
2.385269949390032451e+00
3.195633958806646246e-01
9.650239701139961213e+00
5.207111636529166532e+00
1.136207938161577724e+00
2.162268451857543017e+00
1.413036182461025358e+00
6.830746629876970344e-01
4.146456911399464929e+00
1.243870048058841427e+01
8.605569161279025270e-01
1.935592577041181483e+00
1.037385129503977321e+00
2.263149645510101060e-01
8.220920222984606340e+00
6.393407659252923203e+00
7.355771930405429204e-01
4.223530486010924179e+00
1.529623228716469274e+00
2.072828074779175189e+00
9.921864955041689305e-01
1.220826837639376716e+00
2.843474715689082277e+00
2.442009048534274029e+00
1.473000633078819677e+00
4.729136917000439588e+00
1.369260774833208849e+00
6.966231161310429520e+00
2.070366505869699836e+00
5.745103574323062290e+00
4.130200081958763647e+00
7.907791860279473894e+00
2.336588472594325339e+00
1.963288321976573547e+00
8.725863010969385769e-01
4.396347172620133748e+00
1.973786490636952440e+00
1.202450394390619959e+00
4.547470103302852173e+00
5.923217041035264696e-01
1.008813127576873470e+00
8.687390840548362414e-01
1.516004435908527626e+00
8.289220656208445837e-01
5.348701182759028505e+00
1.183149346428124860e+00
1.021294310649527803e+00
1.283278831325148239e+01
8.431638268703072203e-01
4.471120722569716932e+00
2.486514032671156560e+00
1.558450203384343258e+00
1.542659014197739875e+00
1.044495614863894639e+00
1.497967893046526111e+00
1.893648749572987011e+00
9.838400951385064985e+00
1.182855081034596578e+00
1.346445463001765486e+00
4.808109327587183124e+00
1.736915143887269863e+00
5.445949801998547279e+00
2.420418298016797087e-01
5.140900125078592175e+00
1.121962385187838329e+01
5.735272150453311069e-01
4.454095240764833541e+00
1.797337995805261768e+00
4.712029440353345144e+00
3.681226813028922518e+00
4.757244068993236930e+00
2.888405849121223667e+00
4.388443873999916534e+00
6.705254289812648816e-01
1.122460939402627922e+00
2.143673826746808952e+00
7.051325697677876647e+00
1.228190303604297373e+00
1.106184680715473156e+00
3.210516305517629565e+00
1.988614640773790576e+00
3.841352423930635585e+00
2.213155939333482980e+00
2.988114646991116619e+00
5.200086778946078958e+00
7.252755678877382817e-01
3.461922297777300983e+00
1.131223616072392968e+00
3.116380142946761911e+00
9.468651210094771731e-01
9.495745781247745265e-01
2.630986457005418444e+00
3.878416971975697791e+00
2.663406046448120623e+00
9.204253689540790262e+00
2.757299685477168527e+00
3.585063531344468313e+00
3.594935122532211924e+00
8.977600819117885766e-01
1.579560594490579506e+00
2.822173731000400032e+00
1.560744402413069221e+00
4.120432464014536222e+00
1.314112142583129028e+00
1.568307429288368748e+00
7.985424295638713588e+00
1.619943196681360442e+00
1.836326901946177426e+00
5.983930833560595630e+00
2.061785741377320846e+00
1.413254389697845337e+00
1.009161314495436779e+00
1.078206971214429721e+01
3.719043220316809784e+00
3.130753043022980742e-01
1.015234208889440604e+00
2.597944731985997624e+00
2.624120123328510523e+00
1.073905017855183530e+01
1.579112161525223001e+01
5.099295623334635152e+00
1.999314780708408534e+01
1.677201382658332074e+00
1.585978260069016876e+00
1.109960167584340462e+00
2.652634183764260634e+00
6.723619066544354261e+00
1.261146711597312953e+00
6.125635302998425402e+00
5.183817858781158527e+00
4.825666399558413922e+00
2.447897889074058142e+00
4.680146735245051204e+00
5.974325993428144521e+00
1.795202476155041538e+01
8.034107270860811667e+00
7.747191803456408898e+00
3.307907353329437306e-01
4.505087876261688606e+00
7.041056770484080962e-01
6.680692731384405114e+00
2.095527360257967153e+00
2.464957139335568037e+00
3.587849304518823335e+00
2.818793198098657360e+00
2.101801808246717584e+00
2.403128458391700306e+00
6.373348746042839963e+00
1.432173667283016316e+00
6.772481033979705245e+00
3.500763451862897835e+00
3.188021874798102218e+01
4.452456329182545858e+00
4.444480219249296482e+00
8.934118564099031801e+01
4.994566975293512345e-01
1.025446251014404231e+00
2.104890064689774132e+00
7.920076823251164022e+00
5.333368154556834995e+00
4.420146355103209856e+00
8.465687453334771462e-01
1.571032475118836036e+00
2.323718291070048014e+00
3.671972818705548924e+00
2.116556192486349186e+00
6.181413625865382677e+00
2.098225546191068602e+00
3.989534473211169274e+00
6.104934778546708962e+00
1.938793083347195800e+00
1.213477328704712477e+00
2.717888265550497007e+00
2.423319333870216585e+00
4.183753303805215928e+00
3.983089142092628432e+00
2.946732923255876102e+00
1.529585834621948592e+01
2.966427346746002058e+00
8.334474329929036918e-01
1.769901132626773688e+01
3.897795656427565092e+00
3.144507980674897674e+00
1.273181867147349378e+00
4.104552938119776506e+00
2.427830587793445627e+00
9.564821402908181724e+00
3.131132588438040099e+00
5.359284132869664319e+00
3.499565268995342038e+00
1.476767714616814331e+00
5.125895048740102267e-01
1.563171331722932322e+00
1.411019240586451007e+00
7.407894482270869219e+00
4.039146110056409889e+00
1.515307932263328006e+01
1.240521088924372073e+00
7.120599824527657162e+00
2.291993609960403688e+00
3.358463530449023793e+00
1.748078464837844681e+00
1.486244162579221317e+00
1.331241168441642309e+00
3.290152067753180809e+00
7.932932287219361278e+00
4.139847968658726174e+00
1.756438913321703765e+00
4.958963622780418135e+00
2.686584914699303273e+00
1.281185940882906937e+00
3.299730038169255586e+00
4.755175517196063240e+00
2.012451265359299857e+00
5.902160668672276955e+00
1.624691103719647867e+00
3.525254070815182494e-01
2.721476468363154044e+00
1.241549221648965862e+00
1.601418610924917107e+00
1.704784105140548567e+00
4.409617379222774414e-01
1.776568217170958919e+00
1.359429402546562082e+00
9.420299764127534559e+00
1.927081321612853504e+00
2.302565827592226444e-01
1.154512978550243263e+00
2.211880045766448699e+00
6.788718272599350012e-01
3.470327538927161726e+00
1.627986941654642861e+00
5.686638846613389475e+00
1.696446172574957556e+00
1.290269250314176119e+01
1.003107582124926012e+00
8.216077427493798657e-01
5.734684144542494977e+00
9.632978968172535295e-01
8.846690843833898699e-01
3.182849128464380617e-01
6.407049561129730009e+00
1.582497716870639337e+00
1.314883425257819649e+00
4.250316866370568825e+00
6.150387707841220575e+00
3.783211517381487088e+00
5.154096967665328100e-01
2.397735205284387217e+00
5.545210944018556631e+00
6.381385074416777492e+00
3.537416110650630330e+00
1.090127495767435617e+00
5.190926929113721222e+00
6.439916519759950608e-01
2.795038302562619092e-01
8.575995497802783030e-01
3.498728710070863279e+00
8.013839968813494252e-01
7.664979557742171989e-01
2.950128255712745506e+00
2.136642983121466166e+00
3.976221329089883127e+00
6.300729061518336449e-01
8.084881005386671537e-01
2.541592496749469188e+00
4.574043708674770947e+00
9.639022224599586020e-01
5.567705767252154381e+00
4.008178785086502494e+00
2.131234364872832465e+00
9.492046717386440902e-01
4.779432653264927389e+00
3.950565984945928921e+00
1.034374793748263910e+00
7.908183752537889077e+00
6.581702898783806432e+00
1.903346026895519216e+01
2.036829729872825734e+00
9.444522342255333713e-01
1.499602423930911810e+00
1.823272355213839679e+00
1.353991612783300491e+00
8.881434792965404057e+00
9.711462003652654440e-01
3.506910917009992801e+00
8.134212676976515510e+00
1.894833139432404945e+00
8.472544128669326824e+00
3.453587603260635852e+00
1.556576604649483819e+01
2.398620060368716445e+00
9.680205839067097529e-01
7.339953758136277706e+00
2.174407009804054880e+00
3.005540842585126438e+00
2.942600126800004823e+00
4.408454853373275362e-01
6.053830568189391137e-01
3.658577737231705207e+00
6.098404847719113953e+00
1.569526715509765857e+01
4.166960637827562541e-01
9.250340507338922436e+00
1.115834360901143407e+00
4.168584954200564852e+00
5.494249940659793552e+00
1.859779877927636882e+00
5.472104116022694642e-01
3.581819566912353148e-01
3.473897260180068614e+00
1.706647181857965823e+00
2.143972728767049585e+00
2.145203326725533710e+00
5.972696120674815257e-01
6.716716434326510665e-01
2.238983394250272596e+01
8.197278004309855870e-01
1.926114068491156184e+00
2.383635101293115621e+00
2.333174831934345050e+00
4.887817163911911122e-01
1.266818477472770610e+01
2.567460115084196026e+00
1.280646725451462631e+00
5.626841577902884417e+00
7.952523361134707924e-01
5.101356001500616522e+00
2.313377043607944383e+00
3.599755110487044885e+00
5.977316621915567119e+00
9.887084449491594373e-01
5.554064803585815335e-01
1.682965629879876079e+00
2.872929594341953496e+00
3.674099027153012176e-01
4.585175063023606334e+00
2.162889555284777554e+00
4.025536872591392523e+01
1.130610569742861449e+00
2.877954433610044216e+00
8.272002878078694721e-01
6.877628285285090071e-01
1.843059512876685346e+00
2.689316155546347620e+00
6.886374451465673285e-01
4.424904519294472927e+00
4.276262342050902987e+01
3.176642621656952326e+00
2.583840016270044782e+00
1.579442539603810758e+00
1.228622306037776113e+01
9.942170577740967019e+00
2.091710005193040622e+00
2.630981139214059628e+00
1.457391042960854088e+00
1.202502197678470441e+00
1.509133177809431459e+00
2.279234690278038489e+00
1.833619860274602775e+00
1.411157738213295598e+00
1.571457607819329283e+01
3.059889995877384195e+00
3.197220056575481362e+00
3.574582307160023120e+00
9.293377838970894089e+00
2.410070963662128474e+00
4.536272538249748187e+00
1.404769475734907846e+00
8.868438588879260509e-01
1.285852156040137118e+01
1.138862852389819214e+00
5.616909673575328776e-01
1.823850155126673478e+00
1.228864921999066162e+00
1.400271942156707361e+00
1.904576809664998649e+00
2.826547714058988969e+00
1.219067513306558492e+00
6.980532873781466918e+00
3.136306274691886387e+00
1.334409973345197287e+01
2.741064349979489556e+00
2.610630702773200085e+00
6.971171708268181888e+00
1.747127413542448826e+00
3.902042781771825730e+00
8.542178101446633587e-01
3.845148231433159314e+00
3.114745110184504284e+00
9.333709144432124072e-01
9.413600081489614801e-01
2.649408203896794767e+00
3.762662792014406232e+00
3.079174727313425119e+00
9.537922687901257746e+00
5.062359992043350410e-01
8.101768638261448885e+00
7.296215142101554196e-01
2.737473463459066725e+00
1.543368258444702601e+00
1.255641167521550416e+00
2.787549352782231260e+00
7.463846308310034594e+00
2.024947121653581650e-01
8.115394430737419285e-01
1.952667597775934460e+00
8.163706197021598499e+00
1.614523066922218364e+00
2.416226819805092241e+00
3.016023548687088152e+01
8.168609836498668120e-01
5.981472184623928268e-01
2.393814505537757764e+00
5.153626059753824151e+00
3.681909509695692417e+00
6.959501926872334820e+00
1.828065603058184774e+00
1.514112889061190570e+00
4.694069032167480060e+00
5.221333156491791527e+00
1.015023323634519636e+00
1.631477047019110005e+00
2.972850848387087908e+00
1.311211447799907726e+00
1.138946279596304345e+00
2.889312563944517187e+00
1.250289766097184785e+00
7.674970941999368357e+00
3.348858857541804568e+00
2.111962682737594132e+00
3.675810642529727001e+00
4.840581729806273437e+00
3.777304387310968181e+00
1.409249497051694000e+01
6.247667773200398678e+00
6.367354486279509507e-01
3.957139736731583923e+00
3.958015387920796879e+00
5.024000273180834419e+00
2.039392449321578127e+01
1.392104869776112253e+00
1.080848674631956108e+01
3.397978603870361436e+00
2.864855748225574317e+00
2.916776171217777325e+00
1.541947583454935211e+00
8.201521849510144957e-01
5.487802516533002439e+00
4.204453299855392956e+00
4.394053909068347252e+00
2.985739902303181204e+00
2.671576290230026629e+00
2.172159401256500644e+00
7.514154165247106665e-01
7.843913853466546904e+00
4.130855377092970571e+00
2.266606960070081556e+00
1.481668511729624438e+00
2.959024107955971594e+00
1.643048669338189605e+00
4.823870334163900431e+00
7.669479377350943317e+00
6.054894202973326145e+00
2.868259205988247018e+00
9.657011771397243649e+00
4.320714815867398251e+00
4.780377814407167136e+00
1.079885747120238104e+00
6.934542288645074493e+00
1.677526708429307734e+00
3.781385528861947343e+00
4.642873050178637939e+00
2.020063452496166256e+00
1.903064946719488004e+00
7.605347709606200546e+00
1.499611420745274426e+00
1.270230835766454902e+01
3.685635449801085173e+01
2.131520630664799132e+00
3.274297058813167460e+00
2.318727084666252480e+01
8.840658002341763222e+01
8.779106414716061124e+00
9.671912503227805269e-01
2.137700409665144630e+00
1.952177869782408370e+00
3.316615089317660026e+00
2.942895458936015896e+00
1.614794611058762541e+00
2.023358151996032639e+00
1.244032538057107473e+01
3.396892684329584799e+00
1.266598253356067794e+01
1.662754491826325776e+01
1.553501233150973881e+01
3.090093354423423921e+00
2.314906635209386554e+00
1.836178044851215940e+00
2.913400037767195805e+00
1.231850543474999116e+00
6.036339703540485147e+01
1.124546979417813786e+00
3.202846002981183826e+00
5.482180869206845664e+00
2.900909974668555158e+00
5.923129278106575413e+00
5.446998097538139127e+00
2.609911778286811312e+00
2.774925172285752417e+00
4.016680957552535958e+00
5.703070290927578334e+00
5.957150151221452639e+00
1.646238682644458606e+01
2.490664376403967317e+00
1.085078985435611765e+00
1.573044336162617407e+00
1.035505294861547743e+00
1.609462842769269209e+00
3.664643144331642510e+00
4.711848682247423170e+01
1.405441599486492832e+00
3.947829043810792360e+00
5.922659668793736287e+00
8.424676775771867687e-01
1.843009653385915048e+00
1.723809998149382405e+00
5.492966131772022642e+00
8.526727526647078781e-01
1.939345555058285209e+00
2.210263409179063387e+00
2.301201006038469998e+00
7.387517156102422433e+00
1.366695420934800076e+01
1.935063569214701351e+00
6.908697528592471215e+00
1.352448394816789445e+01
2.950142264329370878e+00
4.823251251761467850e-01
2.902506098435595927e+00
6.526306943500379099e+00
1.047775755321634250e+00
1.277126261614103697e+00
3.464710882411706105e+00
1.324364187150541383e+00
1.826600245051107629e+00
2.850624989802328813e+00
3.674125717588389572e-01
1.445558617698654791e+00
4.140429968778781777e+00
1.790808227847588974e+00
7.974899074243583241e-01
6.060048027705408069e-01
7.842130569209206925e+00
3.547328142150719010e+00
3.269524532366554492e+00
5.967857912882768900e+00
1.215780036508265605e+00
7.203747565147365250e+00
1.075668244660796580e+00
6.777649558452258027e+00
1.969818665220628651e+00
2.667195049087220493e+00
7.930535382756734641e+00
4.521167823890398729e+00
1.980347148116416545e+00
1.566156647936958457e+01
2.624323573867501036e+00
3.359307102304285308e+00
8.142112963936593006e-01
2.973115121115047277e+00
1.455957182881388867e+00
6.591415674016886328e+00
2.353344461567969503e+00
1.429712378741712309e+00
1.798443222829655630e+00
2.351112702758220152e+00
1.236113187191269169e+00
1.902690595187268130e+00
2.950853858096373017e+00
1.883917112837058871e+00
1.886410901408745344e+00
1.247644413395677443e+00
2.494138555859472195e+00
9.017722771045718622e-01
2.210677466091352628e+00
6.131243401314517838e-01
2.494046186623906536e+00
6.475201274085481629e+00
1.807259343500526638e+00
6.060730653944682800e+00
1.332802936712901953e+00
1.811040303185776024e+00
6.398336361000092065e-01
2.704890289612052356e+00
1.831014584847338034e+00
5.361536532851856052e+00
5.549415588172244895e+00
3.130152257042184694e+00
7.641838449656221943e-01
1.267995434469588734e+00
1.041394868390763229e+00
2.133142192850572272e+00
1.433031123809991092e+00
1.140541819455495265e+00
6.115057469173005300e-01
2.357446757603672616e+00
4.569447648771457260e+00
6.954197139527341642e-01
3.566777527762076794e+00
3.345361970516044003e+00
6.213812514008775878e+00
2.858463483743977740e+00
1.068847207709608504e+00
2.483102622081977628e+00
9.276279082632188366e-01
5.637636761786119166e+00
2.185646528441565373e+00
8.636536052972134669e+00
3.820709120595641650e+01
1.505686718205727415e+00
2.875523565739666498e+00
1.339139769856596329e+00
1.050322212491636265e+00
3.818757644704420695e+00
2.645702145529187366e+00
1.933992153256441693e+00
1.177541797736610940e+00
6.926485219098020840e-01
1.152936862733038526e+00
4.407658349832663802e+00
2.123651898090574974e+00
2.874807958267018293e+00
6.526887159806041616e+00
1.284231489364799694e+00
1.416448127316774830e+00
3.872933817300241888e+00
1.356087544041406190e+00
3.529779374483617005e+00
3.341105642276306575e+00
1.438281264649141189e+00
1.734397213140438510e+01
5.597689893287061125e-01
2.265852085277784145e+00
3.140001541867112778e+00
1.422943680377565467e+00
7.413490189588998192e+00
6.505261703500343273e+00
5.779575367873677205e-01
2.268837928875727528e+01
9.944380839146665707e+00
1.733072796482991729e+00
2.283151671699123142e+00
3.132647233541741461e+00
1.456296404862666094e+00
1.683636302983545718e+00
1.270917459270078709e+00
2.384297327524892651e+00
1.395794626140685057e+00
2.520687367263655609e+00
8.147231765800367898e-01
1.097750447590686207e+01
1.536437915622643091e+00
3.252226149684880774e+00
6.036336995805015704e+00
5.147936518140217466e+00
7.942320013803263468e-01
1.621172332867559795e+00
1.304488356878415978e+01
4.173921340003125202e+00
1.438747689898894899e+00
4.523173184795851398e+00
1.434163835219661465e+01
4.075620261854719040e+00
7.353136179838299924e+00
7.429012509376421214e+00
2.009346948539268318e+00
1.102567213821001246e+01
6.957247893522133797e-01
9.376657384307474086e-01
9.248063496369361758e+00
6.576491367839798485e+00
4.148019466892290730e+00
3.724570641785271086e+00
2.518309475844566769e+00
2.168294298071200554e+00
9.056980588789467213e-01
3.015064030262497585e+00
1.371394131599626087e+00
1.399476337628219191e+01
1.705309556275105720e+00
9.498940747019389619e+00
1.934775701283115268e+00
2.812050722647144951e+00
5.066824698134715366e-01
8.701081222452161645e-01
1.519814707620793470e+01
2.051642328514334590e+00
2.215547150672056098e+00
6.972325649521887714e-01
3.389873154027879565e+01
1.982470940905907586e+00
4.225398761141001103e+00
1.068556307556799867e+00
1.003517704256855270e+00
4.134288111547546052e-01
9.621436650976935567e-01
2.843210948245395286e+01
1.684062049413305839e+00
3.676511935060789771e+00
1.768906085890194824e+00
4.685454642013659132e+00
7.762861237273032122e-01
5.546725593797408038e+00
3.792829862647029149e+00
7.248009862906837952e+01
5.223695032300851082e+00
1.338605811280999980e+00
3.479016185453641441e+00
1.662229057851562830e+00
2.175635063436005989e+00
1.912275069767729718e+01
3.447211519430495752e+00
1.804275085693723746e+00
2.184223957879781075e+00
2.617661114676342660e+00
3.434245619393453186e+00
4.122541922785665669e+00
1.090460263361229920e+00
2.215012322286509061e+01
4.847595524947934997e+00
2.962259013019524101e+00
2.363860576665209656e+00
1.095316032868809586e+01
3.128330889375653179e+00
2.342873322517190715e+00
1.342737387186546227e+00
6.544896371487006093e+01
1.652721604202273653e+00
1.484292636029418411e+00
3.313241655683491160e+01
5.012168857660920906e+00
9.223960928881439258e+00
6.742951136554023783e+00
3.128711567702752383e+00
2.885902737607476620e+00
2.108604379257658312e+00
9.066935102413680170e+00
1.439224755194837169e+00
2.155718733285755917e+00
1.066900045563580424e+00
6.405291201728355865e+00
2.618551874173430249e+01
2.339715223928506393e+00
5.773159497226342474e+00
1.216552498412185557e+01
9.031142958498524109e+00
1.430828806831852518e+01
3.178056861179159398e+01
4.896460661126648795e+00
1.886762663559888642e+00
1.899634435240671948e+01
3.927893591961364450e+00
1.604726946981808400e+00
1.113222104462741946e+01
1.001166969754073710e+00
2.973866676722201952e+00
1.510106525980863923e+00
8.221777656321120897e-01
1.112877564862257884e+01
2.222120612757523617e+01
5.118516153503848365e+00
1.159894648157209440e+00
1.233010922175193436e+01
2.709094433231010957e+00
3.976665957067442303e+00
3.754651736250693705e+00
2.666068899566165662e+00
6.009292595963056094e+00
1.880939964827172739e+00
1.928140920938914249e+01
1.504534024227352162e+00
5.184914126444954974e+00
5.642599141555410824e+01
2.321591409937503236e+00
4.375401423249817512e+00
2.861453700862182359e+01
1.407174833063896102e+01
2.082850663992453111e+00
1.978683327516591817e+00
2.770600933361413443e+00
8.998171602684546855e+00
1.954699882584385762e+00
3.856393888656201696e+00
1.433416627762081852e+01
3.491447566616972864e+00
2.893922143921686452e+00
6.731599698167912704e-01
5.520874551635913008e+00
7.083673265761158078e+00
1.379938468066578139e+01
6.432024343641346675e+00
2.181370313505064473e+01
1.306961239835239041e+01
3.325802879888521968e+00
5.391812778710798781e+00
2.233720905468191020e+00
1.823354786179977793e+01
1.622210341192664984e+01
1.704681275403831631e+00
4.400818674479787695e+00
5.549349003542740633e+00
1.501559840455376493e+00
8.100505654353659324e+00
2.389046042500652334e+01
2.673950657543600506e+00
1.248043144743333954e+01
4.353604531650431930e+00
1.632991596401523537e+01
5.797557314915551530e+01
4.946566015204953004e+01
2.092227792985129042e+01
6.360510787324349025e+01
7.447298617645621732e+01
6.295589075243676724e+00
2.101766001260428496e+01
6.568767042614580554e+00
1.808099725050695028e+01
1.640058648456149015e+01
1.075316083572725034e+01
8.254283420277344518e+00
1.481202406889625145e+01
6.536986894301932693e+00
7.215343160305062042e+01
4.640326600349740005e+01
2.180340432866281830e+01
5.055639686889012552e+00
4.340857271138581552e+01
9.129188316238119327e+00
6.238547712768901299e+00
2.061310595145304347e+01
1.950370276454899354e+01
6.093347741576435439e+00
1.188669708760942356e+01
1.347491708620849948e+01
1.400332681424638004e+01
2.512777837397538150e+01
7.800146066597295480e+00
2.612065740771825872e+01
1.200315791717731351e+01
8.154003921848847369e+01
1.094213810090975159e+01
4.407994742619692374e+00
4.275465565884631047e+01
6.741785026545062287e+00
9.731023250421012349e+00
6.840425138811466077e+00
1.721361535965845135e+01
6.702674532393615436e+01
5.518156723735161506e+01
5.622526342944917133e+01
1.081805734853606182e+01
1.442643416759167607e+01
6.857678155134184550e+00
4.278748768780095446e+01
3.041565271107491242e+01
6.795211697300062248e+00
4.182987227270098529e+00
1.194787366424027297e+01
1.867843420767480467e+01
8.392112467173369339e+01
3.787007196498670680e+00
5.349904079242348587e+01
5.684544128152998610e+01
7.749656454311298148e+01
2.909136838034820016e+01
2.103057861245603988e+01
8.027625264100053926e+01
1.803589826249617190e+01
7.246058068530107477e+00
6.633786826613425447e+00
1.567949724244584431e+01
2.791154141505231934e+01
2.047069499494823752e+00
2.098569583602423450e+01
1.331436035872849288e+01
8.632124079578021281e+01
1.953325745470856134e+01
1.944601658600421601e+01
7.518086704213888538e+01
4.100839135123365509e+00
1.697891216978935702e+01
1.201140904428329215e+01
2.496496519829962679e+00
1.939678321592275267e+01
1.781015977454222465e+01
6.805376902682557905e+00
1.590323326979265062e+01
1.200893290111764156e+00
1.255834747699175757e+01
5.265568650176960830e+01
1.112319541561074665e+01
1.140241557822524499e+01
2.280766237713829980e+01
1.291069947928986394e+01
8.274619931704693121e-01
2.140229210814299776e+01
3.697925642189002815e+01
7.468765359613313137e+01
1.713702268940056328e+01
2.676707777344245809e+00
2.978829528302437879e+01
3.259866367009942678e+01
1.022481711745400013e+01
1.523109745230926038e+01
1.987700773980505042e+00
6.714907804801578450e+00
4.374886985018458851e+00
5.702448938064040185e+00
5.126275053212591359e+00
8.046276895373453897e+01
6.638813314394002241e+00
2.034574121184048678e+00
2.942469184335007881e+01
5.669650486759132235e+01
1.371771001466395745e+01
3.899813763428536806e+00
1.684497249986936396e+01
4.589030241563910550e+01
6.021785312513844524e+00
7.085184321038437538e+00
3.518286920441903476e+01
1.116984163229967564e+01
3.121256381158393012e+01
3.322972625219354548e+00
4.531962213720721167e+00
4.967212147837938119e+01
1.526797688763475946e+01
9.355452922651830150e+00
6.252754750088584501e+00
4.109621467588721799e+01
4.509282003823908980e+00
6.189128859701195040e+01
1.491025888386076659e+01
2.796688879719464538e+01
4.824072322603345242e+01
8.045495101014585870e+00
5.782989054606814783e+00
1.546333605319258231e+00
1.682475298766318295e+00
8.463349254172561587e+01
9.282032718764297030e+00
1.254338909110226652e+01
2.935155971164336108e+01
1.748093042110285378e+00
7.379443157231284189e+00
6.690218907224545930e+00
3.881969020472807230e+00
3.434236710998656150e+01
1.456992844243971597e+01
2.461650313462546436e+01
1.725663236325536865e+00
5.211087650853942321e+00
2.203864218963544008e+00
7.446966410787595692e+00
5.350066341992390839e+00
8.217355918075494969e+01
2.285287143732687554e+01
6.880912001290091951e+01
1.160235436195051761e+01
1.499233485063627569e+01
6.019588236195925646e+01
2.780157254875322614e+00
2.817497761831207370e+00
4.037219122724336806e+00
5.028075354929092100e+01
1.318405531545877629e+01
6.684921980044918222e+00
4.705974576419269795e+01
5.229362463596379129e+00
1.494739629417034088e+01
6.347119245872784532e+00
1.504600692034004794e+01
2.544499373459117919e+01
5.608988461989854812e+01
1.409590569427168916e+01
4.504829560569240243e+01
5.439333996300030094e+01
4.805534305918139637e+01
3.102738849711851099e+00
8.662154156072375599e+00
9.168749212795085368e-01
9.144563320549387697e+00
1.882685728843938477e+01
2.557118852156738065e+00
2.046335609857124815e+00
3.159628870630477948e+01
5.273570196313089653e+00
6.444707087962724756e+01
1.388253673980329062e+01
5.644482241457550842e+00
2.976880391902455614e+01
1.158469801147547784e+01
4.511959938380767809e+00
5.962638881736406660e+00
7.079767297494901968e+00
1.167045475397724630e+01
1.512739064137761424e+01
2.254607236976870155e+01
3.433109035423272726e+00
1.125359766133937889e+01
4.497017429133458677e+01
6.828573521614879738e+00
5.014293192522915277e+00
2.218592505458976660e+01
5.593879244366353198e+00
5.745629201056352109e+00
8.458371024271087890e+00
7.055679686956707108e+00
4.012425715965215467e+00
1.774601117265212080e+00
4.267790938610725449e-01
2.676298522343008912e+00
1.147103455864508792e+00
7.910593258075314438e+00
1.750843595732055391e+00
7.282588702766881639e+00
4.522605983991158318e+00
1.935174619720593725e+01
5.966672098809561398e+00
2.002225463369621927e+00
7.460793833739077785e-01
2.019626347286218593e+00
2.422603297942929501e+00
4.278718084019306644e+00
1.311889879785666224e+01
4.357736639933014189e+00
1.404358743837203427e+01
3.676816819512913170e+00
6.078561937252682235e+00
1.301648496313330305e+01
1.109979759035511160e+00
9.241516149491175725e+00
1.106225069330147637e+00
1.706013619250665636e+00
2.429768578754732289e+00
1.015426270558594268e+01
7.042896578324455703e+00
2.404413018075633790e+00
1.466977868422291742e+01
6.124094528265982440e+00
2.446423470236110731e+00
1.305434135286068376e+01
9.412866263589041438e+00
1.802125574140651665e+01
2.917196269136914211e+01
2.108600882987589742e+00
4.108036865254256931e+00
2.034781188876034985e+00
1.926448950908615121e+00
2.437160856727757619e+00
1.370857851551357198e+00
2.716581394691128803e+00
1.946511128967776827e+01
3.200050970937635242e+00
5.256886772925409623e+00
2.348075342141682231e+00
9.189437088270494769e+00
1.732412186741502991e+00
1.193698126233182721e+00
3.528250232640266493e+00
2.628787081564981420e+01
2.809427825841237070e+00
2.792604929377683476e+01
7.856851355282610250e+00
1.670549941079826128e+00
2.862790535000505621e+00
2.435451917138091726e+00
1.794175821780096935e+00
3.261297351666306188e+00
1.920652236544543001e+01
1.298979586483105297e+00
3.030716902308100646e+00
1.832953648590659679e+00
2.587468829336083243e+00
2.300479681984822378e+01
2.566293446043091286e+00
1.457166830369434685e+01
1.401684474178120077e+01
7.457143161227661743e-01
5.002407298676208036e+00
2.546961535012247868e+00
3.535310565629865565e+00
1.217828071908528820e+01
9.712949863209163759e-01
6.307679026141477685e+00
1.347440124269948392e+01
2.983392833886786999e+00
2.961252358008650276e+00
8.661365583944720470e+01
3.184769067385655017e+00
5.260371183311047361e+00
2.100730162042505622e+00
3.375467433955684271e+01
8.330539280306636485e+00
4.314785188900231105e+00
7.037326070882443219e+00
2.420181148826830331e+00
1.241086661656210310e+01
9.019431390014256422e+00
3.145906597555907513e+00
2.125895907696885967e+00
6.575466437982351309e+00
7.646594366311935120e-01
8.817416485734669962e+00
7.422148071387902668e+00
2.472762930494938782e+00
2.820165124556003988e+00
3.082379033838018145e+00
1.849722506686758638e+00
4.631672811290927227e-01
1.045546754569458159e+01
1.213840926421326571e+01
4.746170913573863892e+00
2.030119414214689999e-01
3.654671740225530652e+00
2.307258356228800267e+00
2.667192311699346785e+00
1.266287224633992636e+01
2.377921380137834362e+01
9.510019144432373395e+00
7.677007931351081949e-01
4.506845550373266285e+00
7.148085988049248840e+01
1.031531563585652345e+00
1.946629162888173070e+01
2.085207889383521529e+00
5.274823821629260223e+00
6.763312903758889938e+00
1.488432429478019126e+00
4.053215680583070579e+00
1.813945673828381011e+00
3.820923773425432657e+00
5.883661455208858193e+00
2.326853665425761442e+00
1.872609100840445295e+00
1.820594439527191133e+00
6.412050542585518542e+00
5.725784808362433864e+00
1.294464190805329595e+00
6.169236475435583289e-01
5.475212643151926351e+00
6.691799978640024626e+00
3.961769049740399229e+00
1.417706066883777538e+00
3.779897315521927759e+00
3.040054495322832118e+00
5.695674699621990023e+00
6.003418187315388010e+00
2.204745607410903752e+00
2.388454398500288178e+00
7.138451835628959685e+00
1.005477666023007899e+01
7.035505877204305314e+00
1.186000525968473163e+00
3.649356654230204278e+00
2.757915369231069391e+00
6.285525131685696820e+00
4.637551050681861575e+00
4.768620476138858422e+00
2.863072619157453147e+00
1.257693746509600885e+01
4.512596586145146027e+00
3.918084199069278739e+00
1.724369531557495172e+00
3.123791377267830960e+00
2.175076114099731228e+01
8.156002177543965059e-01
1.202342358192181848e+01
3.528773068676867464e+00
5.381209616647427474e+00
3.462370303741952426e+00
2.865465958844719552e+00
8.503262427188023054e+00
8.922897446580545733e+00
3.354563238854317841e+00
1.187914130666660295e+00
8.438282800695454000e+01
1.544800581191972721e+00
3.627560878890142781e+00
1.858862298372917721e+00
8.881947468602035656e+00
2.264053764461302354e+00
9.322986623989880650e-01
4.855905980281445267e+00
3.644151520848335046e+00
5.975021878562346567e-01
2.658257866568008776e+00
1.668732427792692263e+01
1.052377089888467676e+00
4.577408242070534428e+00
1.383960615947308126e+00
4.750779826765949565e+00
4.135873666323848674e+00
5.303607841148859414e+00
6.132396629617047346e+00
1.995818318150414328e+01
2.314539225709439485e+00
7.468072721661437541e+00
1.145608242759722017e+01
3.563194419256086931e+00
1.470200656042647047e+01
6.636751404469901638e-01
9.662510963227124439e-01
1.921397896143096640e+00
4.269899668292064909e+00
1.147752973667256038e+00
1.332505959768661929e+00
9.028055896648828238e+00
4.611793460427239033e+00
2.525021974297605887e+00
1.018356923755890042e+00
1.618281587472559346e+00
2.429009572634405423e+00
5.635857974238928314e+00
3.622794817406526646e-01
7.191254544603814303e+00
1.740430737117501181e+00
7.989366060796366797e-01
9.361191891756431849e-01
2.029877190795622788e+00
2.046826334785972978e+00
3.229960813906043882e+01
7.638209046103323629e-01
8.267910802365820544e+00
1.452715189288911635e+00
3.574653815535881130e+00
2.523784114987952076e+00
1.117189144560786662e+00
4.541137565512141983e+00
1.198994684127633770e+00
1.461887098644056415e+00
2.947621801106129258e+00
1.230177237769038534e+00
8.027395151570143605e-01
9.217704792081469201e-01
2.528356454713808876e+00
1.149119971118137862e+01
1.323101079895209686e+01
4.665198660315115653e+00
4.661850297072495652e-01
6.031911672877857455e+00
1.852403559456579085e+00
1.949315701447210003e+00
5.068259611998702674e+00
3.616989838627545417e+00
4.133168323485356233e+00
7.966240123883556734e+00
1.845306643492393039e+00
1.791405692067871769e+02
2.437922749020677404e+00
1.563994383968628776e+00
3.257363078354385433e+00
1.687513511782800402e+00
9.050868941313522376e-01
4.666703244223563196e+00
1.483963833684216471e+00
1.378452549205974487e+00
1.854167596655346806e+00
1.014681872205715685e+01
3.104205268263485085e+00
6.959779037329318463e+00
1.225439491869993125e+00
2.798844001743748144e+00
2.388269669882921775e+01
1.249493602390138847e+00
1.422310029780126683e+01
1.766643361292678946e+02
4.739387204418307853e+00
7.105641678907763659e-01
4.132166719120826670e-01
1.640787428985135188e+00
4.617323502374138799e-01
1.695895629264515847e+01
1.865215189893101089e+00
1.839422339826358765e+01
7.008702153916425148e-01
4.712144774429908978e+00
1.736058392309796528e+00
3.132385218692125051e+00
1.898009543085580786e+00
2.091406742657505369e+00
1.169827274335432987e+00
1.884506600569328061e+00
1.123407728655363691e+01
2.635556556086966484e+00
3.030190218355374832e+00
1.833530740248156432e+00
3.989065971150492107e+00
5.413810041172936849e+00
2.102491274488536899e+00
6.401489463616673703e+00
1.452209610503706561e+00
5.766242644668220230e+00
7.947570227488827133e-01
8.873645479181413442e-01
7.228508759043892340e+00
1.815080618860209771e+00
2.037858510393264044e+00
1.038488341469224086e+00
8.605453618891855117e-01
5.063702854780179230e+00
7.089556226071648259e-01
6.676300533309131424e+00
4.153780077044335606e+00
6.617059609807661502e+00
2.577689338098819949e+00
2.678963503827474835e+00
9.800348426845852501e+00
1.495892476002998350e+01
7.190705767487639832e+01
5.878486578346515046e+01
5.295829621540758758e+00
2.676985846063343111e+00
2.214635381898236943e+00
2.347401429591566835e+00
1.702146772916825341e+02
2.693011453652546905e+00
1.664322898320791611e+00
6.574155727211124400e+00
1.869153459072304813e+01
9.111177116828184808e+01
4.430933229841367904e+01
7.289931929508876252e+00
9.576465719889629691e-01
4.774916691217129916e+00
1.616803628971051232e+00
2.838223916019060766e+00
1.339368213137817731e+00
1.987212919115005416e+00
5.075627329037221358e+01
2.229633466600031699e+00
9.174037042999667335e+01
1.223724910276472677e+01
5.379638685143246057e+00
3.882423410244958961e-01
1.593869961257897572e+01
9.012201959979449839e+01
9.398046833269172851e+01
5.199326848659606704e+00
5.621357540005662123e+00
4.357382134932889173e+00
4.408296267865730478e+00
4.342149493623911560e+00
4.078785268410246800e+01
1.439977655587287853e+00
2.086299493561908580e+00
2.889342679919373325e+00
1.784805209238806700e+00
3.445957245518231460e+00
3.239112136848645740e+00
1.124669643818972498e+00
2.341613042506645481e+00
2.861186304539797387e+00
2.190738365314156333e+00
5.594262592136944079e+01
9.363135213844093130e+01
1.751807567894156392e+01
3.551615688741476262e+00
9.802362251104942414e-01
9.177706688813586089e-01
2.288710253191546684e+01
3.768497887453330808e+00
2.864551731365938547e+00
6.842167397290450026e+01
4.694440957527847758e+01
9.121245509401988727e+01
1.033352475444666041e+01
1.559406450378339173e+02
9.378853257669138799e+00
4.768666626007483700e+00
3.436550128999204534e-01
7.617504086779943728e-01
1.061102333786998742e+01
1.338727468762692885e+00
1.462157570162694764e+00
1.009198619294571886e+00
3.955112351844496388e+00
2.946073688091075837e+00
1.108700290295882462e+00
4.988282909214581728e+00
7.446674079056954110e-01
5.650831752714749356e+00
2.363691842772909002e+00
5.144513608563109353e-01
4.460837582899339537e+01
5.357260454570385910e+00
1.167933810751116130e+00
4.294859636461809238e+00
1.216467362947394726e+01
9.894001310713482766e+00
4.373560889540852870e+00
6.210589195762771242e-01
3.388268177669027992e+00
2.598014765912331825e+00
2.244670773771631378e+00
1.716558312043241585e+01
6.331629368017880921e+01
2.485509141184666149e+00
5.572486358239381765e+00
4.752996280953184716e+00
2.324469791983182265e+00
5.999470951411102204e-01
1.074220302442164865e+01
1.679593081967514445e+00
1.517270285328925361e+01
1.377023667593561651e+00
2.239550357774895417e+00
2.124174222794700473e+00
9.506075572244353511e-01
4.475608682065338684e+00
6.537124083356559368e+00
1.337825421304580376e+00
6.211765957252112003e+01
3.945213089254553385e+00
1.747972725266235727e+02
3.845600895534248664e+00
4.928721396631615015e+00
4.331306391401530398e+00
1.075561322475743209e+00
1.177556080839905928e+00
9.394959027961381492e-01
3.552982500864366955e+00
4.377776919068889327e+00
6.034324203212317883e+01
1.048550406941897251e+01
5.107707893468059979e+00
6.243991825669186646e+00
4.304813842616593611e+00
6.881507064912120164e+00
1.790479346736957496e+02
1.073068948538438505e+01
2.640943180977699090e+00
4.242833757441885467e+01
1.204101862715122540e+00
4.142832983884815690e+00
2.852429070918978127e+00
1.952038341754443795e+00
3.337115939581136725e+00
2.463484068940742233e+00
5.402367538263075808e+00
7.264875692566294951e+00
2.317104003860443129e+00
1.543104775495859338e+00
1.488180557567128748e+00
1.945223469275798811e+00
3.082440898154644948e+00
2.008101972942165858e+00
3.122575348375253412e+00
3.154144429962578489e+00
2.000421027024893217e+00
3.354054427348350131e+00
2.143463193850939863e+00
1.614315154889166024e+02
2.018437155253105075e+00
1.854446794600830506e+00
4.371952307173045504e+00
1.214310608964240146e+01
1.073079056826432520e+01
2.260614417780705487e+00
1.660729818967155325e+01
2.093464962366236470e+00
2.591644997153926600e+00
1.041224973002834675e+00
1.286805529125158332e+00
1.796684437617291152e+01
5.481278787016351295e+00
1.646317049485714001e+00
2.021744099946649165e+00
5.907996788604200411e+00
1.388223468246495562e+00
1.007283341464409432e+01
1.526316537681228880e+00
1.582747483212752115e+02
6.086860777147304447e+00
3.063263445306234178e+00
7.837086961778524596e+00
3.011046737526139161e+00
4.446904623315236726e+00
4.203594324764627288e+01
2.586391781329611561e+00
2.777477022421250386e+00
1.159415357028317883e+00
2.532423623197423979e+00
8.527772137264651775e+00
3.481865958775141934e+01
1.589561133365782553e+01
1.163179155976156315e-01
4.857929094335154296e+00
6.407238958870195233e+01
3.438652492140575667e+00
9.280848915674612121e-01
5.369976041148415646e+00
4.855874612287045977e+00
3.809813993324788761e+00
4.922003438090011840e-01
1.497138708090104764e+01
2.771986838474012504e+00
2.510784953886376680e+00
5.810448635978135101e+00
2.340311569588205298e+00
1.058729835218809701e+00
6.627389177397351894e+00
4.538653498816486831e+00
3.159449083938430825e+00
2.167386787389786740e+00
8.215827605904030273e-01
8.312399036218570458e+00
6.224201461730045626e-01
3.354952225037511671e+00
1.912653458014465713e+01
1.456667019038734301e+00
4.523657973507249075e+00
2.287896644134973290e+00
1.897108975399788289e+00
1.765335613667101455e+00
6.469467602791241667e+00
4.611261409712436032e-01
6.077505953626539670e-01
2.042710556528885224e+00
4.553070505022005499e+00
2.068419298533288764e+00
2.291384202224218924e+01
3.137376727005670496e+00
4.978094949296385074e+00
3.122098630345823689e-01
1.228907577094132897e+00
1.041485633052757898e+01
1.866888284354109917e+00
1.247609563120012144e+00
1.157711085644426374e+00
1.659487199776710664e+00
1.110433016322476485e+00
7.446812407861122196e+00
5.516724684025265946e-01
1.229162596504574267e+00
2.764716687086364644e+00
2.059286269689421189e+00
6.154161880551476393e-01
6.907545006298021484e-01
2.595108561995296714e+00
2.009293101611743015e+00
3.454501260858024558e+00
4.641978680661492440e+00
5.554076752420874286e+00
2.439011441215562570e+00
4.759792314714399453e+00
2.866601169473800947e+00
3.264086727219697615e+00
2.635583985899109027e+00
8.568999377930929029e+00
1.726574932128558260e+01
1.623326494161876576e+00
2.836510897694640043e+00
4.895774710698917787e+00
9.130388134366876907e-01
1.062174324692519889e+01
5.222873208829764691e-01
6.858797630611254803e+00
1.034811395418128122e+01
1.536646062169841676e+00
1.123915731327900680e+01
1.937796113655990027e+00
2.095298441698073333e+00
9.571489853377760371e-01
1.293076929470058145e+00
1.649881749539746423e+00
8.902984099143791408e-01
1.264585192651093815e+00
1.301603486389117936e+00
2.987925957720336534e+00
1.121203058379970585e+01
3.502874042179849212e+00
4.868082838501034182e+00
2.269573675044414074e+01
3.597751071043088000e+00
1.330119861811480142e+01
2.394925527431910695e+01
4.029464432601096213e+00
2.498949770446639462e+00
1.018504318394079400e+00
4.151147778634428853e+00
8.080496951620942170e+00
5.920646421605906262e-01
6.948599231175421664e+00
1.331144410720751514e+00
2.444573768675087688e+00
2.868412108203739486e+00
2.304317498560301214e+00
2.111767639369241056e+00
2.838494786680144433e+00
1.611172795923090151e+00
3.136946978613294412e+00
5.714424856887824866e+00
6.455488635586534296e-02
1.406104779036222752e+01
7.985369090677479909e-01
1.877674249826110087e+00
7.552543394129643595e+00
2.368972714682916703e+00
2.250401300598787291e+00
1.574115827000587942e+00
1.149352295748205188e+00
1.538735065119586132e+00
1.890194964258713917e+00
6.997230820349457092e-01
4.148847066036960740e+00
2.703530087075649124e+00
6.664298051439417669e+00
1.703372165595424903e+01
1.220466719910721975e+00
7.973923384887966037e+00
6.299969215076938411e+00
1.068695833516043159e+01
3.707831779685663687e+00
1.996040778159710039e+00
5.214786881155029974e+00
1.433087703896064546e+00
1.045364340380954715e+00
6.500119866305083427e+00
6.452531272213310132e+00
1.273640349835633012e+00
1.629350169371544510e+01
6.038568116156250198e+01
2.539635760127430864e+00
6.292657740226304952e+01
1.151822904176706430e+01
1.266756144502302339e+00
2.485879270578992273e+00
1.439300006362835305e+01
2.722393263470771707e+00
4.388889996617864497e+00
1.645857754329305589e+00
4.424973909508311820e+00
4.150521367975389175e+00
3.774984652908388583e+00
3.624669650324492398e+00
9.488560011908946379e-01
1.044527829066681068e+00
8.190355050679499982e+00
8.536086888718850219e+01
3.264126859877785947e+00
2.179049456393861384e+00
8.823192165943764209e+00
1.897886373843340468e+00
5.243265111661513878e+00
1.724431633392028651e+00
3.897531299336872035e+00
8.001300287184304194e-01
1.541659577166334394e+01
1.938953147495671603e+00
3.525627870911850259e+00
2.353942823022176611e+00
2.726848631241680199e+00
6.257006402467173434e-01
2.463789878675310518e+00
7.078636572460838750e+01
2.497368740265972775e+00
5.593394690296651373e-01
4.286274558433626147e+00
5.001918914302808661e-01
3.669800530684004691e+00
2.779606018012239232e+01
1.775883567313095046e+00
2.431110744734532503e+01
6.056082736851884363e+00
5.570742760275563255e-01
5.550692160045803680e-01
2.091881703675409376e+00
5.655474998094216943e+01
5.496033152061306382e+00
1.530273651524080059e+01
1.843467830534331853e+01
1.070849443120273525e+00
1.418140893756187459e+00
5.312898777298042496e+00
2.364449019488233272e+00
6.931255463487558721e+00
6.860673786571628519e+00
1.807484407401628967e+00
1.973683035021736032e+00
1.610433395541264190e+00
1.479569438885456556e+01
1.353713558978296039e+00
1.869395458237899765e+00
2.026031575059636491e+00
1.009273902991440686e+01
1.227067672439452473e+00
2.049651816954048300e+00
2.402381819439754818e+00
4.199963120576812314e-01
2.960136815374668551e+00
4.234617629476534972e+00
5.311956283431106485e+00
2.543124481611864329e+00
2.160796231668227563e+01
1.019045379341106106e+01
7.033619837264960539e-01
6.902260345625236049e+00
3.515475117985720654e+00
1.051321952628760492e+00
1.899831607687723745e+00
1.256671740017010652e+00
9.945485431655664010e-01
6.047840719385642050e-01
1.794596644016387854e+00
8.818613894765204853e-01
4.799844160085347866e+00
5.467471158548643517e-01
8.861031528399170298e-01
1.997610828358679669e+01
5.646186566582817035e-01
9.658919828622364534e+00
1.234442625417387029e+00
9.656350560417441997e+00
3.407906467056051047e-01
1.345996593579293021e+00
6.263196016578690406e-01
4.383764885848006054e-01
3.467822237363346605e-01
1.788167130940692857e+02
2.615020443558763175e-01
2.577773087627555526e+00
3.144215093053882581e-01
1.153869761069000521e+00
2.213352511232511866e+00
1.817673293523366596e+01
5.260058839019702281e-01
5.181637652190558274e-01
3.144796754324633348e+00
1.143361154693766979e+00
1.616450155997734284e-01
2.166015419307959489e-01
5.101430754588165417e-01
3.788702249306991288e+00
8.076437698897735995e-01
4.963993529015807149e-01
7.245670734867265539e-01
7.087921667511051793e-02
5.400637797238519333e+00
2.075107405527256432e+01
1.566621454876414798e+00
2.579997815394946326e+00
7.790174365105331233e-01
4.168371765515850313e-01
9.612375756161916085e-01
7.108493465240290909e-01
2.372175052056084421e-01
4.185408599740804703e-01
7.234060201278020941e+01
2.539344205025971579e+00
2.833679368449543645e+01
2.708180640107344939e+00
1.500386084117541152e+00
1.558767821895164385e+00
1.380316804910239892e+00
1.953517858766705118e+01
1.108664715413020696e+00
8.799506223434230279e-01
4.673891730982341564e+00
3.767527414642249717e+00
5.333751537184095781e+00
2.008418956345971451e-01
5.903494479236438552e-01
3.119604317594842358e-01
2.369044340941098170e+00
4.026059630189194327e-01
1.607967171360479242e+01
2.821149214181027709e+00
4.450037344636904812e+00
1.054224022110907377e+01
3.109843964711330178e-01
3.330577514446245146e+01
8.236395575969085447e-01
7.761289148202937804e-01
1.012960881126148749e+01
1.709810082568540002e-01
1.781838084831997460e+00
3.473657341857991021e+00
3.479972327522311115e+00
5.984137365679019771e-01
1.485178565709412535e+00
7.619549319745221538e+00
5.479352519124573107e+00
7.246401600903884521e+00
3.910189789451272158e-01
2.787943582419603605e-01
1.424159350450291128e-01
2.956715926195031541e-01
5.755473316686563479e-01
4.938536074082596761e-01
2.260968339185361220e+00
6.652452896356846779e+00
2.182181175799842610e+00
3.054910292935615335e-01
9.600357563905509650e+00
7.552802153841381028e+01
1.411589696099774649e+01
4.464118638504010472e-01
4.020255701482490451e+00
9.639380936616083417e+00
6.004838736215506456e-01
1.015901001595003272e+01
1.834879359892433337e+00
9.300590412722308242e-01
2.955348135268436316e+00
3.187566948646979981e+00
1.999586275895554621e+01
4.495811585947558919e-01
6.642459517423244364e+00
4.447248653402220420e+00
2.263184524694846544e+00
9.006387337575262331e-01
7.545552182190544688e-01
6.982243138905975810e-01
4.364409871716393496e+00
9.004816534657819060e-01
5.389931313316435713e+00
1.557861038933973763e+00
4.550024385904706925e+00
2.951593920120285097e-01
1.865662422203899773e+00
5.122651078815747105e+00
1.053330370380568537e+00
2.671113577936475636e+00
8.880073440592707312e-01
1.450717661394245184e+00
3.478315291448595303e+00
3.603483528077580544e+00
1.293490694061159907e+00
1.986598918511608636e+00
2.022549232984335976e+00
7.653569591880979850e-01
1.147747659261137976e+00
5.447037024647111814e+00
1.933062414201347057e+00
8.059375142825915272e-01
5.482442073037493202e+00
1.915951864254453518e+00
6.894268744679477035e-01
9.119947636162892834e-01
7.024617273724794719e-01
6.933547786058728946e+01
3.560051097383150953e+00
7.148193764665244032e+00
4.347199625236767284e-01
2.268315639351268231e+00
2.394592454332261422e+00
3.948874833485966462e+00
2.755562151992297260e+00
8.750280566512005365e+00
2.090869742427960531e+00
1.944277743285973914e+00
1.299455048305831584e+00
1.228877073292563571e+00
3.901965931249907982e+00
8.925435843598090724e-01
8.058393355045696538e-01
6.189997229331577477e-01
2.017833224853536223e+00
2.418341319445430848e+00
1.019943729793556741e+01
2.717381999854213248e+00
1.098362666980560398e+00
2.795670869060105534e+00
1.780397031765379623e+01
2.727393933279217197e+00
8.098149455195280400e-01
3.645509077977405976e+00
6.539811296138603458e-01
2.105032219574868524e+00
1.476260838377053242e+00
4.588402765996895560e+00
2.557051650534958309e+00
6.315218470033291176e+00
1.428581435538198052e+00
6.766312342394544821e-01
4.076835461187444665e+00
6.665939959692768202e-01
1.154660759509302137e+00
1.958347130580064821e+00
1.183449652859597467e+00
1.293567879153469047e+00
6.340107058389913064e+00
7.036892872128614584e+00
4.447989000904755130e-01
2.535499936240641183e+00
2.139759295260739713e-01
2.499221270271762663e+00
1.540381346510101279e+00
1.290478211140155818e+00
5.216141583070750265e-01
3.689310971569225384e+00
1.454076795479941397e+00
1.267578651866152706e+00
6.958500846505724091e-01
3.008938347826710213e+00
1.441302160738700433e+00
4.809893606030169466e-01
3.753187633085619535e+00
2.343356241245456939e+00
1.421879652791623094e+00
1.559869200896738306e+01
5.179608377955512211e+00
1.554364511551872496e+00
5.301110644711919395e-01
4.227873695997849346e+00
7.090049002359841701e+00
7.885235403064280391e+00
1.596800252559243738e+00
1.272516660191441673e+01
6.402764383861231368e-01
1.626703775688004727e+00
2.251335203496659165e+00
3.296556473794414632e+00
2.939638550406975082e+00
9.629276228543889316e-01
1.786078536130579320e+00
3.411694931145285992e+00
4.795128884815184733e+00
6.043939253364236208e+00
1.743603292576152208e+00
1.638962527588728291e+00
3.095031827197486929e-01
2.947553358600928597e+00
2.262464701019879509e+00
1.348490259791571555e+00
1.591554898070205670e+00
1.706471207021052372e+00
1.392791510474349348e+00
2.306445305560083980e+01
9.650397539046190687e+00
5.961724002759507535e-01
1.450139793051071102e+01
4.927736971402736366e+00
3.441037954518902708e+00
2.156852064530970114e+00
1.664912883521224574e+00
5.703868163553472925e+00
1.322824888284775957e+00
3.787263348202525748e+00
6.894890284909354961e+00
5.857773413091090786e-01
2.428972981541983600e+00
5.960059601090751391e-01
3.131977401136593731e+00
3.605014889604670714e+01
2.581306422439770376e+00
1.137628030886305819e+00
2.454750562151899906e+00
4.542483826997966823e+00
3.374228742204671061e+00
6.700621404408361848e+00
4.966418448836224186e+00
9.907771559780867321e+00
3.122495952344391590e+00
9.936240821003613499e-01
1.282989078122956927e+00
6.490598464520343214e+01
4.419847541920331579e+00
1.393900498699399249e+00
2.278653123225532440e+01
2.387139225230804840e+01
9.443901712219321398e-01
3.105890000480622692e+00
6.229420021380828842e+00
1.775825776219393193e+00
3.251272326496763565e+00
3.194682511474909781e+00
1.225726157222210944e+01
1.800209004707366445e+00
4.150635933582565329e+00
2.035366039403056249e+01
2.250615923170179666e+00
1.702244418005417037e+00
1.674712605235986729e+01
1.803901914067462897e+01
6.474968497923843991e+00
3.503193288606024858e+00
1.247082373867089977e+00
1.141551827400307362e+00
1.914280841944578260e+00
2.337529873255298085e+01
6.904860548469641479e+00
2.288241856996325652e+00
8.845596025591025979e-01
1.086984979980089783e+01
3.696921042333457752e+00
1.276086360621891735e+00
2.115722726763349382e+00
3.712759386190075173e+00
1.348498283814106191e+00
3.705850611323275423e+00
1.038229830486799621e+00
4.255923544383689361e+00
1.271219758001164557e+01
1.179643923558491680e+00
4.447903860907251428e+00
2.205442013852817240e+00
8.832607125827825811e+00
8.469387012296106798e-01
1.710367723942358253e+00
2.885003965156240913e+00
5.690833420065830239e+01
1.330849769099811120e+00
1.109648173425825313e+01
6.897557180053139891e-01
8.125939690555158412e-01
1.383392318183805703e+00
8.440433704263517711e+01
3.948961222332276755e-01
8.256719303748034644e-01
3.048106133429536957e+00
3.574400106916783670e+00
7.684937545934827918e-01
5.178759563485805240e-01
8.092746869625665473e-01
2.470973169228709576e+00
1.991075876342685902e+01
1.106862705865845520e+01
1.238904054041443459e+01
1.260511145599491289e+00
1.180107075740299472e+01
1.823900930519432861e-01
8.961825963703358155e-01
1.014752817146036712e+01
4.604574273773647519e+01
1.098535396872168590e+01
2.726422266533317984e+00
9.700218350385590327e+00
3.699794601870220845e+01
2.135278175326744687e+00
1.560316793151363290e+00
6.847627937293739864e-01
1.121788209515779178e+00
2.866673815364858546e-01
1.105552105341260472e+01
1.119431979168966151e+01
5.591464739606398782e-01
1.170552343074656942e+00
9.993885552800036987e-01
3.274677341517360674e+01
3.175122765051735740e+00
3.043413548114924927e-01
2.293544781160326007e+00
2.012086227717947207e+00
7.396437349733298028e-01
1.265098497256191656e+01
5.210067863469089566e+00
2.226680651145093037e+01
1.550406561406315120e+01
4.526185069208177314e-01
8.381547839379987863e+01
1.462793077323208735e+00
1.017668475225535829e+00
3.780409797039347986e+00
6.052134779493312777e+01
1.064495286005316954e+00
7.359647747305492871e+00
2.206404238489664937e+00
1.806832275173408053e+00
1.698908668921744303e+00
3.959375133929585733e-01
2.620899485653124916e+00
8.038827555957016102e+01
1.477187253589074167e+01
3.215686398425996018e+00
2.631342534836157654e+00
2.826901704532495341e+00
1.965544855754689735e+01
1.299399502236228443e+01
3.122905520930203238e+00
1.957010969966863856e+00
4.798696030524486345e-01
7.863841427029039099e-01
1.092519219606959302e+00
1.271907952606212611e+01
4.771453671189898049e-01
1.287004787366628378e+01
2.296730880482968473e+00
4.243338877149818167e+00
1.991451668857219470e+00
1.329302334845788458e+01
1.121515856718930726e+00
1.957307669594000599e+00
1.486011216712165517e+00
2.091131685113695848e+00
1.381459909144302944e+00
1.018538586896652109e+00
5.562548281584085430e+00
1.287681605512816185e+00
5.481271137444525543e+00
4.444331504205282002e+00
1.297584982452055558e+00
1.157985129216873466e+00
4.774344565981846422e+00
5.563774387823988699e-01
2.610050259997843902e+00
1.144146545137892712e+00
5.270910173025438183e+00
4.758584482636200041e-01
9.498414510234725050e-01
5.115795095818902460e+00
1.284255979045380247e+00
1.108627204183242831e+01
2.080872888464087023e+00
3.652512280630389352e+00
5.576914671077520147e+00
7.791836021046012473e-01
1.760662601263547566e+00
2.070337324422764080e+00
9.801088608855962336e-01
9.495161612601322076e+00
4.751062827703868008e-01
8.493108151033114339e+00
2.575513505049519480e+00
4.137628361261586285e+00
1.078667448107175408e+00
3.903500021010767540e+01
6.647462688194050173e+00
3.029523577052465111e+00
5.301100544331698750e+00
5.209187256967173774e+00
2.148808833445623012e+00
2.314276670443104678e+01
3.213413860186210336e+00
9.280834511652883423e-01
1.537563996256440468e+00
4.463202943135377687e+00
1.374801094396520185e+01
1.090160117717728561e+01
3.935292479736330762e+01
5.023237301497302632e+00
6.817554652147389760e+00
9.412698787299049741e+00
2.312529698296327751e+01
7.989569982160137362e-01
6.641844187794118115e-01
3.161683585361927129e+01
2.165833228392474386e+00
1.263560040611463187e+01
1.655285633275190404e+00
1.898131546613819776e+00
3.017960930981353318e+00
5.600931763755029991e+00
2.856632755488286435e+00
1.981084700269397647e+00
7.343268011821055374e+00
1.964779311569574638e+00
5.522363176797733253e+00
6.319779237000686223e+00
1.151086801564131790e+00
1.414855534739762222e+00
7.119801348847748512e-01
4.576662411343016323e+00
1.276281422450125014e+01
3.742150890285540044e+00
5.262710852820153917e+01
2.175688109013802052e+00
5.059506699003681440e+00
6.057807348845164697e+00
2.099446034103481296e+00
4.932060289247789164e+00
5.725627238527260232e+01
5.127457602746744669e+00
2.944639114866418161e+00
5.001936207071838725e-01
3.719660514695640963e+00
1.135072109111685457e+01
1.863156579735310237e+00
1.278109242297136738e+01
1.586915071062989391e+01
2.436745001354463813e+00
2.560868929550113915e+00
1.106752836524406725e+01
2.389123997529175725e+01
3.755187128765683280e+00
1.224046154408087839e+00
1.200815366098989045e+01
1.502630908940768073e+01
1.217015368633683092e+00
2.458314610841758618e+00
2.945194211322923916e+00
1.690310464572372107e+00
5.223789804467555697e+00
6.820020821668249411e+00
1.590694007248017128e+00
6.250144495847014259e-01
3.627318400632945750e+00
1.604965545880761235e+00
2.783613003410012166e+00
2.763918482547936151e+00
3.764590343148451979e+00
1.657443192294863366e+01
1.034913988281160879e+00
9.719458153007028756e+00
3.990438405491981921e+00
2.846362818436567466e+01
2.489026841376106702e+01
3.975546159396697643e+00
1.394921919529320764e+00
6.763442775263314388e+00
1.007373008024394334e+00
3.051346673763629447e+00
2.842075355913892487e+00
3.781674405192744004e+00
1.975250691844681228e+01
1.093562667209453565e+01
2.411554889263136214e+00
1.413632966393020052e+00
4.176177953641891705e+00
2.413973519110778732e+00
4.553659414597698074e+00
1.420463972151893239e+00
1.272519200267194339e+00
2.534288451082277405e+00
1.130750223955560907e+00
1.743486322649711706e+00
6.317188669281834201e+00
7.699690617293422079e+00
1.826578395322103754e+00
1.185511198758219420e+00
1.187163753958661028e+00
2.299505309119348251e+00
1.997498828705167817e+00
8.786615383438297400e+00
2.163126536589051518e+00
7.268782930483342897e-01
1.360513628188294133e+00
6.446064153810617814e-01
1.630181780802743896e+00
2.562396921285033713e+00
1.653634994819685566e+00
6.163665831875117185e+00
8.785811426690733894e-01
7.978892184571337864e-01
7.590214648559834298e-01
6.465180043863091308e-01
3.694596811736867181e+01
2.815725398313033701e+00
6.770358864530642284e-01
2.199830961240389460e+00
2.591092482693621246e+00
6.922780643055600480e-01
2.414672533737522997e+00
4.272747299073742511e+00
3.289042165149816732e+00
2.543254007825093588e+00
3.707508809606743672e+00
6.298537572360951131e+00
2.438961689701720115e+00
7.107789358301772609e-01
1.050217064809160661e+00
1.874657865601156770e+00
1.783652429790264504e-01
1.253080558839574143e+00
2.745210887426914770e+00
1.198551544380252842e+01
6.488562787648092245e-01
8.276918170926972351e+00
1.362950680367348122e+00
8.968738649512757455e-01
2.928324917568683183e+00
1.456284728950130614e+00
5.756854392741757920e+00
8.378726563536743610e-01
1.407389051169799954e+00
3.853139787165478225e-01
1.652100767091853939e+00
1.138794233315242987e+00
2.703176596233671791e+00
3.828901089793670387e+00
3.305010525499229246e+00
1.982637188957939278e+00
6.756405494578763715e+00
1.020387411418588686e+00
2.688525908341091508e+00
2.131168676505526882e+00
1.097091589149628899e+00
6.002485353345333730e-01
2.442545393761390571e+00
2.817772247414404685e+00
8.765059743045920948e-01
2.236709668985001453e+00
3.029713651456618972e+00
1.604801030477978951e+00
6.668657866633614262e+00
2.880741714377475504e-01
7.264767950125738061e+00
9.970784218383716979e-01
2.909531123826350818e+00
1.881560997624089016e+00
7.577309540615850825e-01
7.077648311009241411e-01
2.118297248491420870e+00
2.851717617404931460e+00
4.830932760734047093e+00
1.612832972647464169e+00
1.416665211573277183e+00
5.195611817519866449e+00
2.050880521253901634e+00
1.243112943866224063e+00
1.765032960820556607e+00
2.803866741951632213e-01
2.872172594244234212e+00
1.439129525123916009e+00
1.283224566648940801e+00
3.545984549618106829e+00
9.111911782878708843e-01
1.582269597108394343e+01
2.715129351269567337e+00
3.134533875366699363e+01
8.394694535351296949e+00
6.071074463587790015e-01
4.386041305417293046e+01
3.121769216134071989e+00
9.386082606118369975e-01
1.340783111473237632e+01
1.174895242448751986e+00
3.349781009178325064e+01
1.095859340276726712e+01
5.387098750048205709e+00
2.219137718334267984e+00
5.988528153546598398e-01
2.686517122755343046e-01
1.006232017673365897e+00
4.794389061892628590e+00
8.226259988681384749e-01
5.917318304697718467e-01
1.871119215363027943e-01
2.735683173998162854e+00
9.072709439659593089e-01
1.249060636915224398e+00
7.012744887145532235e-01
6.975713419351944822e+01
9.682653534532794648e-01
7.476780245200684849e-01
1.170867039819522670e+00
4.016691427314746932e+00
2.598627542755111985e-01
8.063537514228460878e+00
3.195931206567888427e+00
1.593706716599735618e+00
1.033031453408746136e+00
1.584828852809761601e+00
2.030150301715881955e+00
2.466487399842360873e+01
4.683084360429630522e+01
1.329542465473559920e+00
3.117925163985277859e+00
1.712545186488997828e+01
9.936037770598179719e+00
7.074230409129453889e-01
9.445864339600221982e+00
5.866015235311309306e-01
1.681216086313682023e+00
5.279677133670995781e-01
5.775810288575248252e-01
1.446743949400755458e+00
1.734357567278922652e+00
5.704364678455495774e-01
2.270068464325696311e+00
6.453716602622094900e-01
8.274764300500425662e+00
3.979088506919438828e+01
1.244038988865452389e+00
6.249994452152437541e-01
2.106725023818541320e+00
8.884575907759569846e-01
7.166984076013819260e-01
8.667229767246679151e-01
2.676572615866267491e+00
7.196684939462475228e+00
3.005584476725703169e+00
1.859858926152303971e+00
1.494126806282745357e-01
3.248845184393783225e-01
2.200477039055117601e+00
1.271101781002839282e+01
7.247072914004039079e-01
5.658435972442578787e+01
1.086113385933218156e+00
1.514507153058698208e+00
8.299812627227461803e+01
3.776276155846995053e+00
2.280019248965648870e+01
2.574162268190797742e-01
2.411104359183510937e+01
4.431377981798112131e+01
1.438222476795993243e+00
4.228532968795495606e+01
2.551774490646772087e-01
3.213274980751329224e+00
4.910044890269328333e-01
6.095742030209296836e-01
1.193432969601599503e+00
1.740590999907655201e+00
1.510512959731996396e+00
4.465392932256500913e+00
1.342528014552259918e+01
3.939958992756216194e-01
2.184008360352513722e-01
2.702334823208623504e+01
2.800668697208107960e-01
4.275503472602311672e-01
1.806292964568535098e+01
1.102785870080783548e+00
3.010794697148618582e+00
2.074393503457665044e+00
1.332033748941038453e+01
5.404503331509467046e+00
1.427083243924672118e+01
1.758323251942834275e+01
9.850809141036767969e+00
1.742055922829929671e+02
1.277748926922748041e+01
3.041531632105466443e+01
8.075517058420917493e+00
4.546117466820826181e+00
3.723936017413136401e+00
1.166900883427940183e+00
1.713022116268307116e+01
6.309237019461695795e+00
6.269485270961412837e+00
1.326782771287101248e+01
9.220656833107794270e+00
4.405332551271675001e+00
7.403695827300527554e+00
1.148482316136519010e+01
6.817727206189371003e+00
1.824598813023488830e+01
8.388780772436900790e+00
8.693857287650031296e+00
5.909170022938067923e+00
6.566958498516864751e+00
5.478729786887184261e+00
6.882934208911605012e+00
6.142645391603585026e+00
4.608766238644035340e+00
1.335345575937175688e+01
5.302285974889618281e+00
2.484492005813758908e+01
5.636172864868828292e+00
7.558313039530740518e+00
2.997183065511221400e+01
1.564912750010699405e+01
3.091451332865051427e+01
1.168752471824368255e+00
1.612677364548319003e+00
4.205819978600228382e+00
1.468747003105653537e+00
1.349784752307483870e+01
6.205481772856627387e+00
4.650754804037434909e+00
1.133093524891051862e+00
5.421236740069524940e-01
1.961027783141684111e+01
3.843558073295192656e+01
1.475300963482320071e+02
9.880145137889698503e+00
6.389020027691219639e+01
6.949812388126394680e+00
7.590596531607313402e+00
4.746714664657562821e+01
7.371917238009544349e+00
8.133517404917999238e-01
1.113646225623122987e+00
3.014979256794597884e+00
3.395025890612547448e-01
5.589986156103306314e+01
2.895676060634807758e+00
2.703226399843318362e+00
1.303352650244674571e+01
1.264567855501337412e+01
1.779409557398497821e+00
2.434212213752806520e+01
1.053487295331229134e+01
2.536572719319669655e+00
5.379427964007237328e+00
6.828248185536604176e+00
7.677092710725262670e+00
4.583388948280292752e+00
6.365520078047867791e+00
2.150801519849349308e+00
3.416686759249880190e+00
1.880585659764547657e+01
4.663220774929880186e+00
2.368061006768015009e+00
6.846144338280957697e+00
1.056710618184691342e+01
3.678347670124483937e+00
9.684563270622266629e+00
5.502154578569889054e+01
1.748257288418353284e+01
1.130193729449688655e+00
1.616643277727399663e+01
1.001598388424054953e+01
1.123650639609899926e+01
6.686526924756996060e+00
3.958962030834300094e+00
3.610379581964397566e+00
2.713818667951024999e+00
4.118860224099911704e+00
1.564963638378333322e+01
3.475180999275297555e+00
6.195087696804738364e+00
9.499244962554985960e+00
4.814145738827953380e+00
2.761826526695709560e+01
1.750136982203664315e+00
4.053474582081557087e-01
1.708763199624459883e+00
1.310110244776483412e+00
8.440360293840646122e+00
1.563129733765955098e+00
2.799997017850134995e+00
2.278662456954072990e+00
6.665668521126309365e+00
2.202647845895818079e+01
3.291766454453860735e+00
2.979601153486892251e+00
9.752181724085668080e+00
3.131921451758038710e+00
9.101455816830903434e-01
4.485765382171267746e+00
2.983103059048010319e+00
2.368761186865938129e+01
1.200445305459520817e+01
2.848003919925730543e+00
4.075886065433043548e+00
3.909493814392244193e+00
5.280641799142723691e+00
1.075627878507751412e+01
2.552485567192513294e+00
7.568557688050323584e-01
3.039289052580861750e+01
1.545721612792710253e+00
3.601982939588075538e+01
1.342296199677091018e+00
1.765322923201556593e+00
3.777953958652847444e+00
2.377406321146127599e+00
1.612347877267899188e+00
1.987332124532497746e+00
3.114353000400637228e+00
4.171455775714203895e+00
1.618257187435645061e+00
7.277641358874271660e+00
8.224343712521916316e+00
1.523619258952696898e+00
1.135937306997065477e+01
1.727390124804976068e+01
7.373967819993112016e+00
2.729154667428402448e+01
2.812709656259121616e+00
2.963270713041561866e+00
1.335798010081955756e+00
4.274053192341197516e+00
3.300543924703122300e+00
9.552620241147132818e-01
6.211282112774610731e+00
1.686439253403409833e+00
6.017351038064502333e+00
3.660334060347644414e+00
1.936832723741195084e+00
2.161516309415980608e+00
9.070237776528827567e+00
5.339031184373502548e+00
1.627932127842136367e+00
2.164791373672436592e+01
7.530132175989138865e+00
2.088848977888563496e+01
6.904356339515379526e-01
5.730450675283150552e+00
7.006025021144518528e-01
3.810957441161344939e+00
1.649063319947087791e+01
1.188129348327692725e+01
4.797763786867357716e+00
1.509418455458906294e+00
2.844470121848237110e+00
1.923525970183332268e+00
3.513164565306163833e+00
3.350538885863406091e-01
2.423585328457350752e+00
4.528019788463010897e+00
2.372601799311304660e+00
7.436694768360958552e-01
2.665966592346478592e+01
1.319239696372862758e+00
1.907059156595548588e+00
7.253307918666797249e+00
3.939426391120494308e+00
4.627609714287053144e+00
5.001802559860398567e+00
1.591747810823464171e+00
6.365122552522625377e+00
1.296521435728934968e+00
9.971185241102841212e-01
1.450653154266929157e+01
2.770850157649811862e+01
3.123146239956698267e+00
7.036413313023897054e+00
1.055356982284492373e+00
4.900013729401019980e+00
2.867337458473500522e+00
2.911776487527615132e+01
9.477582125895004372e-01
2.411490516218132996e+01
6.376489964494004070e+00
7.821340735934276367e+00
7.922434611153660100e+00
1.736967841169964544e+01
6.907678544754684680e+00
1.017912243945619410e+00
2.115143762554289264e+00
4.386840142628222416e+00
1.921660625238234843e+01
1.427671590138500690e+01
1.455471206308739607e+00
4.259028605311638849e+00
4.342707826830032314e-01
3.908485229811270223e+00
5.665292869818157051e+00
1.188795416468243360e+01
8.447681883746206211e+00
2.678401666674660397e+00
3.460717832862544530e+00
2.518741652478092341e+00
1.956679508958684588e+00
5.114495683777889212e+00
1.502684017298820951e+00
8.451461242522649187e+00
1.059419890670814546e+00
5.286716767397038552e+00
1.542980560187025496e+01
4.116609024340498735e+01
4.069511107262774985e+00
2.658681122852587286e+00
5.303004812217885444e+00
2.318327743898477955e+00
8.110529334378592026e+00
5.345064421569912128e+00
4.784225209716739813e-01
3.884522998812224959e+00
1.153230855709300151e+01
6.943381615596554646e+00
2.342121830892825773e+00
2.904340854861602761e+00
5.314106066279508767e+00
1.784682418916867963e+00
4.532929224919450384e+00
2.374369243371039051e+00
1.355362257616958610e+00
2.647012138369792211e+00
1.508288154718172791e+01
4.029545559484695616e+01
2.188553766933166145e+01
1.791464575474729592e+00
2.327726967690540327e+00
4.670083241544258357e+00
2.411512372755256539e+00
7.486695158013267815e+01
5.368472460240476529e+00
1.631700380195237443e+00
2.737193418948917323e+00
4.294113189011969922e+00
3.555105428756490493e+00
7.902615184245042057e-01
4.870537038887276182e+00
1.450350409456175216e+00
8.366852248726827312e+00
4.962536428970939717e+00
6.569108169574199074e+00
2.637261836459709130e+00
3.085562032888425676e+00
6.365337362077159167e-01
5.175563176944150356e+00
2.251849656164187419e+00
1.018852361216072744e+01
7.812687266891043869e+00
4.319375279027955372e+00
1.749923318494630919e+01
7.718743730545692960e-01
5.290240534414892615e+00
8.360866387939731581e+00
2.983769022079582456e+01
3.199934401584550780e+00
1.518170064271729025e+01
7.655521882264538114e+00
1.008534352512850729e+00
4.203099772939271617e+00
3.155778535919423433e+01
1.884606591018047173e+00
5.355413338585182004e+01
1.425675432251576780e+01
1.100145896196741369e+01
7.161095862841463600e+00
7.521700273541802595e+00
1.665968351618178467e+00
1.517266474728762304e+00
9.101440738195844204e+00
1.744578937271537811e+01
6.944464403139805952e+00
1.667344466348223087e+00
2.687678103360153781e+00
5.648749340656046947e+00
4.831847145185649950e+00
7.476800216382796016e+00
1.767733407827386749e+00
7.512199728218635464e+00
8.657367753706955327e+00
9.707937394664588382e+00
1.338082345414572494e+01
5.386887872934760679e+00
8.743519387501564211e+00
2.408240219740320498e+01
4.803059931189793019e+00
3.753136258508633638e+00
4.397711260505453801e+00
5.024524637453451348e+00
5.642635078479458777e+00
1.105431713618531653e+01
7.756882837100614658e+00
2.352323844105146478e+01
5.649077165174400506e+00
4.252570148723094690e+00
1.145395012269475643e+01
3.343181622035271250e+00
1.810274685035114572e+01
6.766655101171354936e+00
1.686738369434262808e+00
1.294429154160226147e+01
1.146026596441630829e+01
2.516015177415656279e+00
7.710916948432767981e+00
7.484715205005426419e+00
2.001557102660201704e+00
4.467713692439681417e+00
5.985882429663467619e+00
4.028748847450366988e+00
1.586386582766223796e+00
5.688116739673819922e+00
1.094051070158045214e+01
3.480736118318321193e+00
1.068158323803353049e+01
1.328194855553765130e+01
1.042636483386441437e+00
7.063481944634331988e+00
2.743703886952119930e+01
1.065591997223021536e+01
7.523061702782873894e+00
6.239383710532465876e+00
1.097583358005976883e+01
2.087411868432826001e+00
1.699237873209791694e+00
1.936906909612921268e+01
1.838708598895564705e+00
1.863371678806960086e+00
7.941385082339875723e+00
3.778843821361669963e+00
3.076186997992826022e+00
2.925256878613686240e+01
4.688447752168944938e+00
9.871939282578562569e+00
3.486104898268424179e+00
5.253828374345585139e+00
2.743217124679375729e+00
2.406414223161793320e+00
5.979177972635461913e+00
8.627880436639516759e+00
1.773460118424065257e+00
1.239751215787653216e+01
2.909778974270420537e+00
2.389175527526100407e+00
4.690721166952202204e+00
8.998074718479005085e+00
1.424915976936607764e+00
2.286103545338678877e+00
1.468720002764762000e+01
2.208907255865266706e+00
3.097685552605696113e+00
7.295266270342098736e+00
5.185051403837910300e+00
1.304395424292060390e+01
3.934765943787668085e+00
4.472171486612870694e+01
3.775008139305287447e+00
1.100106528371282799e+01
1.728757742110417217e+00
8.141031575473224535e+00
2.872552292347157366e+00
1.805473685870242706e+00
1.012206539081978551e+00
6.775074347168805744e+00
8.840621933793787690e+00
7.957609431207173678e+00
1.340361319596816481e+00
6.137341499835958558e+00
9.427886650238898270e+00
1.074599273029736146e+01
2.155021735629017599e+01
6.360415919996768253e+00
1.658317946666770348e+00
3.576948026408874881e+01
2.109678112638377900e+00
4.222157755012997948e-01
4.899599367583329368e+00
1.422292710710350239e+00
3.955852891711747255e+00
1.785100215594926931e+00
7.735918113339924629e-01
2.059705944127308896e+00
4.571617497935859475e+00
1.706128044664953158e+00
6.912360901523995071e-01
1.470277404318310488e+01
1.158531382645147767e+00
5.830668597901609296e+00
1.613279729861389011e+00
1.675402855578487227e+00
1.727039428177269631e+00
1.505652617023433892e+00
2.602315615664307913e-01
2.659588203288324681e+00
6.188443711819874293e-01
2.715791137827315538e+01
1.820193472767443144e+00
2.449589353189128182e+00
2.729935752535459947e+00
3.357351657723095517e+00
2.321199096245744720e+00
4.470721176572287625e+00
1.276766746471144964e+00
2.114655548338208568e+00
3.145915621078243518e+00
5.815274948356717211e+00
3.531907893245818553e+00
6.867973669906017875e-01
2.648895896354602542e+01
2.756857222253259465e+00
5.468767286242828263e+00
2.645751548013159482e+00
1.333132060891861759e+00
5.862592774362836323e+00
3.955521577477682516e-01
9.347700204704412208e-01
4.711997000940280622e-01
1.344356263413548636e+00
1.328797725597993695e+00
5.646008981704201624e+00
5.267673264569209479e+00
1.618591037073197292e+00
2.802249952679153999e+00
2.761857423766688413e+00
5.345368503259565784e+01
2.892158332406180588e+00
4.290491744656978135e+00
1.499002034358352775e+00
3.448434612801595023e+00
3.133530200672380417e+00
1.275497836932490792e+01
2.189132450976766897e+00
2.750133370569638025e+00
1.814923159857881663e+00
1.318615168247593950e+00
1.302329734948722173e+00
4.163664808235679082e+00
2.580905652512045290e+00
1.711328593825278910e+00
4.483434087172495808e+00
2.782547285795065495e+00
2.474147794383951382e+00
2.165181007899403376e+00
8.850157483779985679e-01
9.059755775179739734e-01
1.032704215812539461e+00
1.112822928825371482e+00
1.913313164146753564e+00
8.397413473786002669e+00
1.354948738597151925e+00
1.437063814651134841e+01
5.399335476767775255e+00
3.923356569432114860e+00
2.004410923833576330e+00
7.616753309165773089e+01
5.032058145935623727e+00
2.887378919280415790e+00
2.297888774969873094e+00
4.193776065824006416e+00
1.220725279483046988e+00
3.753116724687695971e+00
3.651627752841365648e+00
4.604855557301848812e+00
6.619558590641024809e-01
6.696856747820377542e+00
2.298917542867795927e+00
9.789941684446366921e+00
1.580427071160943830e+00
2.113869788798982796e+01
5.749460039359886032e-01
4.612860812114714548e+00
5.439780406585859929e+00
7.460922257481678699e+00
1.943004877190632529e+00
3.318633510227577244e+00
4.725908024490547810e+00
5.206914763356611964e+00
9.250351109333487809e-01
1.431012841775125777e+00
3.135832667135900476e+00
1.065367815526281070e-01
8.838685049509562575e+00
9.381739379583862615e+00
4.542206756216517483e-01
1.003845686488286226e+01
2.732728746841911693e+00
1.047453786023929467e+00
3.198705773075726011e+00
2.710252947000133528e+00
1.224908437281587403e+01
2.173928237021975018e+00
1.631618414223676705e+00
1.003472569029297157e+00
4.859236190637122199e+00
3.712905325509746057e-01
2.004721001110171485e+00
2.492118708105661717e+00
9.659111457257264499e-01
2.570672208888133081e+00
1.427915551650123183e+00
3.125468116826418119e-01
7.516300266182398104e+00
3.194961782915542337e+00
4.628537523508335916e+00
4.091714493309633660e+00
3.485702840549040449e+00
1.165722991491623617e+01
1.787257919964275743e+00
6.171886793574272723e-01
6.115980526662267991e-01
4.490251055225932930e+00
1.760319452118323191e+00
1.324798834944375947e-01
2.729568292178938815e+00
4.647887260844760782e-01
9.274367522847255518e-01
1.793618723945876070e+00
8.165068737324540749e+00
1.823910745380964871e+00
6.866936794842039005e-01
1.899222927212897538e+00
4.737319825678895091e-01
2.685775471354691302e+00
1.476665804425888240e+00
2.466345365171236814e+00
3.182424551547148983e+00
6.075609595741315871e+00
8.423250432191551340e+00
1.680368917197094358e+00
1.015010427175933039e+00
7.349372044132255866e+00
3.193852415520607391e+00
1.202318301275617340e+00
6.113749099500036532e-01
8.137533938498295871e-01
6.724233137279961303e-01
1.865147691415598885e+00
4.877640604509459799e+00
8.386503695321460006e-01
1.426234659241522706e+00
3.188040940641682086e-01
1.826916520521243426e+00
1.194529757365385159e+01
3.487089512716953443e+00
1.910777624682533871e+00
6.839953926022922515e-01
3.217663862354687598e+00
9.445868217058136507e-01
1.721064143882303110e+00
7.643285083405988445e-01
1.693325510190911709e+00
2.148272101805323242e+00
2.648338367949093275e+00
4.359857335816213486e-01
2.710536115520075118e+00
1.211931193340110013e+00
2.095831075203189453e+00
8.716926142130777322e+00
6.967519631785125123e-01
4.952251577348404155e+00
5.030907063064042894e-01
9.888493333735233204e-01
1.362600748314144905e+00
3.987972546258053419e-01
1.999706260782771139e+00
1.521448300945015575e+01
2.571795316021169064e+00
1.269614390751478750e+00
2.091320963524485155e+00
2.336259708930616075e+00
1.776936318293368622e+00
3.980870912756853119e-01
8.301957317457945296e-01
3.637750611983342708e+00
2.795019963707141564e+00
