9.016265637315427739e+00
1.626484411014438969e+00
1.312270550979936523e+01
1.040573747104043711e+01
8.254420726958389309e+01
1.131597463969064776e+01
1.660364652437283928e+00
5.448516302927081334e+00
1.688277063272354050e+00
3.708418502391290161e+01
1.869862564017723550e+00
7.424086167912795631e+00
1.408074698128893942e+01
2.077985808319092698e+01
1.305979897497643094e+01
2.318685404196467559e+01
1.102919811268935213e+01
1.877043211636426534e+01
1.962899047558296584e+00
6.512964791198288417e+00
2.041102016380785855e+01
6.628025197108843081e+00
8.585205631896572598e+00
5.628509655566456438e+00
2.358962483375242059e+00
4.955359351801742918e+00
1.080403177193179687e+01
2.915425702163243038e+00
5.371404861423276778e-01
1.051466004331409643e+01
5.235186816056566217e-01
1.336571407105503084e+01
4.470253561475155735e+00
6.538911072362084553e+01
6.515652850935039986e+00
1.032177923990455959e+01
3.604156308243295825e+01
1.676094660493125232e+01
2.736049427867047612e+01
1.604001176876386126e+01
6.837720292395299104e+00
5.453930299141225291e+00
3.068234504346193958e+01
5.620622912979236219e+00
1.016302709487937506e+01
9.186014082412359727e+00
1.665346153574689225e+01
4.330810122903105075e+00
8.615306007075652417e+00
1.974132095764550732e+00
3.134369949722904281e+00
4.315436354314252654e+00
7.329616610937469190e+00
3.298455759717250579e+00
1.459107280135081020e+01
6.851210423445234454e+00
3.067485384314877805e+01
4.001974126334229886e+00
1.157313285549160931e+01
8.728929489874469994e+01
9.395612006627363400e+00
2.702261521126513522e+00
4.266506077620977777e+00
3.082810630221473502e+01
2.446218243512148227e+00
1.108588711040359165e+01
7.222789172433338400e+00
3.533058227518397132e+01
2.115067161783894534e+01
2.682883266113471166e+00
5.711735706343720409e+00
1.802648803070849226e+01
2.083140675070248449e+01
1.332929459140941741e+00
1.111589043345333705e+00
7.693725561392808387e+00
1.214487364229148803e+01
3.518807281689867672e+00
2.032873270506712515e+01
2.567390417229283273e+01
1.084315984911534336e+01
2.559573729188413083e+01
5.845555110685668154e+01
4.103666683743507626e+00
1.003163967434039883e+01
8.865881564420315897e+01
2.924291370736185058e+00
5.585472475865189779e+01
4.324533642483880058e+00
1.017929778037754929e+01
1.475773449058998743e+01
8.880694488458958702e+00
2.630741492096463574e+00
3.649449361492191901e+00
1.593893019146706358e+01
2.081260851537659828e+00
8.350527958986596389e+00
1.232046092618118216e+01
5.480416950639926732e+00
7.574796702423779671e+00
6.817531404509133530e+00
5.971396363336864077e+00
3.062774547565155103e+00
1.036701963930078962e+00
3.310959338929690432e+01
9.745317456250765176e+00
1.855033168270690425e+01
1.038130082041227809e+01
4.690706470484715851e+01
5.657619089059402917e+00
5.414029020937568504e+01
1.364511418939440013e+01
2.200142126023904865e+01
1.529830360887317386e+00
2.290087439769703792e+01
4.044734498452629445e+00
1.229019994730799326e+01
2.116815943700925118e+01
1.199493917531178155e+01
1.738098222420008554e+01
1.889770179525386729e+00
1.829734687855182784e+01
1.407679569949820042e+01
2.659566409674656029e+01
1.099215979640223928e+01
4.629322348224378381e+00
4.072978005521093792e+00
5.169531240071494338e+00
6.023798107991352957e+00
3.153627772826422060e+01
2.566884354927354295e+01
8.197299023256451278e+01
2.330272227991335932e+00
2.243469341741442946e+01
5.342241558750436781e+01
1.376785786849605842e+01
1.683225487682210364e+00
5.972272244244093642e+00
1.337832187983672583e+01
1.027475429997682177e+01
1.811449029520041165e+01
4.259214862650042477e+01
2.071560194704255053e+01
3.996007854680490823e+01
1.143410813116750191e+01
6.978741134984169925e+00
1.249469621152664800e+01
5.009858551163214990e+00
2.578819013103331059e+00
8.557367966299651130e+00
8.383337287511237079e+00
4.139106760975062826e+01
1.492469022573435744e+01
2.009046480838551307e+00
1.230788541578526685e+00
2.485683161964433197e+01
2.639751268057443756e+00
1.026555234879910294e+00
5.858667403364823389e-01
1.290689701306540726e+01
2.693307665187034416e+01
2.034367274642293211e+01
1.370902712228278419e+00
3.995158122243386067e+00
4.692299650405661104e+00
1.123228524198543710e+01
4.387236436535661532e+00
2.500858237048947785e+01
8.922803010861612094e+00
1.009397068288128807e+01
5.201152686441858464e+00
2.712991039263869553e+01
1.064442459077253034e+01
8.774491023725095928e+00
1.149874174482349432e+01
2.265240584483001918e+00
1.518278127185343251e+01
3.492261206676305818e+01
4.243675692710735348e+01
7.672290201930336284e-01
1.964137159442006286e+00
1.392297062036855104e+00
2.190954073922111789e+01
7.707873697948849134e+00
4.772547386545547710e+01
1.389435317307310669e+01
5.191246281637488380e+01
4.740519547120269017e+00
9.605922436497971617e+00
1.188495297397789363e+00
9.731476449031552178e+00
4.577446935769569514e+00
2.017755671481142343e+01
1.984890158521457337e+01
1.236809385261992356e+00
8.386972718617576206e+00
1.401732210899325004e+01
5.984147887217263317e+00
1.589653617171243560e+01
1.369438808431648980e+01
1.865176538738148482e+00
1.927553712264811381e+01
5.639039341937470695e+00
1.982576439251930056e+00
2.228351106012823735e+01
7.560009954773627694e-01
3.693006896623773372e+01
2.196276049415401221e+00
1.030202470227929155e+02
3.966157202189089404e+00
2.951934348702252819e+01
1.788936835093380751e+00
1.053605891177741727e+00
3.645992794475577004e+00
8.767050153002399204e-01
1.855901183885166006e+00
3.223287603334059170e+00
1.670800184965466073e+01
3.395265461862009726e+00
2.277021816561498824e+00
4.190010064941287027e+01
2.304382239725716985e+00
2.776645709462579603e+01
6.858683005180187031e+00
5.999981357281273020e+00
1.841943661586750824e+00
1.218939914003503766e+00
2.170353039757668245e+00
2.105729052907578946e+00
4.609593821516163814e+00
1.274804516396930509e+01
2.770513031345478883e+00
9.630168017682416703e+00
4.532281310096886173e+00
1.365758779273730461e+00
3.837169458606592087e+00
8.093208767965231587e+00
8.144092792176637374e+01
9.975331921718591843e+00
5.156658930499156135e+00
1.277605473672755565e+01
8.993545624497805591e+01
1.190527215244181480e+00
2.986096862954522280e+01
8.907952921516070433e+00
2.310525356810711983e+01
1.562456767102501054e+01
1.733798857599843188e+02
9.016832474471932812e+00
5.023799304919801756e+00
1.386060845413384470e+02
2.530971447081314718e+00
9.754617792770817175e+01
1.012600504182094019e+00
6.562767560606750372e+00
1.424075524932299288e+02
1.946350580723106072e+00
5.432910418252078877e+00
2.057837322094064447e+00
6.876957787250036702e+00
3.768561988327247203e+00
5.285740448786639512e+00
8.501077695951160251e+00
2.741766992765661826e+00
5.872607210551278323e-01
1.203787308569813348e+02
6.174226531449678923e+00
9.383855040802448855e+01
1.867047083078669623e+00
2.365951768735526262e+00
8.664966313162269174e+00
1.519903427547964370e+00
3.821855729303644011e+01
1.360634705852768604e+02
1.507880022822486010e+00
3.801723026588489152e+00
7.301761641319576945e+00
4.307796585203693951e+01
1.719118502178269781e+00
1.040590673751763395e+00
6.613780872053274251e+00
1.400124756780496860e+00
9.639189739873206264e+00
1.681544805943276089e+01
7.264315056031456663e+01
4.759227214122848437e+00
1.048516590005304572e+01
6.548796181954619211e-01
3.716649831085760969e+00
7.728210011234486920e+00
5.219117487666994570e+00
1.077020102794626455e+00
2.226053690513059014e+00
3.234075315807737550e+00
4.967812894610796448e+00
2.251014012358029603e+01
1.800664111260416433e+01
7.144783552352176326e-01
1.540280866496100920e+01
1.534308256736143905e+00
2.782154946131936590e+00
1.974804481085578711e+00
8.222134562696869153e+00
3.731163918534123436e+00
5.499014549245334393e+00
9.684248214917235975e-01
1.397356715837411834e+00
2.119774794906721027e+01
9.614828706168442096e+00
3.810577470369801656e+00
1.307459770324700443e+01
5.743632850015693236e+01
2.295916689730986171e+00
4.605511935592627282e+00
5.515853845965358104e+00
6.052977354823474876e+00
1.276358629085189911e+01
1.449242204262870981e+00
6.049334283979824534e+00
3.927465352305027135e+00
8.341344044926258805e-01
7.169613129086347669e+01
4.505630878445153087e+00
6.475960605889008015e+00
8.369987851698185821e+00
7.288410885212816481e+01
2.905750188819602453e+00
1.322386317281640444e+01
6.290958964599605352e+00
1.770199346019834197e+00
1.147473701743620955e+00
1.998805004525981133e+01
1.488848094993741045e+00
9.313817469806893712e+01
7.736124033107614206e-01
1.571975941110893782e+00
1.585384707887672029e+01
1.963204588647347260e+00
9.603770004127244420e+01
1.193383070349589348e+00
3.461733926296643560e+00
7.065788672640136880e+00
6.295025609747003648e-01
9.290309572107985048e+01
2.077766765993645492e+01
2.184911241438738383e+00
2.676697675072794880e+00
1.545193755047266082e+00
5.918146921709311670e+00
1.970739430796594194e+00
7.150769880498414466e+01
2.175577187413665126e+00
8.095511977738102161e+00
1.008676544830432142e+01
5.499291014641162434e+00
3.539829451158577722e+00
1.561647417684097983e+00
1.562623548238873727e+00
5.175134897245778021e+00
1.438493412515974157e+01
7.526043401821186585e+00
8.976989121939592309e+00
7.202151155827081652e+00
6.725572560724718585e+01
1.741655516926191360e+00
1.572777381801836860e+01
3.246273495060547187e+00
1.433691820966314268e+01
3.760289578122288923e+00
3.806164333715371217e+00
7.255149480829235387e+00
1.312290299676700300e+00
8.951011271174353112e+01
4.355587543796128358e+01
1.498852546466801217e+00
4.025869813442288780e+00
1.623124731919316721e+00
8.766702232536037087e+00
8.704092646887079354e+01
4.326267909197064832e+00
1.803657364621266623e+01
1.698175321510517577e+01
2.767839131612084280e-01
2.689150660722019470e+00
3.296244744222281753e+01
1.037732700933115648e+00
2.269386256784831080e+00
2.022049984681798662e+01
1.263573939657105782e+01
2.018722710630724837e+00
6.165702717698700042e+00
1.062790566016292182e+01
2.504305693141750666e+01
1.810281900252634468e+00
1.611794778586244759e+00
8.113054212008783850e+01
5.566561182769571126e+00
1.701615982330783652e+02
1.233444383122962229e+01
8.488386622197047870e+00
1.791937637733261868e+00
1.681011993999119936e+00
5.323883645976260626e-01
1.230231501776134495e+00
5.068779939722246830e+00
1.778331035498865509e+00
2.988925061399690275e+00
3.226029046119332500e-01
3.201963635582010248e+00
1.664727517766985443e+01
2.696502610896105434e+00
8.711259203200645285e-01
6.163364066113452111e+00
4.913236520881557823e+00
1.027896294775193375e+01
1.104962384344414517e+00
2.070540748162934097e+00
3.162282750285960287e+00
2.361719953773774527e+00
5.110909657428734931e+00
4.960752329858005294e-01
1.432026879357074733e+01
8.976433615495552631e-01
1.737824424711447691e+01
1.386569733246857394e+00
1.682922023885895513e+00
1.165146138940379217e+00
7.516030100556085891e+00
3.055486165967272516e+00
3.775090706408318564e+00
4.848238302758844043e+00
3.822956963956130494e+00
3.038068625943815881e+00
1.589754846953167933e+00
1.094720177833310082e+01
3.248880568613387698e+00
2.712943366889039254e+00
9.261589937564879804e+00
1.741606147956376915e+00
2.108656498943007662e+00
3.166627889487057423e+00
1.669168168264281604e+00
6.310987226303985231e+00
1.880246643041788124e+00
1.392806975892601429e+01
4.072107672972984926e-01
8.997140855847368002e+00
7.314113222776996714e+00
3.333431978961002518e+00
1.052656294514529467e+00
2.358507133555322266e+00
3.348599518604390823e+01
1.866874207591372681e+00
2.954915884739190979e+00
1.376836385502179638e+01
6.292432260990713289e+00
3.031152579540497882e+00
1.933475613504455293e+00
3.919122914907842148e+00
1.725070293555474876e+01
3.325287104806940341e+00
1.427435499050681678e+00
7.108312050788339054e-01
1.731833848500814899e+00
3.174865905695949841e+00
3.146205314525073238e+00
4.932330879262604384e+00
3.760130444897197055e+00
1.139866968110157508e+01
2.956685741660524336e+00
4.170010153856569701e+00
3.155971406679584312e+00
2.651140397340814747e+00
8.833588043051290306e-01
1.884768668623510113e+00
2.031015412743720550e+00
5.201784717639699629e+00
3.278452739695569829e+00
2.024765264397344389e+00
7.147363372775772383e+00
8.502422950544298308e-01
3.499083662776670156e+00
5.329218796694314975e-01
1.332087612346184180e+01
2.057585761835137306e-01
1.323037437305683284e+01
3.706639807877896597e+00
2.151443455789470605e+00
5.088168191097827142e-01
3.844393865525912446e+00
1.124062662438417526e+01
6.102274444271481357e+00
9.810134022659899866e-01
1.841761232127077985e+00
1.326886415591269319e+01
7.406803091741382516e+00
3.024885716733032304e+00
1.290493266237544567e+00
1.534313804366551004e+01
8.673863747216824516e-01
3.359051139126008678e+01
1.096486137466373378e+01
1.782858662256222360e+01
2.694901223505864962e+01
3.443890455473685108e+00
1.174515804244756367e+01
3.279864729680741053e+00
1.804538864985699043e+00
6.374062513661672646e+00
3.664831509526230047e+00
1.292461480636877935e+00
9.989110700381450547e-01
1.508172502482426047e+01
1.488723530076335066e+00
5.607002280025749075e-01
1.582460108300406620e+00
1.238740037422439322e+01
1.020151608015905875e+00
6.724416496658251141e+00
5.334895813118237129e+00
3.393271605977722594e+00
6.999507220228169402e+00
1.192632903531949173e+00
1.111732021238075596e+01
1.589432352289316563e+00
5.306556970538030882e+00
1.498077695339545024e+01
2.489484555646174968e+01
1.902049209461523560e+00
1.184895442897823337e+01
8.809074828378838928e-01
9.857913923849163096e-01
5.608819699689405525e+00
2.698874345059365076e+00
4.454479075173973790e+00
1.585607039438552190e+00
5.848885254200576256e+00
7.673255937701260798e+00
1.808018257410501262e+00
9.875855141195216902e+00
5.204508840252001001e+00
5.997607955218581566e+01
8.017231366765811273e+00
9.864822843120947482e+00
5.288999745461703128e+01
1.786655900391401097e+00
4.459628081418878232e+00
1.090223829857063009e+01
1.872770978119265628e+00
3.330662198820024233e+00
1.144119654643290573e+01
1.357302866344982872e+00
5.642615640956811518e+01
1.826146950532651658e+01
1.332475053174905000e+01
7.286649193853763506e+01
8.495125496349109184e+00
7.281112801942218660e+00
2.267867220714493204e+00
3.215943411912773331e-01
5.971704447596025034e+00
2.269901563544177492e+00
2.123976680715176091e+00
7.278978096822155130e+00
9.326993152353661998e-01
6.002495472752781502e+00
1.650369279669387268e+01
1.534657487624200378e+01
1.470808829462685452e+01
1.277309462462656953e+01
3.915439307851390716e+00
1.144030414612552615e+00
2.077263726978075820e+00
4.365309978486828335e+00
6.712819892538037791e+00
5.530192190377797523e+00
9.307385805003650647e-01
4.063163248506349134e+00
3.319209659525251599e+00
8.222895295235534974e+00
1.362858783343320646e+01
1.362100523192912327e+01
5.291206242447804797e+00
3.734274568757721013e+00
2.555091939524624767e+00
3.274373274937193656e+01
2.511943980014869293e+00
8.685744036745467467e-01
2.648586518148244195e+00
3.670643287871719451e+00
5.088339212832570624e+00
7.888565879845477014e+01
6.364603312697960646e+00
8.808023900088427638e+01
2.209366914029259732e+01
2.530006531203401909e+00
3.102950866468937363e+00
1.404576547280523169e+00
2.225892161860390406e+00
6.326474057785222982e+00
2.040929800439324815e+00
4.328320487124593718e+00
8.763195720797440913e+00
2.307098839469864160e+00
6.115482638862569331e+01
1.699145050067995211e+00
2.224051125466397050e+00
5.003075802676335559e-01
7.153021583985993637e+00
2.102825165744122593e+00
3.237831697598445579e+00
1.632683235264074639e+01
1.805948744191393729e+00
7.138071670763699750e+00
3.790337808139791598e+00
2.100143211344906558e+00
4.971327241936025487e+00
6.097686628561560518e+00
3.895340749737576047e+00
1.508210356731483959e+00
1.119940190309975936e+00
2.210208764650438695e+00
1.954596961901268415e+00
8.037035346380138057e-01
2.087322042240673969e+00
2.077992415347740263e+00
9.230445444508151853e-01
4.103875716384402850e+00
4.929693462389869829e+00
5.031769854508726070e+01
1.240827979913988299e+00
7.809417434724902130e+00
2.986724754520401426e+00
1.441521386733630283e+00
5.796998863619113873e-01
1.123708349169293408e+00
2.430128608527120981e+00
3.606770683854612525e+00
9.598518625729807852e+00
2.557609643571249425e+00
1.545386328098665452e+01
6.928997155312976552e+00
5.517133498403977043e+00
5.700919366236731456e+00
2.487612468948452893e+00
5.188842558156787632e+00
6.155211388940170281e+00
2.499733146936353734e+01
2.230003305726693696e+01
9.745384899399654799e+00
6.065812878233836081e+00
2.263852667307240552e+00
6.443230216851405068e+00
1.369432422803799954e+00
4.838918541252024141e+00
1.272528291197615147e+01
1.647052903259179191e+00
9.343725147460804070e-01
3.592613952014231415e+01
4.372238768003201770e+00
1.245925049411122920e+01
3.222948155932532188e+01
5.966412500599144408e+00
3.761416050744307515e+00
1.007505947912332545e+01
4.917499174281447338e+00
1.095811973500282033e+00
5.856619896667292213e-01
7.605933764322112545e+00
1.681518022942952273e+00
2.435035530563944839e+00
2.636579771878846845e+00
2.719462672157312966e+00
2.437915973454761520e+00
3.190772497667258900e+00
2.588664488154338361e+00
1.934806371932503044e+00
5.131593927076899320e+00
1.280091826303779179e+01
6.765951993564433664e+00
1.026121304944136892e+00
7.892109138013505998e+00
4.964305418872051234e+00
2.373728433182295205e+00
3.082982670767995259e+00
2.326458892756542163e+00
1.092659711588195970e+00
4.714851691139471335e+00
7.074969655916993894e-01
7.931871313579136107e+00
4.551725632187218373e+00
2.085018170290375839e+00
3.425246155256398417e+00
2.815703333772816919e+01
6.084583169644409040e+00
5.573063084007991108e+00
2.454270767750215576e+00
1.532310771310186581e+01
1.844159704198329974e+00
1.867720477784279964e+00
7.164384413857809442e+00
4.627131145269001600e+00
7.740010264883939506e+00
4.967887567340107502e+00
3.760705780239972373e+00
6.910571632129276054e+00
2.687046467109319714e+00
2.726979495606805060e+01
2.415436408205796859e+00
3.679061764422147274e+00
2.628541007867573143e+01
3.076494844378490967e+00
6.059718717367323926e+00
1.076219101029135539e+00
1.245014146470051264e+00
7.763869921475353486e+00
1.121048550229521368e+01
1.223102865812666806e+01
5.737404299107415895e+00
3.137211973466905501e+00
1.366227315306541001e+01
1.642954031338346832e+00
4.455637356805396188e+00
3.388516911068637505e+00
2.664963268772997829e+00
3.369119619743127014e+00
3.065998703095807354e+00
2.235460569841761558e+00
9.517962939646553266e+00
2.438172942790354725e+01
2.031551193380245035e+00
2.636613542459358861e+00
5.929184951513573054e+00
7.199834260125541618e+00
7.169854336460316446e+00
1.304258080647010543e+00
4.992765997839557990e+00
2.862001285365461456e+01
4.581541751802025608e+00
1.264024647502846932e+01
7.368715466002874415e+00
1.439581736339567763e+00
4.332385707556528409e+00
5.176071546965883563e+00
3.371196310221875336e+01
7.900344142807837144e+00
4.186074132980428963e+00
3.981078261405406771e+00
1.815235182399361946e+01
2.587312820827144755e+00
1.689888706374193861e+00
9.068347867365821102e+00
1.616523238478334346e+00
1.736921298013339277e+00
7.676330670795325162e+00
1.469270670400418055e+01
7.249630815368877101e+00
4.755208593304395492e+00
2.930478154497999643e+00
1.058058120660656298e+00
6.733041474816157113e+00
5.545107694179006508e+00
1.714314317487936279e+01
2.530511259664224522e+00
1.562205144283726987e+01
3.278686995145884797e+00
3.925249058741876684e+00
1.159319809677585766e+01
1.962546120373279690e+00
4.613679743744178552e+00
2.575808387133886868e+01
7.303001401252475766e+00
8.640696840289536773e-01
3.433062376986906195e+00
8.729807578883475472e+00
4.187626205087943809e+00
1.390591510920382357e+00
5.529752133775130751e+00
4.090257022818585497e+00
1.229777012433905981e+01
1.206694172749360483e+01
1.022722765893109376e+01
5.322752242866894079e+00
4.303166472512504726e+00
1.127906697283592763e+01
8.197902336599081963e+00
3.195839568799198283e+00
1.323462723269323149e+01
5.965606873074543515e+00
9.721542942337167759e+00
5.491993310520873806e+00
3.066419590415087715e+00
1.710211292282351581e+00
4.081763228033260305e+00
8.448279474107837927e+01
8.692574147532337037e+00
9.268115596741736795e+00
1.132474456949041297e+01
3.202956080127167127e+01
1.009300893966820745e+01
4.419225058259310224e+00
9.725334330918720127e+00
1.499832349542255017e+01
9.475035397176165830e+00
6.670025577586592647e+00
3.663340372976112480e+00
5.139944419219684590e+00
6.771459267277285754e+00
6.596160875535183266e+00
8.134607753888884929e+01
3.970801333043432635e+01
1.126793065797731508e+01
5.686982992938169446e+00
3.126470176057162931e+00
8.393012669728081576e-01
2.573749516608067722e+00
1.654500312704356491e+00
3.574384740109494807e+00
3.490288362131155786e+00
4.945390622902503530e-01
1.179336786016923933e+00
1.150863535476476684e+01
1.215999318836798349e+00
2.284435480414553243e+00
1.240009223391906090e+01
1.057478568324642154e+01
1.466705688543285113e+01
1.621837082317856948e+00
1.670313557531610371e+01
8.653115341714679332e+00
5.977140091581891745e+00
1.142868983896312507e+01
7.738587900031419053e+01
1.792421192209277647e+00
2.869072791593699989e+00
1.187767663594049505e+00
3.213922275472998802e+00
2.665344627278771750e+00
2.753229633102197926e+00
1.023260475542730319e+01
2.309824636365962469e+00
2.173493905367081869e+00
5.293589366139987540e+00
3.174791467950544455e+00
1.256437324599543537e+01
1.976320564655577483e+00
3.523604793299124793e+00
1.641214500229714801e+01
1.993898763039677391e+00
1.290991255874657817e+01
3.391213106360971175e+00
2.749830265858251299e-01
1.706225310940259199e+00
6.545161762813639372e-01
4.074876293192382981e+00
9.569097592047564049e+00
1.180517190396620508e+00
5.618478919243452552e+00
2.784087762313296910e+00
2.521963642676108464e+01
6.175507257621342205e+01
2.712721890098834354e+00
1.636386423448762173e+00
3.330023034052766562e+00
2.623752333501847556e+00
2.263511161481085165e-01
2.107123181076746565e+00
9.087423455830896390e-01
5.784648163874543769e+01
2.165189159050187495e+00
2.247468115771427577e+00
6.397883945872814060e+00
7.018278410288636415e-01
3.929569455800257849e+00
6.737455893846860278e+00
4.286971914932903083e+00
7.665052613965273487e+00
5.946592567967050158e+00
8.476493831378139276e+00
7.295476286954925449e+00
5.511906795750962829e+01
7.822172965015345980e+00
3.384756713084349666e+00
8.762733665456897469e+00
5.280979226920373470e+00
2.581084622465528167e+00
8.150963671441500136e-01
1.731752148345360709e+01
1.003077192832075681e+01
7.815879535658901922e+00
4.816405548749489007e+00
2.250633692287446586e+00
8.188600314048159134e+00
3.431766611652349308e+00
1.891855077336152435e+00
2.446095796723604110e+00
2.281497808960834206e+00
3.662952877533953266e+00
1.431442443736578474e+00
4.279774135864294671e+00
2.530277715758895596e+00
5.401459904752807795e+00
4.457200706856674088e+01
3.746837331742316479e+00
6.374604801839801382e+00
4.640993846596512640e+01
2.155362924730546226e+01
4.656160811545234424e+00
3.398972469400423524e+00
2.864947547802756400e+00
3.848588046655471384e+00
2.324549221506991170e+00
2.067974570286389735e+01
3.004392807974129109e+00
2.480886835736641416e+01
4.402937912041712032e+00
2.346611379840256006e+01
1.496656078366809250e+00
1.056792971549504578e+00
2.884607865358531864e+00
7.652681496470226996e+00
3.266881686373547922e+00
7.903096923513737160e-01
1.359679248630818460e+00
5.723340535009296737e+00
1.673146214778101282e+01
4.263652049211741901e-01
4.865652106123965837e+01
8.893967285676984247e+00
4.532292904820649504e+00
2.511329206049055784e+01
1.826184792125119216e+01
9.728060141323448207e+00
6.861798843473899900e+00
2.521703494468022777e-01
2.100735796247848786e+00
9.003736666993361615e-01
3.049623287930585125e-01
4.659456212653454443e+00
3.580762699093267276e+00
4.469070924552886481e+01
2.753465678948715745e+00
3.963053739708246592e+00
6.047429543250339989e-01
7.434285884621310458e+01
6.634767455496333177e+00
1.019901445318533284e+01
2.133372059507598451e+00
3.724039449250253764e-01
1.858614773455375868e+01
1.647525358146797814e+01
7.838238044221723655e+00
2.677227545658079411e+00
4.796716524619845323e+00
4.047772454853435065e+00
1.115769694188381678e+01
1.353977181664421003e+01
1.846435264880900151e+00
4.577204405776540419e+00
5.527790896103932816e+00
1.650000146971458692e+00
5.673549481617574664e+00
1.038157638353993484e+01
3.167513352421024386e+00
1.881208688076084456e+01
5.390471745629882294e-01
5.449126010792032737e+00
1.712772632181611687e+00
1.939560062412140340e+01
2.151938369536547935e+00
4.176377453645310767e-01
3.523372907246783203e+00
1.181117714927563256e+01
7.056092580004047043e+00
1.421368517240441554e+00
9.979983934205324259e-01
1.624448484776922541e+01
5.727664037119130747e+00
3.436487478070413992e+00
9.019477612366324948e+00
4.666864505451779443e+00
1.166862348505284031e+00
2.233852610007181216e-01
1.647208401602532790e+00
3.275082309100903899e+01
9.901533380927936889e+00
1.487358402815865066e+00
4.538816546830638288e+00
1.008709734090017918e+01
4.175895952777717746e+00
1.934537612334371159e+00
1.188696231937155368e+01
4.504400588203289146e+00
5.763576502844832916e+00
5.189339184514664360e+00
4.930383351222863197e+00
1.810220779052857765e+01
5.411205422807678467e+00
3.212385830053612779e+00
2.842165704386187652e+00
2.254601145709554277e+00
2.671412453391023067e+00
1.084727020746911075e+00
7.290784828663571249e-01
2.365765867719579862e+00
1.863018742916362669e+01
1.040066531600887423e+01
9.777293447548759397e-01
2.832438892745562597e+00
1.704242346691413834e+00
1.230477256822509524e+00
7.962676182102503830e-01
4.249712617644632040e+00
1.816303217929663205e+01
2.375970469317275846e+00
4.745296194988261718e+00
1.140496692215396290e+00
1.425117071600248808e+00
5.602291376941917811e+00
1.241894661829628266e+00
1.136358402345239682e+01
8.052059036804084524e-01
9.330720242036321110e+00
2.059503104648154448e+00
3.335635901389025548e+00
3.972897313084345683e+00
2.860736842629758137e+00
1.205888625929128599e+00
3.172156182033158967e+00
1.344673694544062270e+00
1.622647708967498881e+00
3.218658782313971400e+00
9.677099489404751509e+00
2.634941865311438480e+00
7.947579514585808580e-01
6.538143978813641954e-01
3.054000326350692518e+00
6.613887367548035856e-01
4.486614272305557094e+00
5.753874210396166688e+01
1.702505572375281995e+00
4.900355967706518379e-01
3.789033938426043413e+00
6.010758893855232543e+00
1.631456039301836247e+00
1.625081646467908980e+00
1.323828057146039461e+00
4.187539072380881855e+00
2.323487012234167981e+00
1.173886213072360407e+00
6.195657708668004204e+01
2.791995718990504249e-01
1.247830187468409013e+00
3.731787419931231753e+00
2.286866191245513935e+00
3.937485331414939793e+01
1.362868515522272261e+01
2.323476499760919634e+00
9.146284824907187083e-01
2.442229441647826071e+00
2.949915080050788063e+00
5.971607728614357624e-01
3.542499290037373960e+00
5.710732819927983872e-01
9.611959554650564286e-01
7.332845462369856016e+00
3.119920335753134211e+01
7.066693768520422303e+00
5.203445292718784643e+00
3.267749833945352567e+00
4.822823986926329098e+01
2.301155516198981488e+01
5.954135760378823861e+00
2.980824180642927868e+00
2.341172181236573380e+01
1.108702182497887323e+00
1.360641923333550496e+00
6.427719561740894960e+01
2.633696130400910551e+00
5.838147339416119408e+00
2.430647901124107779e+00
8.197870873750578369e+01
2.795244870405760640e+00
4.632804526828843805e+00
4.465429528084753130e+00
4.747831418186074792e+00
6.082178074437096171e+01
3.289435132001675477e+00
2.267799094984162434e+00
2.132243696744250960e-01
4.439348379099650188e+00
1.066172820620639250e+01
2.057453158367082757e+00
1.098902103723711576e+01
1.851545443548540959e+01
1.037803765450331461e+01
2.210899137031817574e+01
3.502987205440470930e+00
1.517431485829252358e+00
1.342080495263449436e+01
5.224922190717186510e+01
6.790649333708432778e+01
1.013846510845449345e+01
1.345670242406972150e+01
5.840310797610785976e+00
1.554645190947401545e+01
6.663636049473622336e+01
1.327909008965153070e+01
2.909522526879624316e+00
1.605111543381343608e+01
7.075039757452975309e+00
2.432752450618325568e+01
1.096263717763662271e+01
8.443275199050844781e-01
4.950817011049982597e+01
1.796754630802909247e+01
4.338311565557499705e+01
6.464524769657504066e+01
6.911043624624643833e+00
7.782541414213299369e+00
5.233652033796646563e+00
5.744497720440540967e+00
7.327057006889110369e+01
1.568161161528338532e+01
7.856940354358183498e+00
3.391535076556392880e+01
2.570284475823818937e+01
1.695492010357305901e+00
5.495397012282337457e+00
5.827006310017399215e+00
1.304214818140901144e+01
7.661854293442119435e+00
6.121309562594041864e+01
6.350668188314867990e+01
4.424958639573226549e+00
3.652764234674662447e+01
3.697479397144530822e+01
1.578897535702619415e+01
5.597040615313840561e+01
2.202471438962828287e+01
1.535144389221596306e+01
6.601544330961560547e+01
5.692238969699402418e+01
7.117344096934422382e+00
3.585111266719720913e+00
1.803602070941543545e+01
4.906981703130496975e+00
7.197997185879882132e+00
7.383970200984523835e+00
3.207883312824292510e+00
1.075070564611617030e+01
3.922426942105148306e+00
5.921700567739857313e+00
1.193337575601312217e+01
5.364521117631342406e+01
1.290500373542558421e+01
1.175945161401229955e+00
2.596834047985691285e+01
3.036069028282869198e+01
1.912147634112171346e+01
8.022906061210298034e+00
7.667330153804407189e+01
4.005154388970471047e+01
2.311428041248489773e+00
8.831106092998820145e+01
9.287022481558038223e+00
1.237906057679134442e+01
1.040165862598918700e+01
1.445320497043901220e+01
1.242582353299079578e+01
4.387871604291525784e+00
4.718463490252709391e+01
6.835027210363017858e+00
4.153692553547982946e+00
8.747969493709781830e+01
5.852062399737307175e+01
8.920357816876759438e-01
1.743051306493900166e+00
7.000191248175942071e+00
4.657682374330783404e+01
3.775738184111730789e+01
3.051881499311027479e+00
1.382556268445024772e+00
6.335493677833002657e+00
5.518642180597710833e+00
6.262634410332323043e+00
4.373133565073778151e+00
3.276383971388543870e+00
1.067693017238352127e+01
6.335970528830369375e+00
1.966255355312216402e+00
3.006262887378552850e+00
3.614539168733008978e+01
3.090457849741586216e+00
1.860499872725291715e+00
5.367194976932156969e+00
2.841500235349559134e+01
1.578277301360322404e+01
7.723389484496105517e+00
7.394387348078273803e+00
2.270875419988516697e+01
5.614118510373187654e+00
2.681056938964347491e+00
5.653392776258750985e+01
2.361464089280199019e+00
1.121747176812376789e+00
1.430311807270397972e+00
2.486538096868306980e+01
4.087831522321212496e+00
2.012690946215268539e+01
4.264268855496503363e+01
1.015661349493451127e+01
1.889682087659844134e+00
5.607201851720860475e+01
1.025984972730191025e+01
3.069916393457580828e+00
3.299034159768243324e+00
1.876987790129616585e+00
3.474053126288370930e+00
1.000666196068506686e+01
3.134613949899738738e+00
3.073848598201802229e+00
1.228983390429870859e+01
3.040568907688170341e+00
3.492559914131115661e+00
2.089055981242831805e+01
5.023507813058057714e+00
3.634841676599939841e+00
5.805264684671401554e+00
2.176559088338891002e+00
2.423510005206224704e+01
5.839607385281394336e+00
6.960703893972771894e+00
1.565634505427433210e+00
7.571458424793281239e+00
1.541518375027470356e+01
2.503236843267047540e+00
1.491301147531754090e+01
7.229671686977266631e+01
8.381843793761250438e+00
7.266312829010224128e-01
2.237780280894690499e+00
1.094233730951587980e+01
1.075228213191551596e+01
7.285587996433728897e+00
8.912953569560437828e+00
1.470864389411135953e+00
9.218485161428192853e+00
6.119899503207286706e+00
7.715309072720404338e+00
1.692238793195509459e+02
9.619398571594930392e-01
2.644930749657355751e+00
1.023680882695222571e+01
8.156083857246486657e-01
3.123367291619384645e+00
1.847700129738542785e+01
3.741565587687222205e+01
5.027886341325218389e+00
1.239867247663139516e+01
2.642164640438831480e+00
9.775534440363740529e+00
1.211777379655981157e+01
2.492177065290836424e+01
3.633602048600232504e+00
1.048887790096285144e+01
2.487882430286819435e+00
5.686518197254598839e+00
3.679667877580854896e+00
1.708820349885757395e+01
5.728816450933171467e+01
1.918068625287875806e+00
1.124923931434959812e+01
9.479966045325484147e-01
9.103932966301071517e+00
3.514581850745784219e+00
6.763092790042085412e+00
9.990779846257646923e-01
3.674738501217282405e+00
2.508663334442192916e+00
1.637777351953771277e+00
1.028421533023012380e+01
4.402673058789054572e+00
4.200821433454582809e+00
7.737178822774084530e-01
3.662126531316083788e+00
6.425386391089928040e+00
8.232588658763626555e+00
5.055243454060669883e+00
2.206984616281934919e+01
3.745613151200663538e+01
2.420288754046822977e+00
6.344282020777219699e+00
5.389145709346512270e+00
1.693173013729001752e+00
3.135124011309315506e+01
1.389318610565578593e+00
2.653966915697381967e+00
2.867336790508907107e+00
9.153489316621490346e+00
5.613303634527022190e+00
1.691387510387325577e+01
3.938784393124994399e+00
3.577020367299582393e+00
5.655625952724842698e+00
2.571544198746781085e+00
1.169936716002651700e+01
1.366775379985545413e+01
1.440303013973779223e+01
2.581173970624731417e+00
4.192600693475085905e+00
7.757144625775358016e+00
7.735534962827498084e+00
6.459608989497124476e+00
9.972925342891059586e+00
4.993111799596384515e+01
1.162282538243757024e+01
1.576562494753517063e+00
4.028075136462898165e+00
7.749149447656727752e+00
4.332464763472215097e+00
6.507097865673821424e+00
5.278240783735300923e+00
1.950458878293077802e+01
4.716787528168712385e+00
5.516640518604059018e+00
1.721065025987744246e+00
6.725750169624117092e+00
5.898963551558725094e+00
4.397935134238486476e+00
1.721147394187525492e+00
1.946030680267221413e+01
8.483271527813734281e+00
2.570961993127804934e+00
2.398779668095636808e+00
1.039947371068140214e+01
7.537843348251525022e+00
5.309625630485177439e+00
3.328707568659993843e+00
1.015493475698731451e+01
1.637850994258656101e+00
4.525129270718473151e+00
1.240951583452474338e+01
3.189035737707979212e+00
1.757325312089196245e+01
1.478107957870770761e+00
9.587175798207139721e+00
3.017550429632616549e+00
8.905355472564378871e+00
9.301319155077994338e+00
2.806151588607817882e+00
3.058704801347862556e+01
6.412571164121444234e+00
1.945403301345559388e+00
1.559493580582818950e+00
3.334395449400178180e+00
1.927847653888527191e+00
4.339192171116310170e+00
5.408828414338300306e-01
8.287427193588172258e+00
8.511447082011754262e+00
4.761099712884814039e+00
1.554886480603629728e+01
3.495902945465937606e+00
4.141349880152917606e+00
1.276433587204373943e+00
1.010101671426895464e+01
3.544327754891985904e+01
2.212713042772836314e+00
2.681579918035372767e+00
2.004937755533012567e+00
7.768699467076242371e+00
1.007139120256409548e+01
3.074562616456205877e+00
1.022317444581238410e+00
1.275846266347527447e+01
3.463522573174759867e+00
3.946401405037923915e+00
1.403716594646922999e+00
1.483138832758100545e+00
6.188899329463823484e+00
5.994369485132740927e+00
1.543522965268094627e+00
4.103195198085090922e+00
1.537378628008827297e+00
3.272294042324240593e+01
7.381793951868507175e-01
1.815574950158184464e+01
2.911628212294702145e+00
2.561888632200656435e+00
2.787633674826930985e+01
4.302312223840155880e+00
4.701298114193729560e+00
3.431126598325754617e+00
8.884803533387328756e+00
1.423007496612476608e+01
4.348472029282347329e+00
9.589633074238377297e-01
2.430722068407914094e+01
8.066261268789970629e+00
1.066403846705298086e+01
5.079541369567182052e+00
1.892696515912702937e+00
7.960213678050402919e-01
4.131242336135191984e+00
7.762726011257081282e+00
2.110592886477538954e+00
8.455600119442511220e-01
1.303247093242223009e+01
1.696313419063293892e+01
2.244252619261592940e+01
1.522824504933827816e+00
6.268216534938984452e+00
6.972191071682252606e+00
6.967155163599290546e+00
1.859656793937417785e+00
7.374375787810721894e-01
7.150046390319706013e+00
3.943207215442557256e+00
3.534701864257196036e+01
7.032790502636585472e+01
1.576516933323770431e+01
6.610905936913437309e+00
4.990458428636801003e+00
3.298674427181353952e+00
3.040329874128569898e+01
1.009575828163430611e+00
4.703090959686642147e-01
7.824753244609066627e+00
4.051500965527707443e+00
1.519568466390691652e+00
7.012048893159924035e+01
9.155234371253205827e-01
5.365981019546907760e+00
3.258914048188275814e+01
2.216437566433723472e+00
5.440130691684588626e+00
3.864965095769044567e-01
1.942892061400693038e+00
2.058820482611893432e+00
2.098440779739522810e+00
4.274634477215479933e+01
7.102837375064720016e-01
1.033432371753277046e+01
6.771246766934276851e-01
1.106166582233562901e+00
9.128568554738714980e+00
8.293080541021133456e+00
3.892622652204583145e-01
6.040543082576932221e+01
2.450331132739338447e+00
2.547120946185115287e+01
7.747194504545757532e+00
3.299256973460960918e+00
4.732269376712308073e+00
7.393124095868760515e-01
1.241439893130149130e+00
5.302428614904171056e+00
2.437623368216091535e+01
2.433261457600091493e+00
6.624517700009513455e+00
4.898200752470614816e+00
1.748368352409722659e+00
2.490956251268281463e+01
3.882075416718646643e-01
9.161820183944111573e-01
2.376246125342400095e+00
1.742422756719298960e+01
5.964805071078021825e+00
1.280270215403275991e+01
1.844708119088320775e+00
6.279572040156473633e+00
1.092452339094236224e+00
1.252391222298361484e+01
6.537016106632862034e+00
2.195750442188178830e+00
2.343614369826197930e+01
9.069947604608564751e-01
2.700716982373760899e+01
1.581165724144937945e+00
8.975703747773838614e+00
2.790637424969668157e+00
3.671014554319376089e+01
3.128336203897251266e+01
3.282662154062002902e+00
6.153321665532927032e-01
1.337060650696260922e+01
1.120018142950408979e+01
5.854289192257062346e+00
7.537815871073310525e+00
1.162025780725827406e+00
1.401173889019692176e+01
1.158759400605839485e+00
1.703217905852413727e+00
4.038941048582109783e-01
2.262063611691759135e+01
4.001781541177892088e+00
2.798311365225663927e+00
4.187139508217528672e+00
1.543305034473528625e+00
1.129109239016727884e+01
4.964495234602079421e+00
3.034948173862877852e+00
7.396646820171578440e+01
8.878010979906906641e+01
1.962090604348855649e+01
7.191660233766587140e+00
8.662448694889299361e+00
5.067188918887819860e+00
2.819927349308552156e+00
2.730375421636817901e+00
5.795211825170017761e+01
1.052780031598265165e+00
1.924650812279120160e+00
2.273935682876113251e+00
3.630094018359295660e+01
8.978927441736405113e-01
7.011631023789036909e+00
7.046262398240840774e+00
1.331396430080627358e+00
1.698007507988483988e+00
3.613821277185624847e+00
3.816288303896688827e+00
2.813185859840786396e+00
7.187643882746452562e+01
8.969965772487984879e+00
6.015293791288075731e+00
1.435609444357267250e+01
8.965462180810385817e+00
2.181053087278589153e+00
1.003296085936632842e+01
9.443455724728496037e+00
2.491026715909003819e+00
7.995374810210990058e-01
2.311835949023454351e+00
1.760463856725346687e+01
1.796544756957093147e+00
1.015585546819130158e+01
1.989642050740405788e+00
2.078395520746547653e+00
4.960958797067516635e+00
9.224916716125122207e+00
2.699694928655474335e+00
1.867603586627784473e+00
8.385022622419278093e+00
1.859732061895821298e+00
8.325723492655656344e+01
9.448817620315981713e+00
8.894357544004545257e-01
2.209372192383506572e+01
5.818756190802686135e+00
4.894410001301875646e+00
5.470332963985486074e+00
5.372904548804894098e+00
4.909006132588852545e+00
1.556559864967687901e+01
6.488156720703709190e+00
4.920738126849127703e+00
5.898607841464913015e+00
1.777907329485947940e+01
3.936684936830366688e+00
6.348415206710314784e+00
1.973492187211075111e+00
2.504934076930875886e+00
1.100886889594948137e+01
1.403348504328359603e+01
1.202214912680146019e+00
3.408506012362840121e+00
2.479827375330127648e+00
8.037264019043912633e-01
1.265799250180273727e+00
2.991641362924562397e+00
1.048801276605770605e+00
1.460148951941427464e+00
5.096581790631534936e+00
1.899317884427267344e+01
5.304640418331904250e+00
1.619559812408109067e+01
1.776524441028645285e+01
6.645094692225361754e+00
1.666094223020324421e+02
1.771627623704293342e+02
5.756467922589850517e+00
4.559677787269542648e+00
1.663183726328518119e+01
1.620112768383491755e+02
3.335301720576985041e+00
3.344572697102058623e+00
8.602063955833597220e+01
6.504045539264535769e-01
2.155351623139948547e+00
3.148372467108299233e+01
4.101002496177204470e+00
1.073435018788611117e+01
9.705257620700603383e+00
1.823521223724067664e+00
3.956283309041788598e+00
1.604949054551639387e+00
1.388167850182087015e+01
1.829291372456494003e+01
4.189172730556146362e+00
3.418363893855237645e+00
4.147777410310599655e-01
6.494283567660061873e-01
1.075682253907324792e+01
8.120524482970833402e-01
1.518305103430836356e+00
2.249877688419612198e+01
5.021006661551622230e+00
2.753985346384210331e+00
7.552009054630055118e+00
2.723782383058665957e+01
1.623039609328662092e+00
5.744487946695679970e-01
2.039829926424784112e+00
4.909235665848395769e+00
1.449395744418464282e+01
1.397920243123964568e+00
4.534497044998638260e-01
1.644483927088690578e+01
2.668791397823295219e-01
8.713793397738185398e-01
1.439322472837042621e+00
8.433161741064632011e+00
7.761769937761192617e-01
4.333778661248746111e+00
7.278874025488306643e+00
3.172670230437862338e-01
7.498338887400761621e+01
1.736304048575970649e+00
1.967570804449020017e+01
3.451992040661062244e+00
2.313156661216222432e+00
3.432008043369889627e+00
2.864258663081418188e+00
1.171442474936039169e+01
1.036205790479375555e+00
7.479376273856940927e+00
4.160836661365496347e+00
8.061072194150025183e+00
1.239135075967936572e+01
4.543553416397043243e+00
3.187758020203891096e+00
6.144640098430214969e+00
5.117296250558833748e+00
4.827808618253756068e-01
3.634149083292562699e-01
1.674732440832888081e+00
4.550133262579221238e+00
5.312007508270608636e-01
2.027294785228658025e+00
1.018193461432548297e+00
1.476315794128559400e+00
6.049771984140848602e+00
2.826386254931507747e+00
1.101460180952719359e+00
6.414402680666096046e+01
1.469266357867704986e+00
6.883320759258695354e-01
7.464196225189418943e-01
3.733489280785473152e+00
1.541216938075953724e+00
4.657063815302505461e+00
5.463656610087554100e+00
1.446774091337008405e+00
4.395074568350866073e+00
5.013527005486107413e+00
3.092784914878697222e+00
7.049549411255716658e-01
4.226184465696597670e+00
2.527958859282252391e+00
7.323285187458943746e+00
4.433786611431997038e+00
3.517814666360840725e+00
6.011568293873883917e+00
1.134340395442650085e+01
1.286840887234839848e+01
1.013206639311640167e+01
6.781606903659520924e+01
6.705004188413340671e+00
4.434765203214769969e+00
1.758682075108929599e+00
3.943810689239106271e+00
5.704293638858452198e+00
3.005418212465633676e+00
3.517797541129163985e-01
1.000209488808444069e+00
1.398744359977607932e+00
8.320643235505400526e+00
2.432840752453155453e+00
3.004292746556617377e+00
4.436663437561216483e+01
6.749621466114560375e-01
1.632576092342889362e+00
2.582142508493932898e+00
5.724708394555850788e+00
1.425764558742906862e+00
1.260001477970317474e+00
3.724923646153642576e+00
2.003393113124580349e+00
1.951011550184373444e+00
3.899924814212363700e+00
3.541906440960708835e+00
3.687492870141269030e-01
4.670330415909492494e+00
8.020695565969623075e+00
3.597134998769746961e+00
1.605738903765233871e+01
5.930820988838509944e-01
7.187042005310789961e+00
6.260197798155798132e+00
3.263710993052386655e+00
2.741205558706425016e+00
4.431468139872118073e+00
6.917944722472441077e-01
1.415874179310779413e+00
2.258310017847352213e+01
1.552048908496057811e+00
2.180690619658182783e+00
3.943320899245795097e+00
3.924199536274697309e+00
3.895786918832510715e+00
8.306465303055913907e+00
4.353810715990941382e+00
3.337301218987321683e+00
1.495654320911022683e+00
7.408687758898307996e-01
9.502845895823071487e+00
1.487489045051128000e+00
1.487427175455373840e+00
1.421609698059736360e+00
1.996392546681642344e+01
4.711619573155043206e+00
6.229616434105454736e+00
8.480169043430645814e+00
1.733964734555327292e+00
8.134578790735853548e-01
5.739479977914684561e+00
9.467657753328452275e-01
4.240673797757247954e+00
1.238801662292680961e+00
1.272004361602323996e+01
3.946872713598060578e+00
1.263989468651452786e+00
1.110773321941927527e+01
2.549513738148818653e+00
2.259907573630231870e+00
2.174969708068795082e+00
6.059808212479828038e-01
8.651551461257901110e+01
1.013692170079765420e+00
1.132674510608425056e+00
2.827109469315196577e+00
2.323873532060366642e+01
4.722143632790909429e+00
1.762342165195292765e+01
2.038229057944845835e+01
8.017785801901077036e+00
1.599238279123410766e+00
8.101787014614940663e-01
2.025854748036862052e+00
4.913568535639078583e+00
4.526087334009925911e+00
3.204375470836705819e+00
2.125753186994701949e+00
1.616347303757335707e+00
8.214632234995043802e+00
6.857122802347071833e+00
6.622886500814437749e-01
1.554999313645683667e+00
1.508176552445831486e+00
5.584853513591515606e-01
2.662297616867633998e+00
7.450117825038837793e+00
7.124191011299325638e-01
8.355134369717681864e+00
1.918248793456123646e+00
9.873572186782077154e+00
1.441022647785459521e+00
3.481918286243820493e+00
2.354814628633736806e+00
2.270066167274024771e+00
1.173647723224313211e+00
7.695912976402973449e+00
3.795969654778687641e+00
2.048546916200489676e+00
3.018380576449842589e+00
2.160758074865938294e+00
3.711100530465528458e+00
5.096014075649485164e+00
1.337160395700949955e+01
3.078215817653532138e+00
5.965779814195032671e+00
3.822581679108381980e+00
1.264507305345825783e+00
5.496884438600926792e+00
6.244061763023407430e+00
4.906211794263242609e+00
7.674210575783472210e-01
2.023361462046618797e+01
5.698483186942862044e-01
1.024469224844715853e+01
1.377569146389384436e+00
2.532564977076512136e+01
1.730206154169440902e+00
8.465897760071815270e+00
1.656250680947473697e+01
1.111626077054553630e+00
1.433627710111737841e+01
5.175635249608331989e+00
9.467770005856698035e+00
5.277034291547887612e+00
4.405183793707050377e+00
5.983978919981743694e+00
4.053996602496964918e+00
8.160571299191872185e+00
4.071214881155270082e-01
1.119354426996532981e+00
1.601927948734036278e+01
1.339125196879816215e+01
1.375009076829275401e+01
1.060475625242805364e+01
1.463491032419994120e+00
3.930935975053312159e+00
1.284542874749136132e+01
1.347012958969346919e+00
1.154064645035662018e+01
6.094199566345275265e+00
7.029412043435608659e+00
1.011081405833497904e+01
5.374928730781499908e+00
1.260256033359083006e+01
1.110526522146431638e+01
6.327124176455829030e+00
5.177167527166827377e+00
1.350616737043373261e+00
1.030083952858378948e+00
6.355454464133178050e+00
5.025098704087620405e+01
3.638137409566848390e-01
1.622370812232400317e+00
1.610246709216477257e+01
2.944154397621821406e+00
1.285059866217336921e+00
3.433870728509950343e+00
6.510086994783944370e+00
2.783682158938945861e+01
2.993785470067706012e+00
7.648185080094046517e-01
4.747176174915299640e+00
7.148044655441140982e+00
2.898238401610150561e+00
9.902410141755177975e+00
1.205763200572501148e+01
6.504758535501886207e+00
6.010176123665790904e+00
2.240863603040275365e+01
1.604352811842883142e+01
5.238916385999040415e+00
6.751988319910252834e+00
3.594333270137870517e+00
4.450019726272266829e-01
4.196210330908050068e+00
9.870190220722964369e+00
3.095691006416302571e+01
1.348031664637936089e+01
1.449883872758278125e+00
4.022655953552614250e+01
1.160641799688507270e+01
1.277198692804833513e+01
6.070832197246280870e+00
5.748175277276605044e+00
1.177098089985279294e+01
2.244773100794065712e+01
8.680928582396155724e-01
1.154671279230487846e+00
1.825621923878714270e+01
1.152965224655274135e+01
1.223480879271259170e+01
4.038529157377536150e-01
1.374264503865979092e+00
2.126262172321782629e+01
4.313457357527321179e+00
1.528147175178348327e+01
4.464332926889261977e+00
6.867313955725320440e+00
7.335813530180598008e+00
1.352840595142487556e+00
1.750745297289471125e+01
2.263777210686372499e+00
3.010478841476379230e+00
2.216298583285907675e+00
4.397080454803088401e+00
3.044574796573909126e+01
4.843186930238311483e+00
4.774847027292319801e+00
5.812520784093540449e+00
6.274008133368504936e+00
2.269436133872001449e+01
1.447961054707287198e+00
4.894455032322026500e-01
3.204944306635586049e+00
2.838832392954325989e+00
7.053644625373574062e-01
2.372467440425486185e+00
2.051098786351128567e+01
2.956017568369660342e+00
8.458948653340586432e+00
1.483786282482742536e+01
4.507711361934994554e-01
3.772798630712561607e+00
6.923476966462177584e-01
3.610877482175200992e+00
5.249120235742039675e+00
6.159199104580074247e-01
5.715782722882198463e+00
8.447147609225803544e-01
2.848715511716350512e+00
5.125050317181901960e+00
1.886347184032524549e+00
7.075027387940620827e+01
1.019900533075024462e+01
1.218154005891675995e+00
2.436240576528537005e+01
1.710455879915832700e+00
2.605766762157749383e+00
3.250040958167805805e+00
3.418239342321857777e+00
8.813993537686480195e+00
1.215413999671751011e+00
2.220791792416423327e+00
3.206335321996909737e+00
1.138864068251342054e+01
3.433350032034999799e+01
5.873593022470572578e+00
2.429297811262755236e+00
5.989490671131679100e+00
6.066209657814799705e+00
4.480760499004340924e-01
7.353299243829257037e+00
8.011497948389374457e-01
1.619242706603966653e+01
2.684515553785148168e+00
1.929106781574019713e+00
7.885965367725755737e-01
3.513593322436597788e+01
9.781368982282568680e+00
3.151764492343049895e+00
2.419508122895732072e+01
8.932238409015110792e-01
4.331589405436202078e+00
5.299191722848188846e+00
1.311980387925226754e+00
7.083664979792959571e+01
6.729732897285217064e+01
1.985869977633486050e+00
3.432396356692862582e+00
1.702706258907381809e+00
3.013783182677494921e+01
9.777862451176870806e-01
5.454847231247699568e+01
2.078793006859712911e+00
1.368078772212856231e+00
9.663233741269499077e-01
4.025238532955846438e+00
4.103068072181501047e-01
8.367976731761356035e+00
9.458734318867227930e-01
7.829288718162096927e+00
1.618059441367883267e+00
7.708403252646728276e+01
1.088575135323858856e+00
5.799754708916690760e+00
2.696948333172347745e+01
2.362927870079098724e+01
1.931709092472333467e+01
6.538592777369577114e+00
2.192377943846075183e+01
6.654408417342433602e+00
4.075384924275959442e+00
5.999679807258927156e+01
4.031000976462672192e+00
2.231375668676853774e+00
6.203151349524580027e+00
2.148089395739717578e+00
4.131439674183274846e+00
2.871657917537898896e+00
2.079985113597698110e+00
5.273722359618399302e+00
1.524348279766330094e+01
3.475420582734596753e+00
5.161804424673674063e+00
1.366356341883159464e+00
6.185971380011614507e+00
2.154480984793668341e+01
4.349403567598565945e-01
4.521656241541714394e+01
5.146533695850217249e-01
7.212790247980287006e+01
7.302981763347506217e+01
1.077712451680068462e+00
9.134782997930001258e+00
7.948671511724730188e+00
5.360564372098858499e+00
2.954320463593198109e+00
4.490338630480146698e+00
2.519082579244082520e+00
9.105275104554721111e+00
2.079202831432124032e+00
2.555097166673170328e+00
8.305909555286865142e+00
5.247948585215071127e+00
2.190642622651889937e+01
2.811080592854368621e-01
4.564164742596353364e+01
5.831501783568890040e+00
1.951270440237216297e+00
4.375052106698299248e+00
9.844020619384925563e-01
2.230859078253578431e+00
1.866267225960534182e+00
4.588217842523868661e+00
2.645383202247495902e+00
5.595748056612577237e+00
1.700322436963424888e+00
8.013759760695627676e+00
2.216081445785107018e+00
1.343833606720271190e+00
1.368070855596348423e+01
1.873684756577352450e+00
4.038547430153148099e+00
7.690012578446214775e+00
8.889508465620636457e+01
4.037035694255689755e+00
8.107380976494067415e-01
8.413043459149301961e-01
1.419201698599537487e+00
9.192035040580492478e+00
3.147646524506051868e+00
1.004898737969873945e+00
2.758694545390652841e+00
1.262528644808924483e+01
1.450929637218038692e+00
1.982289468462982818e+00
4.246202311705749821e+01
2.710834265018294609e+00
3.804277524057199322e+00
2.275934407045395957e+00
2.458807664469361498e+00
9.574608181834164400e-01
5.751811815024909791e+00
2.338592541584014750e+00
5.858661716722996182e+00
2.540259780952303093e+00
8.675955815367989432e-01
2.384220584175331581e+01
9.536131709926596312e-01
4.430313003027809060e+00
8.362763898236623694e-01
1.956849968038823828e+00
1.252232599623763321e+01
4.098931582773340132e+00
1.121482274102948651e+00
1.422774858952996935e+00
7.748527645659929242e+00
7.185373186597954032e+01
5.154999030033427232e+01
5.718616133592730577e+00
2.123385837648799512e+00
1.468465743014516711e+00
4.520200339617170826e+00
4.095300616140657546e+00
6.440083983230244336e+00
2.343820483475570882e+01
6.196177743143134187e+00
1.103166719171115773e+01
3.512363846196012496e+00
1.077957295215566713e+00
1.099752368694297822e+00
2.824195144812125591e+01
9.382923802773452948e-01
2.998590845401801541e+00
1.441793280422115187e+00
2.326029520331610811e+00
5.320548455705232271e+00
2.057559198266792677e+00
1.094170347921705977e+00
3.542139896434444601e+00
2.083349440730923430e+00
1.464867147692603178e+00
8.944629570450678102e+01
1.910257385013395703e+00
1.126106453730519874e+01
5.220462920355869230e+00
5.506019604634259323e+00
1.508352247096623744e+00
5.313788459581544998e+00
2.077357481810846451e+01
9.283236999186639249e-01
2.730999313666187334e+01
1.370404955628296229e+01
1.182384850939931731e+00
1.208129986204149908e+00
4.425526139656679625e+00
1.474553224457930511e+01
1.092782201441180323e+00
6.426744622214456415e-01
5.238129846336990525e+00
2.577260972321584909e+00
1.018991935841660990e+01
6.913937425187405283e-01
7.897912441213633450e+00
2.662628413503069780e+00
1.643291619084370048e+00
1.443786280133109390e+00
5.510711183814836822e+00
2.942132689464772355e+00
3.250650181531445249e+00
1.130104756054737614e+01
7.150497656035478045e+00
1.460601972851878294e+01
5.178696695348784296e+00
8.226782139999667010e+00
2.425820208376514575e+00
7.342535070421752152e+01
2.130728278842218604e+00
2.594921068234236738e+00
1.103313549494425239e+01
7.487204487369073291e+00
4.547378090119956084e+00
3.917381860821566875e+01
9.821448496073589496e+00
7.964779772758133758e-01
1.112871922029935412e+01
6.250629695533314489e+00
1.118826985473433622e+00
2.176962199177161938e+00
4.122985817838285882e+00
1.165380124410097196e+00
1.770418844071386744e+01
1.047991683901016202e+01
2.423551104548122836e+00
1.820608265314184182e+00
2.311946017214285831e+00
1.671467574512949028e+00
4.659356966798731570e+00
4.797022160718357853e+00
3.629825765827795703e+00
1.655437553740680467e+00
9.746081947199654039e+00
2.490678094567461809e+00
1.130617462261515271e+00
6.143165424047613676e+00
1.539803502328856766e+00
1.426005324660264861e+00
2.878119001814784994e+01
5.488919202006369957e+00
5.481841735033341934e+00
6.759166146500801275e-01
1.871763604979330031e+00
3.019724581281731712e+00
9.886104295616039650e+00
6.408432827218653038e+00
1.122261811961653066e+01
6.583877791137969560e+00
2.998258182951393991e+01
1.857352910321797834e+00
1.324162243105288184e+00
2.505965374894408182e+00
1.559855229566134760e+00
9.894749719060769166e+00
2.064556560567079480e+00
6.175477910069178122e+00
3.781515489465447910e-01
1.501752527772606705e+00
1.388966955508104739e+01
9.982587556140407159e+00
1.952200512309021363e+00
3.036412393103985252e+00
3.792994084502314678e-01
1.624846802185084371e+01
9.856476083622531803e+00
1.074464504544150989e+00
9.554706422495096163e+00
8.145281390710369607e+00
6.683152078606244828e+00
2.460528222882110150e+00
1.358635158466952220e+01
1.938230310070970797e+00
3.159301802383587821e-01
1.376142854378458846e+00
6.508887280339082260e+00
1.108340707887892052e+01
3.144616608803805669e+00
3.314879322494835634e+00
3.433751936248417902e+00
2.585171740769232951e+00
1.792117007013941610e+00
5.016646327079437029e-01
1.389499904334525127e+01
7.307360902980023276e+00
8.506064266907773508e-01
8.858479434089936433e+00
2.903092686688716562e+00
3.904222943070067675e+00
1.292033107664158020e+00
6.186512740669652288e+00
2.023198384330072042e+00
2.014438502694576805e+00
6.114142248081566144e+00
7.253436399045144256e+00
9.580857805378389713e+00
2.357947003479666126e+00
1.551471540941059768e+00
4.781933773901520190e+00
1.813263204482012503e+00
3.251736222493712969e+00
8.578268762098504752e+00
1.554932075809686953e+00
7.158136071694951585e-01
4.499165742341003416e+00
7.464746568696453366e+00
3.126755087370499453e+00
2.819066070150715753e+00
8.220800906669477826e+00
9.216339232098601286e+00
1.160436433833543557e+00
2.842997214795554228e+00
5.559311672247264369e+01
1.894146717383205614e+00
3.946541058764176046e+00
1.446363633997043152e+00
3.066939359502702356e+00
2.510971328466122898e+01
2.789859854178817855e+01
8.414033344224167710e-01
2.462837407665066536e+00
8.922703285344931956e+00
7.436242271115179392e+01
7.757645642481846515e+00
5.429285320644200219e+00
7.808582849453252761e-01
7.213697206517262650e+00
4.864972459438505759e+00
7.324772153226356863e+01
1.475758811336515208e+00
7.441360990534009012e+00
6.093962522495960599e+01
2.102862651176150344e+00
8.033616889740750056e-01
1.034903396977141909e+01
1.098990390352454050e+00
1.542068656210365063e+01
1.839706751325235601e+01
2.078117305444631580e+00
5.596922323477774519e+00
8.100977886559678209e-01
1.487774571873380802e+00
3.299696663791273465e+00
1.165061061776406781e+00
1.068262951309523867e+00
5.346661703519893116e+00
6.479747576786017760e+00
2.591284007424866420e+00
4.538242177361412999e+00
3.012046629432861877e+01
3.640469879015860499e+00
2.064010209645294580e+00
3.820312532245005777e+00
2.118825998372037223e+00
8.106965846942804532e+00
4.467901950104747222e+00
5.743105523768210929e+00
1.762858913531633709e+00
3.290065081973614269e+01
1.601102386049557680e+01
1.621881502169104650e+00
3.883213968438587127e+00
1.493682672586249360e+01
1.850939087107804859e+00
1.092077382998638058e+01
1.482202386555098395e+00
5.869210640481460572e+00
1.996934675963639716e+00
2.489297953096513805e+00
6.432699361144403882e-01
8.234984774022986898e+00
7.279206872481573498e+00
5.035911109841499922e+00
1.891580575774457929e+00
2.034494253652540774e+00
1.556998434005932097e+01
2.889828093200172088e+00
8.578913481482578263e+00
3.324099636249008505e+00
1.054292884773669847e+01
8.398486538707166105e+00
9.756671036254052964e+00
1.209164144351135839e+01
5.912528593758918483e+00
8.742807472141219449e+00
5.048562713102438693e+01
7.534832012952955571e-01
4.669745291394506559e+00
7.398661704815117979e+00
7.734668756659592859e+00
7.526895383352621316e+00
3.820576315556137104e+01
3.798696617273284115e+00
2.152895772580035449e-01
1.092861966114131533e+01
1.385915683704100454e+00
1.734767158840283940e+01
2.538776756038917526e+01
3.118171379877166416e+00
2.629246981550914519e+00
4.585395941310648205e+00
2.527766019729547509e+00
7.801930568178699232e+00
1.364697890835575222e+01
1.413559366574542153e+01
1.713867392388200699e+02
1.563190906323159091e+01
6.364575522899874604e-01
7.135055398490190548e+00
1.652417129819009123e+00
5.885594641568193452e+01
4.155915523177119297e+01
2.208174186647962500e+00
1.820398424396891146e+00
1.595258518681645254e+00
1.097695305594933002e+00
1.398855601476398647e+00
3.670637707973008368e+00
4.931978507202270379e-01
5.889299489235398921e-01
5.085623527604030691e+00
2.116272127615452359e+00
8.218475833041954948e-01
3.743914925011958417e+01
2.662261218399368090e+01
1.376695435581814397e+00
3.866704764205040501e+00
1.850507435419997959e+00
1.283505319694036917e+00
5.600609416726352041e-01
1.376843110699687855e+01
1.693079564450644003e+00
1.601554771896515561e+01
1.326463695094063810e+00
1.942956006299748184e+00
7.471348915896298237e+00
2.122563927868075240e+00
6.144881980251329923e-01
2.115838788616983379e+00
3.319893080220947534e-01
1.408283220183023765e+00
8.571092428257802709e-01
1.684323387663982530e+01
1.533259682560123238e+00
3.821499248151422612e-01
1.842761005306975619e+01
1.332284836361822711e+00
8.417680925416014759e+00
2.075886331203826884e+01
1.747289466980593620e+00
2.475853361530543584e+00
4.993412716792521522e+00
1.782427361079091455e+01
1.090494285015050746e+00
7.081054605999121065e+00
2.063935335136646287e+01
2.312741455342595032e+01
5.787064021100127853e+00
1.327537731155169265e+00
1.017820568225207900e+01
3.436637675448732665e+01
7.658076146265045958e-01
2.225853807223319336e+01
5.330399608373727460e+01
4.240371675045374822e+00
8.085607454078583833e-01
4.352514999633039783e-01
6.439568401906187178e-01
1.163669097310441325e+00
5.544313849975324615e+01
2.593433441794610328e+00
5.043960489465411712e+01
4.011479293603317586e+01
1.904141198868014362e+00
2.804688633832808531e+00
3.484481369194434563e+01
2.909006158607162718e+01
6.931231412645557199e+00
1.016477492197205512e+00
9.692571249309635206e+00
4.513261940204698064e+00
8.395998242716555637e+01
3.255926261880577499e+01
7.189783143241276875e+00
2.880129639021888455e+00
7.255068234794528337e+00
1.182999362046196490e+00
2.054052709875674232e+00
3.115960123002500914e+00
1.286526806758713892e+00
2.439944961914618293e+00
2.197792811463548102e-01
4.282378413838504372e+00
7.018847182122504025e-01
1.720128373060958671e+00
5.293227789021853757e-01
7.841559219888591947e+00
3.172018902506797300e+00
1.824340651379143585e+00
2.921121281913642953e+00
7.624664178661149094e-01
2.513695754334486221e+00
1.253259666958786589e+01
4.808524641332832417e+00
8.795272391664854528e-01
3.527801585032735332e+00
3.391667870731231993e+00
2.377593424805053868e+00
1.873964225260833771e+01
8.717110359659999697e-01
2.034117928382892515e+00
5.508889867518147021e+00
1.563025691136041839e+00
1.328708051737889750e+00
2.621322239799595888e+00
2.444027981679683936e+00
1.652189668570951397e+00
2.284754936401643732e+00
3.156908740664260193e+01
2.601257664380415502e+00
1.719844848963404171e+00
1.404980310995019632e+00
5.722355456154101239e-01
8.522082107004958829e+00
4.768865557194009064e+00
2.562912374160093432e+00
2.945027703764992122e+00
2.290435511907121136e+00
7.882702136626835721e-01
1.344959948610042089e+00
1.772368722080008396e+00
4.057866701324109648e+00
1.600109432311988211e+00
3.817510827621318104e+00
6.395324697109043832e+00
5.012560365866050915e+00
1.801349470897312699e+01
5.187125047427060487e+00
1.964114183894208310e+01
3.263969965073464596e+00
1.331548942133986024e+01
1.099478639660313561e+01
1.228589069217183694e+00
6.750437897354170325e+00
4.861112980781299342e+01
1.220678748808640579e+00
1.576834469028765007e+00
2.382214360756209626e+00
3.002177819065791287e+00
1.874953653061741443e+00
8.275112443605626922e+00
2.104970418825763190e+00
2.958544450073041787e-01
1.027088584770413870e+00
7.513691995643605459e-01
6.265102557247664850e-01
8.143809692042389692e-01
3.271839218512069714e+00
1.764861221254790724e+00
1.784392455509768105e+00
1.958741382356924188e+00
5.804254730330220546e+00
6.281806107950293594e+00
2.574593592096583450e+01
2.788589766211559962e+00
1.200575932309550531e+01
1.141263534498987831e+01
7.042932340774047617e+00
1.874854005390345968e+00
2.720543903716156731e+00
3.303885835379167801e+00
3.963528660932331693e-01
1.919142899182572304e+00
6.879557500867503617e-01
4.786768899236542474e+00
6.037139137277310219e+00
2.268812380686888286e+00
4.727776781588747923e+00
1.699925312623812701e+01
2.983697406501701455e+00
4.454221765361484620e-01
3.104259834120626227e+00
1.552479313591379695e+00
1.004744391478864074e+01
2.210970564716773001e+00
1.186328512607856389e+01
2.957120363415347786e+00
2.337881461286022589e+00
3.800762989632348710e+00
1.392663944343253135e+01
7.148533250415096241e+00
5.253733563014169761e+01
1.633780900843145290e+01
1.854497785910099239e+01
2.044345405524706649e+01
5.976193415088220107e+00
4.955193233407509723e+01
9.144869178682160538e+00
2.970848985033088852e+01
3.857050621680463820e+01
1.094485042376814832e+01
1.114385913437817166e+01
5.636819327259535939e+00
5.127824345031317677e+00
2.513052398710236801e+01
1.081648576892492919e+01
1.456771606306450373e+01
5.596802667029569633e+00
5.739789412167629834e+00
3.559014802213398720e+00
2.407687887625067091e+01
3.118802995579669446e+00
5.052568564080130997e+00
1.209172186778299007e+01
3.364951229906174746e+01
8.161923912728221708e+00
2.672840762270129744e+01
2.647555562229216619e+01
1.146437477664027504e+01
1.533498207117298762e+01
1.205454789866767307e+01
1.932172975356084166e+01
1.843057937439467997e+00
4.503073335203406025e+00
1.267981650595950471e+00
2.292800838807040442e+00
4.683566072630413402e+01
8.044173981767004022e+01
2.575132235249266266e+00
9.215407190636382140e-01
5.124000256789218888e+00
1.959417252236315798e+00
1.789313001445428242e+01
7.643203500911625703e+00
2.683671182988817705e+01
4.991770290440367575e+00
1.125889897348784530e+00
1.363063067455236865e+00
1.090671544757583078e+01
1.941922778023841190e+01
1.906133936639015980e+00
1.269817201868070811e+01
1.184525968465524670e+01
6.872420648422632894e+00
9.444285256301107268e+00
1.772343816225311786e+00
2.034529873212551188e+00
8.293715484879497168e+00
1.295396818640130787e+00
3.227666607418349098e+00
3.291618900494943034e+01
1.886577509181542922e+01
1.086935800200225088e+01
4.616689571684538862e+00
1.771816332160177199e+00
1.159190891466336915e+01
1.470692987591892908e+01
2.359466849971978775e+01
3.014804303410551167e+00
1.026974715949742567e+01
3.142657197819052683e+01
1.176748760534521310e+01
1.145669829820431307e+00
7.096976454595110795e+01
3.060317397068377687e+00
1.219487788508019532e+00
3.293547298455160366e+00
2.711016336343464417e+01
1.102366213803693107e+01
7.822092943423468725e+00
1.755096054553220597e+00
3.493962980079327707e+00
1.209596798269945239e+01
2.524272746963642078e+01
2.610792030242032169e+01
2.186717261130348433e+01
2.858529671044014897e+00
1.654909183595970035e+01
2.117149253307538359e+01
9.238965241820498164e+00
1.771176650744036740e+00
2.064883461567410095e+00
5.511556293560679443e+00
1.986118742597394160e+01
4.522507551063980280e+00
3.477726893324932789e+00
2.631153783952584035e+00
2.727561140124405537e+00
1.815040926486190864e+00
1.718078505484978091e+00
3.756157942736946809e-01
6.619757870435735159e-01
1.695526225021359634e+00
3.350985878593050415e+00
1.244568311708964314e+00
1.152280683200437927e+01
2.170771437447392760e+00
2.404655606088291986e+00
6.671123374743441303e+00
4.904756174707867622e+00
7.816698786110275465e-01
4.257945492193443981e-01
1.532812620275284843e+01
1.606466242995348903e+00
8.765486890613809479e+00
1.898179447911738649e+00
3.971822105269428693e+00
6.282095245476167378e+00
4.423392434131437345e-01
9.772133783487133130e+00
1.510184922535891650e+00
2.224282163654961675e+00
6.518369955596791776e+00
1.209410637748076445e+00
5.342581863195859704e+00
3.477375684199427219e+00
1.546889426943581780e+00
2.987484160812894363e+00
4.754160934794368742e+00
6.840161009747524723e+00
3.381449590799942229e+00
2.162657012634714349e+01
6.307499035778240781e+00
1.670102518348918874e+00
6.900824249202089922e-01
2.207743238000639874e+00
1.875792638350531760e+01
7.140392850179881634e+01
9.019206055130126742e+00
4.648161170925160235e+00
1.961643749653649849e+00
3.537326031768116330e+00
1.371249813575730414e+01
2.623780716379105371e+00
2.433900493247097341e+00
4.116196316096450758e+00
1.338255925754768860e+01
6.369172590117844202e+00
6.044985700804929252e+00
1.863562757966904071e+00
6.156354913625891712e+00
3.469230764605787609e+00
4.784011717326851709e+00
1.804429419946815161e+00
6.040487795209349642e+00
2.905444632918998682e+00
2.934967497273120784e+00
7.698177248053126220e+01
6.307379593831369036e+00
4.179869812304145782e+00
7.213499155914203698e+01
3.897675824200955486e+00
1.988065497827510342e+01
2.340506388861924414e+00
6.255198143582971326e+00
1.838037653217302037e+01
1.211500693644717463e+00
4.752710458600994059e+00
5.228668693047718641e+00
6.698038141044856175e+00
7.284546886635177465e+00
5.593445010150690955e+00
4.576319283995701759e-01
8.979795387567474307e+00
7.403410148280782366e-01
2.012408604491606567e+01
2.412620509936344693e+00
2.710353260951992471e+00
7.809563006263810614e+00
2.946777436351899482e+01
3.257585405177110260e+00
6.647728374921136663e+00
8.429574582374836922e-01
1.541470048037967189e+01
1.237054745046529458e+00
1.556978994744941502e+01
3.788881658195431879e+00
3.225132753062034840e+00
3.027734691349444507e+00
1.427077070714770413e+00
2.013243273141658918e+01
5.773146890708168222e+00
9.375145234580434916e+00
1.522144940737185204e+00
1.337028578158328429e+01
4.016861205331830220e+00
5.149106574352442678e+00
1.158163688927945856e+00
1.473030844536080330e+01
3.750093445445854545e+00
2.242668634841164188e+00
5.896208906553488838e+00
5.870366922209546701e+00
1.814451963745831176e+00
3.618100625153412864e+01
1.776506259958426481e+00
1.324312812245396387e+01
2.067390690898933236e+00
9.696500133325390181e+00
6.641245269497154879e+01
3.476435721449115501e+00
1.602033659454538794e+00
9.180774299667781024e-01
1.546848804775657626e+01
2.921446096973591011e+01
9.275322518914231651e+00
9.015706175061826144e+00
2.768292653648344981e+00
2.493755159822219980e+01
1.281000325006875329e+00
5.277135011779843232e+00
3.527794267467945666e+00
3.343363368527452639e+00
2.407775437308234512e+00
3.448582772281720832e-01
5.603855008556270612e+00
5.496418809531628646e+00
2.152834022614440457e+00
6.608456972135702268e-01
6.285751420290800695e+00
6.665030062651944753e+00
3.281337929862074176e+00
9.704450478069396979e+00
1.508809716431999881e+01
1.424419627799929700e+00
2.552758138408624333e+01
4.906722098531166587e+00
2.611914426983841153e+01
2.753996443744092470e+00
1.642529486668488747e+00
6.242993535211854628e+00
7.923749898918483581e+00
5.759467397273854061e+01
2.914106346854551166e+00
1.036009055639057985e+00
3.057813048789043808e+00
5.249591581866180690e+00
2.691015134031507827e+00
1.397340022056614561e+00
1.991934847792450824e+01
8.548888228218347152e+00
4.913035359805688174e+00
2.060274612178004006e+01
3.798333071414779383e+00
8.343786060725271625e+00
1.217986432634836635e+00
3.238657586449119385e+00
1.963587312294762688e+00
7.558180211740042065e-01
6.197218960918178254e+00
1.590900063122924424e+00
6.523375328915729909e+00
1.369253276519916129e+00
5.358849923648367763e+00
9.141893558524539998e+00
1.873642763718145643e+00
3.048087221789426593e+01
6.847480516633101644e+00
6.121748450284764687e+01
1.758185670591201344e+00
3.891651886831138718e+00
6.022974573919071872e+00
2.452913727207232597e+01
1.938140891365231511e+01
2.882617479194669485e+00
8.770899937421724246e+00
2.117310106885141874e+00
2.652742342903867900e+00
1.745310260179112616e+00
1.238471187072051372e+01
1.177495300332292949e+01
1.207007101449106390e+00
1.292909687726668810e+00
1.523308029470731384e+01
2.277457170966248334e+00
3.110772742942378244e+01
1.361850434963262080e+00
2.070537128176100250e+00
1.649507574465280300e+02
1.898216954202773366e+00
2.925609491932535722e+00
1.216886918376992366e+00
7.810714056719481047e-01
3.281950018451895268e+00
7.322113742620009802e+00
1.702095610432668948e+01
5.609339379648423218e+00
6.267754331774653132e+00
1.017338486027406930e+01
2.042996779690624543e-01
3.575743115445526588e+00
1.103456944324675604e+01
1.577894351645691096e+01
2.176436373379641509e+01
2.145318968182170138e+01
6.637193325310660086e+00
1.713557273810018700e+01
2.738975939590134967e+00
3.425693905137195738e+00
2.528512245142631176e+00
1.348485915491882903e+00
1.802285482807883454e+01
5.022443657647436055e+00
1.084388429641597540e+01
3.071484050692445233e+00
2.573503038718121694e+00
1.754622127873934190e+01
1.097482438162851404e+00
7.468112205580763607e+00
1.451373345703833273e+01
6.324115947441963215e+01
6.511149839735627332e+00
9.080702800943187825e+00
7.043065487877099429e+01
2.962992994948177916e+00
6.604168380535935245e-01
5.036634258877505488e+00
8.831752772933162632e+00
5.311634596359613880e+00
9.453869819244546946e+00
2.900347652267222998e+01
1.108293548482056678e+01
3.333199222157928432e+01
1.230033398354325591e+01
9.246059982280055323e+00
1.800000000000000000e+02
4.910647406869028231e+00
1.502323276362046833e+01
1.597013460769121096e+00
3.691272804720325595e+00
2.778014811579036181e+00
1.107287673052110399e+01
1.837703993866597330e+00
5.258723594051937233e+00
1.910072005327616118e+00
8.309956464086756256e+00
5.780280566870448666e+00
2.275484480834288448e+00
4.077838548475638092e+00
1.411049912867984624e+01
3.521582548709092464e+01
8.322962494425969027e+00
3.063109339430639011e+00
4.755295327333672439e+00
1.424905820356768693e+01
3.629123848691724774e+00
1.438231200213840211e+00
3.710743843764162442e+00
5.467106721571696859e+00
6.140256533866142341e+00
4.844108371703137905e+00
4.959586400537112638e+00
1.547996212271329997e+00
3.424862914607833986e+00
5.518458972357755954e+00
4.918304865066581044e+00
4.795257769966610795e+00
3.150240783016034829e+00
4.073598369171724798e+00
6.791990880033488942e+00
2.583123220978880497e+01
4.343699230125553257e+00
4.313711830883784160e+01
9.395073946312765045e+00
2.275049192034581225e+00
3.893181987342754269e+01
1.970849405129486032e+00
4.162908589645258672e+00
3.333775188202663031e+01
8.634130097118569935e+00
1.810062716966695362e+01
3.493353948019999766e+00
3.735205757717577679e+00
1.123203897881903224e+01
6.154868559667792560e+00
3.170033909188904708e+00
3.510319692969036343e+00
3.425453319920247264e+00
3.938731066328193720e+01
7.026132376497619703e+01
6.863498927917186521e+00
8.499822113048911376e+01
7.319941675893320898e+00
1.887679282985227358e+00
3.132534737779392398e+00
5.330637299723065547e-01
4.403378199046436237e+00
1.039272570319859668e+01
1.024360826278520653e+00
3.645158835066437675e-01
2.029834775059786989e-01
8.748433293239934461e-01
1.215662213446659479e+00
5.410115108706051501e+01
4.973198630980223811e+01
1.920719138951326288e+00
3.217728095632339080e+00
1.394055859802882935e+00
1.748218142346082971e+00
2.535958703670927683e+00
3.574617953702123430e+00
6.031375890591659239e-01
4.292453982905002796e+00
1.942678345776621684e+00
6.694754875860465804e-01
1.084813171257804498e+01
4.657320558192229676e+00
2.459770635753827595e+00
1.170421160129911042e+00
1.153512151973061561e+00
1.873869229866568986e+01
9.168165427677102963e-01
7.138996822584269264e-01
1.511605748369951652e+00
3.883329431247650732e+00
1.749318773831747498e+00
2.291840317797543847e+01
9.726252943495227177e-01
1.073194454387280672e+00
3.304273450969091197e+00
1.489490002784907841e+00
1.239166244770284919e+00
6.838310045460360698e+00
1.530742290478150913e+00
2.568336042124086838e+00
1.316509164157814382e+00
9.212573041841601862e-01
6.566865075530312623e-01
9.768046788401939295e+00
1.617362028147477915e+01
5.248706861906094367e+00
3.695893581791085847e+00
5.981925452024293932e+00
9.238189692377963169e+00
5.928375314203834456e+00
2.451145489469117589e+00
7.022103194617443478e+01
1.376308412881743992e+00
2.201168080892315615e+01
1.493639554689828675e+00
4.521414004235890238e-01
4.647844219547176969e-01
3.655232954964727110e+00
1.430574961037410775e+00
1.337358398909253010e+00
7.230633485546562600e-01
3.250469660376385850e+00
1.490371082483305631e+00
2.085555529705554356e+00
3.457857241868721454e-01
1.343768342012310102e+00
1.047936823734943701e+01
1.680836953178772575e+01
1.528935946715828775e+00
1.193897446226054093e+01
1.281315881728432515e+01
1.309579534731336814e+00
1.345914089450630069e+00
2.332508910531800428e+00
8.831858389923645802e-01
3.845029440530486897e-01
2.087458353950379575e+01
2.482605390013229751e+01
1.289546843594073511e-01
1.393386711057747807e+00
1.839197069588408562e+00
1.116586979317439443e+01
8.737651359225077075e-01
3.037749355264256490e+00
1.743223919171800640e+00
4.334076180993545790e+01
3.434925144766976501e+01
9.103046266245942153e-01
6.816667433219022465e-01
1.136392839638755703e+01
5.054133077342854996e-01
5.237697614585875572e-01
1.464370546682597407e+01
1.639726090269670311e-01
2.762544168408361145e+00
1.273663594467722593e+00
2.286013235157277890e-01
9.957550941414334833e-01
8.606887516849895947e-01
7.631999596995361124e+00
3.555026914222100043e+00
1.143805224680316535e+00
1.150955457199379195e+00
5.392884268441446238e+01
1.373735889054443771e+00
2.987937345000613587e-01
1.124475756809742100e+00
1.220153472164705022e+01
2.977367517162348420e+01
3.019908229733443417e+00
4.434383270603079907e+00
2.824087130548255331e+00
9.071518643621486744e-01
4.296529627601115564e+00
1.324194113307810383e+01
3.751388256490487549e+01
7.149383942144472925e+00
4.036314821253242258e+00
5.727212337695470445e+00
4.515298029685436632e+01
1.110160185246846787e+01
4.290310878042536302e+00
7.011315659196465155e+00
1.301250296913302229e+01
5.911725968733765324e-01
3.001384041707177985e+01
5.485364770633748499e+00
4.217917363397968522e+00
1.236382589630526319e+01
8.002028380147098119e+01
4.662056060065568275e+00
4.627836235186994607e+00
5.571234525813267879e+01
2.398349079567936570e+01
1.945393737738371209e+00
6.067552886746280905e+00
2.562346790375316985e+00
9.407375423864790420e+00
2.143803670328863831e+01
5.452703482202696961e+00
7.464210639403070502e-01
3.886536484939559699e+01
3.764726529950789047e+00
2.116055819305960206e+00
7.868133940399184567e-01
2.402346381385056961e+00
8.863810316422286562e+00
1.281144935749558122e+01
4.449368439425072985e+00
1.991520105744971403e+01
1.137982817265889679e+01
4.124674929038294025e+00
3.656864054473184211e+01
8.633152923919189092e+00
9.914109637234139072e+00
1.772163220069744138e+00
3.199913637067159655e+01
1.098577643905558610e+01
1.064162279048089665e+01
3.674238635258594599e+01
3.347708627992237496e+01
1.449427961283867639e+00
8.336175171738148038e+00
5.338706226746824157e+00
3.010825608649217333e+00
7.521131353096911276e+00
2.036302884815367253e+00
5.182991906625415623e+01
5.692177491375152165e+00
3.550688126061643413e+00
1.356733120916490520e+01
3.051022137152628932e+00
5.099899098195891156e+00
1.215845734382507004e+01
3.745961361746374507e+01
3.432572905438445332e+01
1.824873365623917465e+01
1.225612295967449761e+01
3.711109141283375212e+00
1.886746874440192290e+00
1.751009788314469073e+00
1.084172343788710968e+01
6.625706621312143163e+00
5.646429357522742443e+00
1.653951485561763590e+01
2.093346357229748822e+00
2.547828632779302271e+00
4.956339457202171062e+00
2.262956695698946419e+01
6.087627755429700471e+00
3.593902487846898808e+00
2.050322653939131001e+01
7.315782177227220018e+00
7.240349954742166361e+00
8.466357503644563565e+01
1.155194042290681899e+01
2.205295253948994283e+00
1.346361463579537876e+01
2.739109340225877531e+01
1.489922933883507827e+00
1.769468528934079687e+00
5.978724558868681704e+00
1.083536720902685158e+00
1.268307544208970761e+01
5.876597672222259483e+00
2.556591942235450610e+00
6.689170447846090717e+00
9.719248496935172232e-01
9.840688358370616173e-01
6.252516234014379171e-01
7.554912594044298491e-01
4.233861400505555928e+00
4.961150882768002646e+00
2.913606882550687160e+01
1.343035806776939722e+01
1.841722603409825743e+00
1.788847413676686315e+01
3.800205995186668684e+00
9.379059545285317157e+00
4.923564645223289737e+00
3.607211806714489821e+00
2.127100471096874834e+00
4.331725758001773841e+00
1.035943802380725032e+01
9.162540069232470330e+00
2.722636760515485754e+00
1.818248768560188910e+00
3.469861772948436229e+00
1.998760607149057345e+00
4.406193791267831728e+00
3.057987349225335993e+00
4.292751398783232197e+00
2.959706914379378162e+01
4.166274878689676164e+00
2.300737169489851741e+00
2.619663926741203408e+00
2.355097384451223519e+01
4.945096579546595983e+00
3.377281007165472637e+00
1.927587400125789774e+00
1.742690897912248182e+00
4.105769560957250874e+00
4.261165486368060584e+00
3.598920409439620993e+00
4.300223205020775374e+00
2.559106777491696683e+00
2.795618585720428317e+00
4.900429175414889649e+00
1.610023947276913248e+01
5.552740681399197520e+00
9.807218288596567746e+00
3.066086719097982805e+00
5.206660683720298444e+00
1.741445997358727027e+01
5.213353973128581842e+00
2.776084557541346420e+00
1.253739976372708620e+00
2.441834557446175324e+01
1.430073460039271049e+00
2.358296299073367663e+01
3.421019142869273111e+00
2.854914367503071926e+00
3.672469005521621810e+00
2.524447774532707189e+00
6.592745502680625869e+00
2.059908304473522023e+00
2.380051623604970690e+00
1.413822164188215424e+01
1.167777333785362437e+01
2.493655491217960485e+00
3.700946907807389330e+00
8.021703541935750081e+00
7.042983530643876833e+00
1.371068559191861524e+01
2.006319165844386632e+00
6.104280894931657819e+00
3.646693621426452925e+00
2.296885584928998192e+00
7.948411036964141196e+00
2.419331559481356919e+00
3.711936923805424726e+00
2.967313032419902541e+01
3.712019173128389138e+00
1.871027898643204068e+01
1.323039480957103775e+00
1.238742609116987126e+01
3.507530079401031742e+01
4.964565820033616239e-01
1.306217882678645914e+01
5.207760871274413006e+00
3.152286125794121929e+00
2.714331349299351714e+00
2.926742229015845354e+00
2.865231316320470345e+00
4.549115855852397416e+00
6.139982216558400596e-01
4.786497355452036473e+00
1.138212485159603604e+00
3.743696310073590716e+00
1.865326727760784564e+01
3.037867734852255808e+00
9.332595528335691171e+00
2.428617807723525246e+01
6.626090049288998252e+00
9.883415017657283030e+00
3.122844926905946394e+00
1.739902414753143445e+00
1.035177957120377856e+00
8.352316747818302645e+01
7.329612240923316335e+01
2.692145880841120942e+01
1.726565220276648160e+00
4.501592301912837435e+00
2.672012373985883649e+00
2.392639620442184700e+00
2.976766031753790731e+00
5.597688566883520345e+00
3.927906321223061603e+00
4.330629840570838773e+00
6.812038315285814605e+00
1.976059993946294924e+01
9.090246641054324783e+00
4.998988678790430740e+00
1.058653023018790691e+02
2.971644163451951925e+00
2.911151034549648386e+01
3.610091719736949756e+01
6.597944622803413495e+01
8.556681673102898289e-01
4.564780307460555520e+00
4.275077924675954932e+01
6.179362523124274809e+00
4.098434505644998005e+00
4.877890452709817026e+00
1.570193955721314438e+01
5.297300617144220514e-01
4.581644296877822597e+00
1.365306272681935829e+00
8.754134657214979853e+00
3.004442982235546733e+00
2.675722425595691334e+01
1.202171132442357226e+01
7.649350331432348327e+00
6.780231168449478041e+00
1.003288510506727960e+01
1.241929750825882905e+01
1.548382078882935886e+01
6.271130481349503327e+01
2.882072737357200598e+00
5.609098953475162297e-01
1.439706976274555572e+00
4.305309201276252828e+00
5.300457959489983750e+01
3.169591633779641482e-01
1.004155031275471543e+01
1.624461627492558957e+00
1.443523474445266963e+01
1.641803505144813258e+01
3.803169303537526247e+00
7.771303697119843479e-01
1.394458163029602460e+01
6.005165224488553388e-01
2.943859058900721859e+00
6.484790088185692802e+00
1.203863981844479092e+01
2.900378680464372749e+00
3.995888021932839429e+00
5.875399232438237362e+01
2.182787200640575520e+01
3.700915357678943529e+00
1.233069825561172550e+01
5.298456657766444922e-01
1.074869891076865258e+01
2.089461200272148655e+00
5.627526155422454046e+00
2.630452342957201317e+00
1.457464632217725597e+00
5.036439023200928844e+00
2.258807989742687283e+01
3.336946704748271042e+00
9.375448000827205419e+00
9.321171463439105409e+00
2.029443142057969141e+01
5.276505578832682453e+00
1.793399468250704842e+01
1.011550127152221279e+01
1.001446379139142628e+01
1.718356969549732716e+00
3.031078261586525713e+00
3.517485788667950697e+00
1.165843659009842215e+00
5.329609878178670712e+00
1.247084762737420682e+01
8.850967239281240850e+00
1.953843927074210285e+01
4.987527598923589878e+00
1.010830546221680137e+01
4.920992298584776847e+01
5.229510884929078429e+01
7.327562580897968303e-01
3.981512676555584385e+00
6.455741250427628586e+00
2.816707495041093079e+00
3.655940965006125865e+00
1.455747850948538868e+00
5.430686276429623760e+00
6.005361689250588775e+00
1.430936308073950114e+00
9.027876213905683400e+00
1.930964025187102306e+00
1.441880399327069462e+00
2.552299339214664009e+00
1.942832570179454432e+00
6.407793368910047249e+00
8.620935088254089163e-01
9.679026971205720864e-01
5.525682431473093459e-01
1.115302597491478664e+01
1.313118267401740091e+00
1.436022611796478277e+00
5.957289768440456434e+00
1.147299276228450893e+01
1.373428807220198777e+00
2.132273658822620988e+00
8.017663679322004633e-01
3.108082986882672483e+00
8.989080236880580443e+00
1.514470845543921973e+00
2.917678533407063401e+00
8.223417765251369360e+00
5.405493568579146313e+00
1.422612763676248226e+00
1.033649122507070972e+00
2.229557592655531995e+00
7.147669468982959629e+00
2.145353082559862568e+00
3.980000632452643239e-01
4.211967531366122230e+00
1.259243866338719009e+01
2.225619346651160679e+00
4.823221460285572748e-01
2.493077394509036981e+00
5.342750588612346085e-01
2.891357183917175888e+00
1.058576652394938034e+00
2.548557762746943567e+00
6.193450050995725320e+00
1.140211643881908321e+00
1.197929527201062072e+01
1.205654953513373373e+00
8.577840357561239415e-01
6.351575533386515815e+01
5.332151194277646056e+01
8.734153708862445242e+00
3.257898726342209006e+00
3.106121665683950539e+00
2.981473188010932418e+00
1.746427085606880425e+00
3.671141480462028373e+00
2.111629019687605524e+00
4.066238387490071382e+00
1.556598313388207089e+00
1.323572230229238400e+01
9.668939391309816500e+00
5.314372362859471011e+00
2.490451231397865506e+00
1.847457767816613528e+00
2.309452680302138461e+00
4.813950105079102260e-01
6.374023310749824134e+01
1.486236404879702100e+00
4.981763850885877254e+00
1.163183066476348237e+01
5.061508290563317303e+00
3.187073062480411778e+00
1.637373747139336189e+01
6.760084057940068725e+00
2.437087281673891326e+00
4.347486601988395094e-01
1.466646591104985076e+00
9.486278579047441539e+00
5.978947828704995970e+00
5.498852611964946124e-01
2.830924267436432107e+00
2.476149929930843374e+00
4.503884092551795337e-01
1.795757796299467524e+00
6.544661013332221167e+00
7.577537435855197678e+00
5.816995600468205296e+00
3.389200384507797370e+00
1.837832054279894933e+01
1.890823510701566335e+01
5.233979252867900556e+00
1.609780478358537081e+01
8.589510244661671123e+00
1.985636319425323704e+00
9.006257723581284624e-01
2.226039009184957251e+01
2.671079326992060299e+00
2.655705342929771895e+00
6.273901584617960658e+00
1.041553008658834223e+01
2.178320929302113296e+00
3.049545215847007551e+00
3.281788289309192308e+00
1.868973860881510296e+00
2.750054669190943546e+00
2.233868555558197411e+00
2.368799663270852562e+00
4.547129853171635538e+00
2.350796323884836614e+00
6.182786926473270661e+00
4.075642909949855230e+00
4.516188364544000855e+00
1.803382287698853048e+01
4.041849000641855483e+00
3.109929469313347239e-01
7.877556362336339824e-01
1.733656556221975453e+00
2.613054723918101985e+01
6.286940102316452839e-01
1.466285439960382853e+01
2.524116255614543647e+01
8.576994309199546862e+00
4.956105182526554742e+00
1.209128103402661125e+01
2.400180362432643655e+00
2.492737866890461973e+01
1.650231260548822476e+01
3.328396314012313617e+00
1.253958772174165404e+00
3.075087631069881589e+00
8.628648463495879994e+00
4.552846827101169502e+00
4.447483118585565443e+00
1.626175259475965973e+01
3.100733994509772717e+00
1.148336204293934681e+00
1.765632395284034484e+00
3.802385038894739111e+00
8.085032496330703111e+01
9.365188741186287746e-01
1.080999767815418799e+01
4.291061189434773659e+00
1.491152550509476482e+00
9.313810179430078051e+00
4.093732067828248944e+00
8.600395808457088620e+00
2.797027127427626159e+00
7.189060092347584252e+00
1.472253887903716674e+01
9.841239001366016481e+00
6.794368716485273962e-01
3.983650158396655705e+00
1.290917103680494504e+00
3.839678509352249591e+01
1.041998910052073057e+01
7.173080231443708099e-01
1.177611554696329499e+01
2.006526594096623040e+00
2.395320853031348562e+00
1.189325775024018483e+01
1.551295015195818250e+00
1.435238239059384968e+00
1.204971556363547158e+01
4.158960487959316943e+00
2.162182070048390514e+01
2.547793118925612532e+01
2.854739268136130903e+01
1.504792435019945529e+00
5.763691206288361180e+00
1.688524679516652327e+01
1.689105506830615111e+00
2.232380618471437206e+00
1.142461813945580218e+00
3.138971223847113912e+00
8.915440094639423663e+00
3.696364700533237624e+00
6.408173860306075609e-01
4.147536471099228628e+00
8.797585906401355516e+00
2.181831916561820073e+00
1.077966402505750043e+00
2.828217332132233697e+00
8.355025874530406682e+00
9.020643928229166164e+00
4.193937372479985548e+00
7.938888454104282566e+00
4.348299367616210276e+00
6.400027551436777706e+00
2.360021626686535645e-01
2.774689013718046215e+00
6.686354713094163849e+00
1.133856366598086218e+01
4.519281158991458369e+01
3.866512702137082425e+00
3.647872816819180297e+00
3.513089111035129974e+01
2.042772475990494030e+01
1.451088586550482340e+00
2.189781000041835402e+00
3.414330362577608469e+00
2.651191543429780140e+01
2.376532120595051811e+00
5.001551854788830909e+00
9.671118331668218104e+00
2.698700503831117814e+00
4.068223910030148716e+00
3.566301710260221913e+00
1.782763441158864648e+00
3.242639318303631057e+00
2.562085473071211261e+00
4.525045025995297898e+00
2.515474351544082054e+00
1.963207781063122681e+01
6.629223071805973255e+00
3.013653732697348531e+01
8.191924080411448372e+00
1.578838463052278485e+00
5.969632037200821806e+00
3.619967476376017679e+00
3.212600106900398433e+00
2.806866038343075331e+01
2.216926615716785953e+00
6.820842651448359995e+00
3.388015435826100319e+00
4.932861816336237659e+00
2.844813348910938622e+00
5.831287133480368645e+00
9.028913467138044879e+00
2.555820840944237204e+01
2.561773629237681593e+00
1.348569119540095729e+00
1.083936657318807129e+01
5.342191144576111661e+00
2.595699506877419349e+00
2.274866541931279240e+00
9.632320032698609147e-01
3.586258938869124613e+00
2.050755291946804704e+01
3.567374297102737124e+00
8.128150344459222909e-01
3.095492605280379284e+00
8.756723769566987059e+00
1.133516301596297460e+00
5.260722348210183696e+00
1.070598323912765082e+01
3.766720547377691730e+01
2.325173299765000756e+00
3.347159642934035872e+01
4.309145657325054835e+00
6.183220902151539633e+00
1.028403332705986628e+01
2.828689071570016811e+00
1.486479563642939539e+01
3.715466354309496566e+00
2.598441569144236141e+01
1.703465847194212568e+00
2.090750233045527651e+00
3.302292060150423314e+00
1.321927658692400342e+01
2.516553806234216317e+00
1.843662897844480497e+01
2.251387742799042968e+01
6.688682660962444793e+00
1.121184362665919254e+00
6.505608240090610117e-01
2.819543240417811347e+00
5.104096164001476588e+00
8.698060797750272855e+00
2.325208946373844121e+00
3.921260753906632424e+00
2.189947388330165623e+01
8.154630278097849683e+00
4.054213366433406129e+00
2.798549324706775465e+01
2.110267546464114741e+00
1.311987362371697552e+00
6.240882694997529789e+00
1.077004606325842273e+00
1.006572408011602748e+00
1.139306217926423770e+01
3.602705068485454021e+00
2.372268190839997626e+00
2.661371977024888036e+00
2.407916190820805991e+00
3.809022561160464448e+00
1.272139585788012228e+00
2.020122174412205762e+00
8.821532929009840984e-01
3.174881998931835980e+00
7.655543307307314471e+00
5.181021606387451683e+00
2.722564493541622443e+00
2.624491457624928969e+01
9.905434561650499958e+00
3.513378108091150143e+00
2.357533079446328284e+00
2.867528328775835522e+00
2.729543274406178455e+01
2.783668035279992292e+00
6.946460554522384534e+00
3.347286832411480173e+00
6.582560032259542560e+00
5.618353201285062326e-01
8.762466487762086143e-01
1.918354731747938802e+00
1.594519491704996295e+00
1.088365132067799834e+00
3.652032050550880538e+00
6.811959406925441884e-01
3.063258200407800835e+00
4.637588992457847503e+00
6.206602480236898423e+00
3.233322200233926136e+00
8.903456433146446081e-01
1.819890466349387781e+00
3.062960456398403863e+00
1.785974869204886906e+00
1.359046359075594790e+00
3.267679220321597189e+00
1.102935826649061424e+00
3.950784870780913849e+01
3.305060909187280238e+00
3.425888274874543393e-01
5.085610883893204592e-01
1.408800829750756378e+00
4.535141806271004938e+00
4.517989835498093854e+00
1.578828691501857007e+00
3.799360472941856859e+00
3.130195959131186978e+00
2.722921506563814376e+00
4.310272274300153583e+00
5.096885310010678793e+00
3.168433804590738423e-01
1.958200734351837946e+00
4.026215760205356098e+00
3.986076798971908364e+00
6.322229519058816249e-01
4.452798546046703443e+00
6.324308475804089724e+00
3.126631697149145239e+00
1.215455630058958514e+00
3.629135778706255699e+00
2.176949297814497530e+00
5.434390497643778239e+00
3.123361026364974702e+00
8.821070298731928938e-01
1.208579154478567830e+01
1.481499959280966339e+00
5.636568493880290909e+00
3.723738606756518132e-01
1.859052744504622767e+00
3.416842969998363788e+00
2.315775216360402400e+00
1.930460900029646609e+01
3.405368038736716230e+00
9.784049780377134242e-01
2.752969509016558902e+00
2.674914588420838957e+00
7.386782288456835710e-01
1.196175668290114347e+00
1.384335826719449081e+01
3.481290954873186294e+00
7.412390811472668872e-01
3.902245550608318680e+00
3.090361797942732913e+00
2.320478928834949883e+00
1.002297536742326400e+01
1.071644903075603450e+00
1.334780136440669729e+00
2.292106374786457845e+00
3.410372662892696027e+00
2.969881360765347811e+00
1.294826882047698469e+00
2.633927565761391421e+00
2.296310511687006173e+00
4.659151657185047313e+00
1.092380365946146092e+01
7.012287052137292420e+00
4.901783897215802099e+00
3.123388975572703785e+00
9.209912946732685957e-02
7.384617830774996783e+00
5.164643135713618882e+00
7.599423604529748077e-01
2.180166881165144233e+00
8.109852758151618879e-01
4.309293768659114399e+00
4.612680676210295871e+00
6.245677684795127860e+00
6.315055529554062241e-01
5.447258924411147341e+00
1.295894611996703638e+00
6.335615469281172807e-01
7.460588520956002334e+00
8.434279619122763805e+00
3.013703598919202253e+00
9.113025476836950078e-01
2.115608771960669987e+00
2.880276076504610039e+00
5.128291582405789306e+00
5.422405892663757498e+00
2.053504888975880682e+00
7.318200115372660575e-01
3.385630694523092288e+00
3.655412568727578027e+00
2.587576818787609589e+00
1.525785830733532222e+01
8.718763589029004279e+00
5.958828243439744377e+00
6.111475761362792802e+00
7.729762943961844712e+00
1.785462635674232024e+00
7.562092565171109726e+00
3.848106222218785177e+00
1.357432403119912045e+01
4.834345169056559754e+00
2.393227606750492509e+00
4.794999249982042500e+01
1.146963698188216307e+00
1.636094770072232407e+01
4.667808222937781970e+00
3.794944715522834411e+00
2.156313454684976705e+00
2.263588998760027060e+00
2.228039937245114732e+00
6.314090932592447691e-01
1.563155435933530946e+01
1.846068407595162775e+00
7.180935160649330129e+00
5.999816227363164778e+00
1.663102919902184595e+01
8.160514399287675857e+00
4.086694081881916851e+00
1.824746868917338816e+01
3.358050662046006440e+00
9.214602692299926900e+00
1.583269100960869036e+00
6.266832077560272829e+00
1.270479280855064808e+01
1.496938320455502458e+00
8.633556160336567586e+00
1.821792609900461324e+00
4.025829161805718037e+00
4.612168661107858014e+01
1.957166339179504000e+00
2.935225027366269668e+00
4.134018950868857623e+00
2.842780852754298238e+01
4.688171147802196792e+00
4.283982289817253708e+00
5.306517487488754625e+00
1.036315184736474215e+01
4.655559141307617388e+00
8.372276569388938938e+00
9.879810145526716214e-01
1.905966424329762177e+01
1.260053351416773548e+00
9.003808783161183271e+00
2.497536877040269587e+01
6.161879403878842254e+00
6.606780037636203140e+00
9.930678084306118203e-01
2.850525917613010662e+00
1.028106603310898759e+00
1.318391274038379191e+00
7.012185814247091642e+00
1.108301671789324772e+01
3.628395330285388631e+00
1.242689266777898460e+01
2.587637979584649806e+00
2.055621743250569455e+00
7.981177123520613925e+00
7.811093370294230454e+01
9.592714118658376421e+00
4.242138245033384436e+00
1.769288823481502959e+01
2.012319096027862741e+01
7.911314062459914531e+00
1.647464806482977773e+00
4.487457263123289408e+00
6.135168778864496630e+00
2.229666674035740925e+00
9.441174942518287594e+00
8.002744410982256085e+00
9.971024491387596722e-01
2.988634681512503111e+00
2.493077905270679739e+00
1.968273758140428376e+00
3.328185514895285024e+00
1.895144268573689228e+00
1.213871931318259989e+00
2.341255865625507937e+01
1.873459519387015826e+00
6.724631567109942587e+00
4.468423367184620076e+00
1.882380370638386147e+00
6.801031057587819895e+00
4.856395524203453107e+00
3.045050185618937633e+01
1.735604039912079122e+00
2.285660549843414557e+01
1.066648731176194742e+00
1.546529254089509475e+00
3.228365474404688573e+00
3.997624950165665769e+00
1.211157306950570600e+01
1.986226551045822575e+00
8.002531350878216543e+00
4.646256584623664310e+00
8.490001577234659313e-01
2.603134219267400074e+00
8.909381054875598949e+00
4.584092786834853683e+01
1.698007117304575786e+01
1.911518571877433104e+01
9.612779210049350098e+00
1.167602123079873433e+00
7.770439502181699432e+00
2.037877741214136673e+00
9.185945029293259623e+00
4.005004693115949976e+00
2.171122146137027364e+00
4.878696888721513858e+01
9.596700138566585103e-01
3.423674785585526070e+00
7.261595018318566908e+00
2.573344500081983011e+00
2.831496593402108353e+00
9.022762439915481991e+00
4.080782163100996840e+00
1.060651524545478708e+01
2.613359096418035321e+00
5.371550450951494859e+00
3.862248222074849480e+01
4.191773765717095590e-01
5.978531935771144390e+00
3.331280395736826438e+00
5.301676012343683908e+00
2.844277772418732919e+00
6.867784698960686107e+00
1.272115685169079358e+00
6.689682940884603690e-01
2.811485953437027341e+00
4.286591545140377768e+00
1.440562006350367774e+01
5.383398805825151179e+00
3.924734523706532752e+00
4.015954478142978346e+00
5.984444670813731548e+00
2.164961048008410049e+00
3.156501824060360839e+00
5.828086264973801889e+00
6.391864024321006532e+00
4.253686271512080452e+00
1.598328367281443452e+00
3.160841108526695198e+00
8.623078396705331272e+00
5.003732740114800848e+00
2.201308993549548454e+00
9.559458627462417368e+00
7.647385530495519390e+00
5.714061071061287578e+00
2.594992700859012569e+00
5.468769836924422201e+00
1.908662895620935052e+00
9.905950665030847091e+00
1.435927447659068656e+00
2.106694111640256217e+00
2.663125409281204981e+01
2.628193999813378312e+00
2.566567481038450893e+00
3.314409498379161878e+00
2.319284897292396064e+00
1.076845502689749168e+01
7.014888506060578344e+00
1.214685296370177703e+01
6.359246534640822235e-01
1.726281885774374203e+01
2.997535187924013300e+00
4.629233930027852217e+00
1.676970241931485139e+00
5.884098696288391217e+00
1.662262058569499157e+00
1.658710703866470570e+00
1.054205351911619992e+01
9.071819663408627221e+00
8.135940585251207224e+00
7.423231016339141064e+00
9.055250638275676778e+00
5.030893059751544882e+00
3.394587888553069810e+00
1.090134172304468052e+01
2.949405204449201179e+01
1.846976565711126383e+01
2.414753821780554865e+00
1.859502319860569353e+00
1.467090747857818567e+00
3.098957451902284443e+00
2.656854292347658575e+00
8.651892712427425636e+00
1.811783147453275289e+00
3.993550602675684402e+00
1.838071281271882285e+01
1.479327027670695038e+01
1.280534101216017628e+00
7.403710168424663118e-01
5.161639375832141496e+00
7.482554706871853867e+00
3.446644581344109071e+01
8.157702117388202723e+00
3.188323267890493362e+00
2.341774236363455586e+01
3.201727193564507079e+00
5.612190398870233565e+01
5.926470334861186906e-01
1.545184735354679262e+01
3.149709015274599899e+00
6.348963150869519900e-01
6.872422182195471407e+00
1.071950104197172848e+00
6.641673490882634212e+01
4.352106836801581835e+00
3.339003775407418662e+00
9.984678545446861619e+00
9.453752058425251903e+00
3.453714893428214339e+01
2.065539167092715012e+00
1.241498351039571624e+00
8.558308674582972841e-01
1.271672888456074446e+01
3.243572216939332620e+00
1.589435957180977965e+00
1.625447112924492510e+00
2.437486950160394072e-01
7.449612258466735248e+00
1.779185340540877291e+00
1.639786723539001567e+00
3.141552265294165203e+00
2.043664794955603714e+00
6.907136508621753102e+00
1.804109417833870799e+00
3.158678559117487072e+00
5.282544653806200863e+00
2.413972070569561978e+00
3.701516895131733431e+00
2.593618731829196999e+00
1.527495419284808031e+00
1.072921873769729828e+01
5.899374058049479785e+00
9.265500722683416512e+00
2.042166454357695393e+00
7.776337314474677243e+00
1.302471701251334579e+01
2.242196155745383113e+00
1.741165628939216603e+01
5.151923706878289266e+00
8.759556722676331564e-01
2.621327987186035990e+00
4.200725594392254791e+00
1.017354142526482930e+00
2.491103754615710653e+00
1.429185156602024609e+00
1.020472924665905445e+01
7.173466031399239107e+00
7.278211087591350825e+00
1.876536009657069570e+01
2.033772230921585322e+00
2.822336898844615583e+00
4.734728526946386573e+00
1.331265308427258098e+01
2.505859705342085242e+00
1.214241003135363606e+01
2.487926274330451548e+00
3.397737555679261501e+00
8.931760719583511587e+00
9.116342740804370681e-01
5.351519268540799734e-01
1.744232113463650702e+00
1.282744504218669945e+01
3.189954189600901913e+01
7.907952759001728893e+00
8.666712076458957803e-01
7.856910479939488212e+00
2.992004863686820837e+00
5.677283015959148749e+00
3.730863589723027562e+00
2.656251648944256250e+00
1.754412472724214744e+00
1.735737725807654508e+00
2.485895891116030487e+00
3.129005173268988305e+00
8.095383360212167645e+00
9.285348200599342405e+00
7.262801969054116791e-01
1.393401555884441478e+00
1.243739074636244446e+01
1.320832101146912629e+00
1.825548514737848738e+00
2.634786103242866329e+00
9.614387406043295670e+00
1.409770763993648979e+00
4.558051242204740561e+01
1.223592617245371716e+00
1.382438962939782856e+00
6.850050648481534665e+00
6.714584962866864126e-01
5.186599215500878657e+00
1.507851083632699041e+00
4.041992307223880587e+00
7.328920533797715464e+00
1.342258725141642017e+00
1.288245101388155955e+00
1.989448320506287393e+00
3.463639858120187043e+00
7.047637058519414799e-01
1.116997379912274191e+01
1.345143324535290041e+01
4.966778766109030840e+01
2.233751656657625873e+00
5.452199057502061130e+00
1.353488400888161891e+01
2.781781576856940497e+00
1.812738770455090886e+01
2.075543198698907688e+00
7.403299312289965961e+00
3.799617320446556867e+00
4.205006544911742594e+01
2.020591346121590082e+00
1.757913903407988032e+00
2.194193318234751278e+00
9.869489351226365059e+00
5.676015607566798238e+00
2.051626785536641684e+00
7.317172121239923221e+00
6.284375775516194196e+00
2.093325625796827349e+00
8.907288696244915371e+00
1.893669841434744816e+00
6.454675830604404752e+00
5.683923546264428417e+00
3.229901284407725370e+01
3.201134647417791079e+00
2.780841054018965419e+00
1.430080125923434764e+01
9.094162025670296856e+00
1.744985580911887491e+00
5.170899321784567348e+00
4.572609625972834380e+00
1.331984778658685897e+01
2.065859915351411402e+01
1.899603827491065156e+00
3.027370355129453294e+00
2.372771973799089551e+00
2.666372038592812466e+00
7.586963133755737498e-01
2.776665451925492523e+00
1.416819775382325064e+00
8.032977121885021887e+00
1.824974679219101148e+01
9.143519271424350947e+00
5.212935829320652203e+01
3.529513498402348404e+00
2.915396258797643192e+00
7.005073364118852730e+00
2.039247590933321863e+00
2.487354971176659379e+00
1.468440899502458707e+00
1.148885572509830055e+01
3.007107939909128724e+00
5.564879145683526041e+00
3.521192710777371726e+00
4.716256149361219840e+00
3.072366760292652987e+00
3.802344918166200571e+00
1.934058504852303528e+01
9.550018920254985666e-01
1.205417735051165273e+01
1.796174714241709491e+00
5.716448323761516903e+00
1.428139332521548788e+00
1.024026904722010967e+00
4.481499733054761236e+00
1.280253546429729106e+01
3.396880535229523934e-01
8.980189114110261883e-01
7.953420490309626167e-01
8.856113589033839162e+00
4.413084014805755295e+00
3.305646257633966467e+00
3.018571235113026319e+01
5.406653346401517624e+00
3.367644445153378019e+00
1.982069554699032121e+00
9.618378136665180378e+00
1.965031971995245597e+00
3.514049044397118404e+00
1.564574585293488473e+00
2.002769064982546254e+00
1.189986223928111819e+00
7.051149808318698753e+00
3.709608361182555880e-01
1.285052466480206768e+00
2.637435458136292432e+00
1.960985771245427056e+00
9.968866431677790851e-01
3.506424197819078437e+00
1.015958085707541647e+00
6.640170799542277180e+00
5.057327409850784328e+00
1.710883382620917326e+00
5.839491519589701696e+00
7.087060516928754161e+00
1.976973298031678183e+01
1.124615841005368111e+01
3.852003465775608593e+00
7.042442447882998335e-01
5.103388673922336416e+00
4.058439874643226197e+00
1.007210094797471811e+01
2.168654960895671380e+01
7.022220726094282606e-01
1.074077287239772893e+01
3.348589881170418003e+00
3.204477291043725806e+00
3.143266965914178535e+00
5.390778995507464089e+00
4.086046906811372503e-01
1.170401466300421944e+01
4.273462687144556682e+00
4.137014335682158261e+00
2.801582557738421020e+00
3.344218775557988632e+00
1.696991463524685884e+00
3.884953519535079836e-01
2.718216095246722031e+00
2.151238283075630253e+00
1.163883300878733928e+00
2.306585324476347232e+00
4.596904570055184713e+00
8.931859390726359038e+00
3.156668342413839756e+00
1.921759374386560637e+01
6.010779229341148167e+00
2.566766039571224844e+00
2.249362308118243092e+01
4.264637028060846546e+00
1.179051484500343427e+01
1.534844173005972312e+00
6.780873105470336171e+00
1.712006704975509885e+00
1.118481809573953933e+00
4.307396003293836095e+00
2.784796700872817610e+00
1.596376673937746293e+00
1.360381463149439618e+01
1.739450950026500964e+00
3.748484205803226832e+00
1.800000000000000000e+02
1.120089708135008966e+00
4.429947809698496997e+00
1.798747290970925405e+01
8.654319693286349491e+01
8.535504315039787571e+00
6.971845632847799124e+00
1.883358912098568760e+00
2.410566385913433862e+00
2.163914943404823710e+00
1.325481859787971839e+00
2.550669192112604566e+00
1.284711423320468393e+00
1.088411511081794103e+01
1.637469134672258297e+00
5.476780086119913626e+00
2.770827139149840690e+00
2.328927160771339544e+01
6.310684621760511703e+00
2.371023110643442955e+00
1.515332732037043328e+00
5.486482824972610750e+00
3.867543698358768545e-01
6.667273814108656893e+01
1.467432596989122873e+00
2.394402685868126657e+00
2.540072763194390237e+00
2.485201348921535214e+00
8.165595090439616399e+00
4.306454950248269853e+00
2.500217698953206558e+00
3.499086241283213106e+00
5.706840868976455816e+00
5.653482157382219597e+00
5.064943108551029916e+00
1.474786100632860908e+01
1.794192233867296205e+00
1.381328301744294107e+00
9.646074458554907416e-01
2.676393675522264815e+01
7.401882344855414075e+00
1.459176649115873303e+00
4.953400463052436464e+01
8.087892553912823246e+00
3.798394200426880474e+00
1.921385898844974127e+00
2.553148561639175362e+00
1.586172203052842899e+00
1.473268817708792700e+00
4.442965806578575538e+00
2.993557185043993485e+00
1.864284878382225585e+01
1.927595826645481347e+00
1.024130452046296647e+01
3.088381814311176310e+00
2.543881460893958391e+01
4.230958758594409730e+00
9.353244840567576546e+00
1.560673398712622451e+01
4.713553074111320740e+00
2.861009055114326571e+00
3.326804806424410454e+00
7.427413726936528127e-01
2.630288525954973089e+00
1.315023690918501131e+00
3.325186522860537952e+00
1.194213452021084532e+00
4.841961743942140295e+00
5.716603806789467335e+00
1.114955739553653347e+00
2.224719429371367241e+00
5.193554235989643608e+00
2.799876158954887284e+00
3.777538788282023496e+00
2.041712246750447601e+00
2.004971614008276504e+00
1.773240201907182367e+01
6.198208601847247756e+00
1.544928948529320500e+00
4.154710346348323924e+00
3.218337335275610833e+00
3.471841610907822506e+00
3.544468434950704072e+00
1.943801212995339256e+00
5.964072317918240884e+00
7.415666596997310123e+00
5.043391609075547066e+00
6.010797586838382500e+00
5.808716712138941141e+00
4.727821429777247175e+00
9.615851203277864911e+00
6.276296546828828760e+00
2.348615738226736838e+01
2.266940011318012704e+00
3.336333792718688684e+00
2.021058061025063068e+01
3.940549281784606173e+00
6.051712175085618206e+00
3.452193222087189817e+00
1.652591556468160805e+00
4.493820149876624370e+00
3.996412307276608900e+00
5.646775213797673665e+00
5.297993389781225915e+00
7.146798596008417936e-01
1.532037870383446254e+01
1.094903454123266284e+00
4.402266097481708940e+00
1.746036792548291583e+00
2.062107743546882421e+00
6.415206075167540156e+00
9.864557227850950794e-01
4.806600950523607807e+00
2.652479782446391265e+00
4.687670651684833878e+00
2.819209551951590953e+00
3.604314156466273289e+00
2.002117441948750187e+00
3.370656488160180153e+00
4.250767304304090111e+00
2.116411072775731039e+00
1.501206135016286414e+00
3.113806636242657522e+00
8.132611875398552570e+00
1.293312719283378520e+01
2.478245526018465927e+00
1.697363535411205548e+00
2.732281682635951281e+00
2.881633853322673300e+00
3.415237927766682891e+00
3.700383061801462148e+00
3.460132043638687538e+00
1.281950040867426477e+00
3.136878457026784695e+00
5.236274968943229524e+00
1.957224772859166961e+00
1.058498237678378828e+01
4.886210075573981015e+00
2.017577648963383652e+01
3.300843898479532523e+00
5.071366089751694339e+00
4.990560340159082386e+01
6.573892795059687044e-01
2.411760544717649335e+00
3.542296969622555913e+00
1.923203957818069743e+00
1.335987613460391188e+00
1.156539493597542112e+01
8.955006994611302007e-01
4.210686704468515451e+00
2.172379668895176863e+00
1.783989887245025274e+00
1.373199821680657351e+00
7.223565776295923335e+00
1.073347304732405050e+01
5.213458761748045234e+00
7.485914732476358635e-01
2.473943307345845888e+00
4.951183455346557238e+00
1.463181785173471194e+00
1.079396330138788329e+01
2.339999560258713807e+00
3.453384281695192737e+00
2.153700631570075785e+01
1.451237487181110275e+01
1.129587561174789867e+00
1.939510376791298674e+00
2.424709812623550675e+00
3.906050211943816297e+00
3.003426096070396412e+01
2.535909857332570017e+00
2.357222708255944710e+01
1.896975008470561974e+01
2.436520867858818384e+00
2.792969176250954089e+00
3.526566471361550104e+00
5.561279512732380859e+00
2.534901655617386673e+00
5.776360711320484675e+00
7.811315433076316816e-01
5.259574001362337548e+00
3.888989196578504615e+00
1.815831526993197542e+01
1.838575362151264869e+01
3.353435617692577808e-01
1.864879937239750651e+00
1.950016548867554933e+00
3.663302436280324148e+00
2.984276660778017121e+00
1.929754637042050902e+01
1.064158133925116800e+01
3.257130668710858323e+00
2.497898664743989805e+00
1.941072868439594146e+00
3.416790667210484411e+00
8.091216269628677793e+00
2.856122265441847219e+01
6.235012122215489505e+00
2.623806488723968489e+00
4.210506056773329675e+00
2.211640899694024220e+00
4.232969992017812544e+00
5.042521721406999724e+00
1.160924062158765047e+01
4.341046407582202171e+00
4.056646560061640372e+00
4.359067950427427895e+00
1.785477153012336560e+00
2.799647554766475199e+00
1.650590902187957232e+00
3.911153369719273076e+00
5.721937139343832968e+00
2.718446941413369622e+00
1.374300823322984400e+01
7.035219133137505132e+00
1.585596508790827697e+00
4.572963056328191556e+00
2.112529654230594023e+00
2.735304740544617985e+01
6.663912418975263208e+00
1.176955789158765864e+00
1.096058132320655742e+00
3.455125432136893693e+01
3.236226394876794643e+01
1.087129679379778224e+01
1.922005701505492770e+00
4.338943826277545379e-01
1.752515544847349727e+00
1.375560445441409430e+00
2.617883903444989357e+01
4.106950294451337413e+00
4.557298236770154887e+00
2.840630729141973010e+00
1.604730263917136357e+00
1.016454140879075929e+00
2.238399502754073733e+00
4.696450831550805560e+00
8.532718621312938012e+01
9.329602089179338975e+00
4.692816065549483717e+00
4.207568356708123680e+00
8.609094285436471594e-01
1.609379254808866788e+00
2.108497519756426186e+01
6.845966503313991147e+00
6.844874566149198314e-01
1.868230297767166315e+00
4.136981407826504586e+00
4.109706234188657881e+00
3.304947608589663410e+00
3.860454768598927666e-01
1.803882726927935209e+01
4.364630634997661573e+00
1.853345298471736413e+01
1.401755955447126745e+01
4.859746788575886711e+00
3.272631338156036129e+00
9.846054737555245850e+00
1.125359265347126048e+00
3.852823077636807625e+01
8.654364443914523974e-01
3.281751120026132895e+00
3.473589468188059470e+01
3.056677166142923951e+00
1.472942668407037914e+01
6.711630123498540712e+00
2.362521516193432980e+00
3.893407933671444443e+00
8.624774027778043362e+00
1.178456655687472754e+01
3.561431865302433941e+00
6.245118329548749792e+00
6.230538582634065570e+00
1.182317184157046874e+01
6.552310762913299413e+01
7.809349868696212837e+00
1.310018168584780440e+01
1.449470106207145825e+01
5.445630943109169841e+00
3.450207686598056256e+01
8.256341025311883186e+00
4.478283486612179232e+00
8.775034967362072003e-01
8.657484476987953315e+00
1.834349278867569488e+00
1.328683610673554005e+00
2.552405582572963016e+00
1.690329253260776099e+00
7.383622023322677030e+00
8.968137810248979491e+00
6.339835440539383526e+00
1.064449724742020464e+01
1.091234395869408758e+01
1.403477992647901296e+01
1.254179206708549010e+01
1.373848133206525723e+01
2.189005880119808012e+00
1.065332318515472387e+00
2.767679498722389386e+00
4.480449908181232566e+00
9.763570005771093463e+00
1.872791921607522170e+00
5.387854756292370872e+00
1.601542012115592328e+00
4.884264577460548651e+00
4.109007241874363103e+01
6.017051095962381524e+00
4.328852588920097944e+00
2.737234664118361493e+01
7.615565735653225587e+00
4.704866780569910922e+00
1.658111942254046456e+00
1.301187416909535166e+01
1.426477661647547812e+01
1.538377340331928744e+00
3.469023023740737788e+00
4.067956987019782922e+00
4.043968927899986632e+00
2.742079590140251266e+00
9.261760660716297222e-01
2.446484470007092682e+01
4.948634399767986025e+00
5.376203399838280994e+00
5.385046374939134850e+00
1.098540379333617700e+01
1.236794843763635221e+01
4.143989587817285880e+00
5.497032490951277772e+00
2.073366918449090601e+00
2.981279783412492179e+01
2.283045284623039706e+01
1.034920533150671451e+00
4.625622189428072240e+00
7.263055444870547994e+00
2.657426088297842437e+00
1.187365430831332880e+01
3.483259670562099064e+00
5.959850463439580359e+00
2.153640464087222206e+00
2.358284970264362013e+00
6.048266027448367055e+00
2.522031539186527738e+01
2.118880092113772307e+01
4.821034217031933800e+00
5.498156675909428515e+01
5.375339255528643001e+00
5.445425958456774573e+00
2.832985543427914266e+01
1.318343145983575937e+01
4.062657017789319092e+00
5.446008279842131650e+00
3.288731931441615686e+00
3.761255671608008555e+00
6.127890691505650800e+00
4.334914355035702549e+00
4.409596421931244237e+00
9.829776981498575594e+00
8.045813381863696634e+01
1.376726191035055002e+01
2.530433556564650743e+01
2.238638661788991513e+00
2.920664743387355600e+01
2.889925937465771089e+00
8.967253167918782353e+00
1.107099513613121866e+00
2.863676337668723537e+00
3.259420579346061775e+00
1.578924525314371108e+00
1.106354046988156448e+01
4.151355954906160939e+00
2.327700598632705464e+01
1.104034797406240820e+01
8.584799275000053242e+00
3.037699628927970075e+00
3.057444415724538622e+00
5.816932107276580055e+00
6.766851075077902955e+00
1.871871377763457911e+00
1.899639839303311462e+01
2.653268006337195217e+01
6.935948172081556606e+01
4.988156101665734532e+00
1.353889390245722169e+01
2.837147670529635235e+01
2.400443614446683327e+01
3.463013298360527514e+00
3.220422850746104615e+01
1.347969218126338475e+01
1.760819660059033609e+01
8.371464305335788225e+00
1.549120946023253120e+00
8.372732251837712525e+00
2.476246333586552595e+01
8.411997049463739273e+00
8.512187705485224853e+01
9.555987995222849918e+00
1.894135260887096095e+01
1.049046360425897895e+01
5.489623924553070466e+00
2.513210853614936457e+00
2.017418169281092410e+00
1.150857770767756305e+00
1.355814914319227427e+01
1.533692697481602174e+01
5.624994500098974726e+00
2.621977468506527131e+01
2.359644225828307018e+00
1.619752893765863622e+00
4.548517562194276387e+00
1.020679681877376588e+01
2.199038113120523263e+01
6.611571773276344821e+00
2.116623504705703152e+00
6.449362923802265612e+00
1.367481677166105136e+01
4.878399336146442167e+00
2.418357598351896698e+01
5.004616631677533789e+00
4.216251267564048000e+00
1.047858007783242940e+01
1.490099741625944718e+00
2.680096295680979956e+00
8.217101086176697322e+00
7.553309366896498567e+00
3.021688988043185642e+00
7.077342037059095148e+00
1.828592682527167446e+00
7.508329983538871710e-01
1.558573509385402955e+00
1.123577448915838417e+01
8.712907792315336408e+00
1.370271177354344694e+01
1.658612859856976840e+01
8.224554353302835352e+00
3.051502950604605857e+00
2.561331089638615222e+00
3.087174619995762015e+01
1.109631314958629567e+01
3.522811361334539271e+01
7.286430059635820911e+00
5.928598320877428662e+00
2.499101647396355208e+00
8.560654666461214646e+00
6.406418842681035564e+00
6.672349287693940312e+00
6.717265483253027014e+01
4.113009207069599604e+00
7.820345214924571131e+00
2.651247458083713315e+00
1.568660258920644957e+01
8.807849614020478057e+00
3.798745103873962581e+00
5.322602766795124118e+00
6.673799353505594389e+00
1.148097353202700566e+00
7.206081877294825233e+01
3.563697822162798179e+00
2.819298847907694139e+01
4.313850198779809908e+00
8.021333273645463890e+00
4.353801346125538707e+00
4.185987396343555211e+00
2.793697251115932190e+01
6.672393452464591590e+00
6.365347043617192213e+01
1.405272244673431814e+01
7.034459561366748659e+00
1.615983852860745174e+01
1.745891486120437719e+01
4.780081324763127526e+00
3.436026181008685842e+00
3.383993858001677513e+00
7.415274888006049991e+01
1.343733520535226944e+01
7.722789241753416967e+00
2.737063242939010710e+00
3.808435278550212466e+00
7.447796308751077454e+00
5.998827823498049661e+00
8.045091282240599551e-01
2.240552116928821391e+01
9.601020085847522978e+00
1.674416229627984265e+01
1.636076476766957555e+01
9.215827919643386767e-01
1.184473673474618849e+00
8.328257651866444178e+01
1.070334957219183636e+01
4.170566130840280827e+00
4.391021588611636162e+00
3.337831979397425641e+01
3.993087262462392761e+00
8.413924394447130695e+00
7.050718371743511348e+00
4.208669387197751632e+01
1.399899537636623670e+01
1.073184202666728915e+01
2.339464251458916788e+00
3.438945780277902653e+00
1.472673311208269631e+01
2.407380605412255292e+01
7.757940440900945589e+00
9.994333525968809084e+00
6.373655650146157647e+00
2.164251460600860355e+01
3.551858865038600044e+01
4.381021107383654467e+00
2.682377112534781727e+00
3.219263790631350730e+01
2.298254429076714089e+01
1.998657390132004252e+01
4.743424016787447961e+00
4.696166935916871843e+00
1.300796215297312042e+00
8.534859919179270449e+00
6.507027247202949560e+00
1.274432663812174127e+00
1.456213828237109631e+01
7.398140473148774987e+00
7.343632630269364192e+00
8.918970567781090608e+01
4.448028905796520327e+00
3.415217104062767017e+00
4.018881626882409819e+01
8.248605607742995005e+01
1.999668081405049946e+01
2.211384388979573856e+01
8.944692213011029125e+00
2.015450795096426617e+01
5.740255187374227575e+00
1.836664744482960288e+01
5.281665381411694504e+00
1.627935191709188434e+00
4.709745713569675019e+01
1.401862429497607110e+01
3.310140625706376571e+00
1.320777850356037231e+00
1.252580031067915156e+00
5.078460457725277166e+01
6.688812251649224550e+00
4.253150928290414967e+00
1.421571164248331298e+00
2.622910347222810579e+00
2.428944700781841881e+00
1.114417451514132074e+00
1.612893004433799682e+00
4.110986216145332328e+00
2.189845940530204871e+01
7.806287705858430570e+00
1.017178872485969876e+01
1.519066064043706810e+01
1.406675726275327065e+01
5.826785931470690016e+00
1.849081878400515855e+00
2.010952891087167682e+00
7.191298574447307912e-01
1.179032092925831110e+00
5.592707543809916082e+00
3.683622087320697958e+00
2.319604103891584757e+01
3.145629857452198408e+01
1.218717148596221200e+01
4.339175375256785649e+00
2.396970113641418543e+00
6.689565538216412754e+00
2.786535581646212845e-01
4.729590229430923110e+00
2.513336793588298423e+00
2.745588928138048335e+00
2.407003404615055686e+01
6.929838611208579024e+00
1.123794814748743498e+01
3.208763975317913797e+00
4.236213152113482039e+00
3.653799570621464454e+01
2.191583512854265781e+00
1.851907253776925089e+01
1.470298482538060014e+01
1.164946384370056487e+00
6.190422143669642452e+01
3.960599492625222151e+00
3.229378100292920717e+00
1.528217517898452948e+00
1.704245968692581936e+00
7.293538870524301387e+00
8.815305205649917752e+01
1.801336673985447945e+01
2.126855354487666716e+01
3.937851954819569844e+00
9.530287618774826441e+00
1.449734320003145527e+01
9.971539257328508876e-01
4.857415155867848888e+00
1.751743515925432648e+00
2.519594361345914191e+00
1.524444448555860809e+01
2.012861673672471596e+01
1.347819548563798930e+00
4.390251360439065387e+00
4.553272578501474044e+00
1.991727420779124680e+00
2.913194124180633171e+00
9.289946274387508751e+00
1.358464258605061259e+00
8.193960856033070117e-01
1.304471689150619396e+00
7.015905652929498082e+00
8.954338649679694839e+00
3.638145134507261069e+00
1.346487938306032994e+01
1.213227666625016177e+01
1.146563951304685469e+00
6.177320361756714284e+00
8.280619992837925381e+00
5.465909630726481616e+00
1.254636504310815148e+01
1.127433920999768802e+00
6.599124265512000598e+00
1.014609936050506889e+01
1.457565628832031734e+01
1.587152575722506009e+00
1.828602818731519974e+01
3.800897947098731855e+00
1.106480026897909497e+01
6.974066816878909947e-01
5.471559019796559120e+00
1.850173587437762501e+00
2.962935306060442642e+00
4.075037236812855568e+00
1.021674225097914501e+01
7.889235066451606215e+00
1.180990165260801739e+01
1.839465287686494577e+01
2.966461739186788016e+00
7.166594978787651726e+00
8.066106684960629991e-01
2.911487483934909193e+01
6.123833698868199171e+00
6.187924478272917028e+00
6.740220397088498849e+00
1.789216820341244407e+00
8.229742938803905616e+00
1.495793613351049167e+01
8.732659161198165876e+00
8.977016938759804887e+00
2.791239889902006333e+00
3.843825607838734504e-01
3.803624278435296713e+00
5.063528914422695593e+00
1.520817285971077126e+01
1.000555747569528542e+01
2.792209952231171854e+00
2.749819595919520854e+00
9.080538809196053718e-01
5.934585649973459276e+00
7.108184619195543519e+01
1.962679724916030155e+00
9.355133614768110561e+00
5.671366616242062619e+00
8.388201877566430653e+00
7.922694725372914526e+00
6.552393345496179577e+00
1.721242693768263976e+01
2.649945286675854206e+01
3.879717675524231524e+00
3.727285877558007776e+00
3.228390583450657658e+00
1.731155115010862389e+00
1.396031824446741254e+01
4.930515213066428259e+00
5.565522530150444069e+00
8.136544446638058758e+00
1.151858480051934697e+00
1.682060455055074399e+01
3.810705012566493632e+00
4.867408335755053272e+00
1.128175147713366577e+00
2.634810821496104349e+00
3.891429623689590223e+00
9.163426611745821404e+00
8.472408378564070475e+00
4.608563240478702916e+00
5.809144630394717623e+00
3.596742316571431175e+00
7.578653645257884541e-01
4.934325129415144673e+00
3.132195488542572459e+00
6.780235483684038833e+00
1.619276881159209536e+00
2.410910172341076407e+00
4.564032683770387067e+00
2.709402872386787120e+00
2.296597060650954703e+00
8.685745115746602352e+00
2.900829315709178235e+00
3.261009069572792907e+00
3.314518972412547004e+00
7.043695285250120897e+00
8.346964594916386204e+00
5.049797763518262705e+00
6.919661001916627363e+00
3.759787013464916505e+00
7.270906043116236894e+00
4.117049436409875085e+00
4.322298862367272676e+00
3.333363861778122939e+00
2.277598081692942955e+01
1.917698945985869097e+00
9.630447469574309194e-01
6.327744996720648629e+01
2.114269431820125167e+00
2.467563372887803030e+00
1.327355120672917943e+00
1.787558336657532010e+01
5.303463326979087178e+00
5.755651548090161107e+00
8.441503417304277335e+00
1.468825361974572363e+00
2.977774405158415405e-01
3.818830559268014735e+00
5.516437845438625942e+01
6.538790065767456916e+00
1.546043464422779845e+00
3.815315050004761677e+00
5.380088648278955610e+00
9.042321964707875637e+00
7.057341458171996429e+00
5.806716133306310645e+00
3.162790489393764659e+01
3.346344322329909637e+00
6.802674836422824889e+00
1.435816796124715466e+01
2.270131861998082368e+00
2.270481870046086925e+00
2.168555148793863463e+00
9.039967294044607415e-01
6.830197485439361671e+00
1.264118744054540500e+01
1.831544440141313235e+00
5.744099737619516866e+00
3.254832395644611687e+00
2.935916852289166101e+01
2.570835105609305504e+00
4.495237034523083430e+00
3.924950680244382539e+00
1.981546050804509518e+00
1.413733008756939391e+01
3.772400847199101070e-01
2.926418546729935954e+00
4.243999981347111650e+00
7.389875323314543110e+00
3.649894667574041129e+00
1.298664559302166177e+00
3.006469651420681899e+00
8.979132269973339930e+01
1.738101767429587108e+00
9.663775006355155739e+00
5.207319772227187116e+00
2.485301969846404546e+01
1.803133875362870953e+00
9.339717626205427115e-01
6.944809035707841360e+00
7.140011052804341674e+00
1.482059971165368140e+00
8.192780402470623002e+00
1.783096824268743497e+00
3.012519101439177227e-01
1.674140481598231700e+00
4.712045505958388780e+00
4.878977150670693597e+00
7.117402939557925023e+00
3.292265615679794255e+00
1.360312376544373203e+00
1.110437918478869435e+01
2.549928044188086940e+00
4.112088488423944810e+00
1.058467175662529236e+01
2.746119185018235154e+00
4.762315375608897838e+00
8.624359833441785028e+00
5.017222524670301276e+00
2.385778221688357092e+01
2.642140604524632508e+00
2.865799089323344706e+00
1.504384974478803905e+01
3.455306269154435395e+00
1.194977772808655470e+00
7.519296696500777699e+00
1.533668507089950284e+00
8.852876477381213860e+00
4.616507287658528469e+00
2.983053590075313011e+01
2.621916303689980410e+01
1.184017712535477429e+01
3.568781775788614219e+00
5.686306912311017925e+00
4.729334465347366567e+00
1.979582538399852876e+00
1.276784451212731497e+01
2.970299392684687589e+01
4.583955431672469771e+00
9.458586526924093185e-01
1.114668313478499595e+00
4.504362573946662174e+00
3.558346234984529843e+00
2.935552570571690012e+01
1.581296872983848800e+00
1.835538760057007224e+01
2.146840766129903599e+00
8.530905971898941065e-01
2.447426255552036967e+00
4.838501535771131401e+00
4.418223746036665567e+00
2.065714243360703861e+00
1.960144670891465823e+00
2.170343329926683662e+00
2.729398030175788392e+01
4.533798587907308608e+00
4.954547586711857576e+00
1.785766303032680247e+00
1.046920317246056165e+00
8.000165912205895680e+00
3.248060934911292108e+00
8.003331718677861417e+00
1.341016946852023439e+00
2.096546116467457033e+00
1.040482595624357964e+00
2.846849347894162108e+00
1.502163654053642539e+01
1.461945677117343356e+00
2.409362660629148500e+00
8.628176962815112816e+00
8.682982960098728498e-01
7.325303902719744187e+00
1.082536582696374650e+00
5.061575946532226311e+00
2.155725475243773559e+00
1.813581661359190988e+01
3.727821644460640904e+00
9.312850624428669732e+00
4.869014385685832558e+00
2.529423166216516350e+01
6.845611774463364441e+01
7.518354427703300757e+01
7.061202119430419089e+00
7.116486763976332064e+00
1.109071681904788997e+00
2.898909093121718961e+00
6.419983763297058488e+01
2.505090265087450252e+00
3.297429790126340077e+00
4.997835091955749931e+00
1.948809541652933630e+00
9.332639971233918175e+01
3.966339160827559596e+01
1.697993875443538059e+01
1.951650596856530084e+00
2.117814277048411853e+00
2.667231259322531134e+00
4.343193172991016482e+00
8.497723070165627002e-01
7.919593201796545356e-01
4.414345519291557451e+01
3.906129950197917644e+00
8.737943730471143056e+01
1.614179700276436336e+01
1.234168409686330570e+00
9.827166242645605232e-01
1.123621100770235470e+00
8.971761351506715698e+01
9.933671717840951487e+01
2.237314732712868093e+01
6.542798924365890834e+00
2.361664371062054713e+01
3.727855190365148452e+00
2.346598168296807785e+00
4.018256717507007636e+01
2.654513604196697241e+00
2.382808588675457528e+00
3.200172173300905420e+00
1.521815702702274065e+00
1.904554722770050779e+00
4.787771711701137356e+00
3.436354018632155505e+00
3.512301119812747618e+00
4.206043960187985320e+00
8.051849544174491058e+00
1.385510130937505267e+02
9.198695160089911838e+01
6.523753081129778764e+01
1.580535841352485171e+01
1.285364227819529859e+00
3.526288689409101007e+00
3.047845868837757877e+01
8.344142929594186020e-01
5.547982894032703172e+00
6.703120842837451221e+01
1.463269108191192203e+01
9.066411854324231001e+01
1.089372735686525395e+01
1.580433643328163100e+02
2.109490820284911639e+00
4.647175331767996020e+00
1.296663809988932270e+00
5.642355974787943040e+00
9.950358002791819700e+00
6.322288420274893017e-01
5.038580505615423810e+00
6.974549138610842691e-01
9.249241300305863778e-01
2.931037036035263110e+00
4.566525964134494409e+00
9.320118483917202212e+00
2.987161351568689227e+00
2.983913229146554880e+00
1.593183712045381206e+01
1.939942370135846472e+00
3.611857347602217772e+01
7.801165843957813095e+00
6.403901063814658734e+00
1.755372916957993690e+00
5.870271160024928747e+01
1.867274155663659618e+00
1.928060836658987753e+00
9.052289092851493191e-01
4.055892190632467198e+00
2.459716738328491914e+01
6.652878975173586618e+00
2.697902899011759459e+01
5.517457295978574905e+01
1.220146358071836357e+00
5.978336590060007616e+00
7.848957910796095838e+00
2.459715273933606117e+00
8.967639441296004321e+00
6.794773450773063495e+00
1.019269653186414715e+00
1.069871570030224639e+01
5.033112909350435871e+00
6.056085489893709983e-01
7.454209253828861570e+00
8.959073647453847045e+00
5.684438997802904403e+00
1.472995060789447530e+00
5.629664339416470042e+00
6.295512728616412801e+01
4.796329605211297142e+00
1.785673319892572408e+02
6.684142068977325657e+00
7.453727921435566728e-01
5.895523742603480777e+00
1.108024597296933811e+00
1.943000432241675668e+01
2.131948504954944923e+00
7.347055765969304097e+00
1.128617927624048356e+01
7.317460958502030621e+01
7.573152298081188860e+01
1.559029857468695290e+01
3.901398486903850937e+00
1.389499278767585366e+01
3.104069975680983084e+00
1.798025420771624852e+02
3.504763763186672598e+00
1.563091643628911953e+00
4.505731546865180626e+00
1.542793659920545402e+00
6.802017253484772930e+00
1.964001016466368821e+00
2.058857129957424092e+00
7.116778018030341713e+00
8.180937613731662950e+00
2.455082173934484135e+00
8.559915059630485601e+00
3.314552119967759669e+00
2.139827508016205471e+00
7.946811781195139979e-01
5.439591133512740484e+00
2.157746113890861572e+00
3.841541470511764977e+00
5.220971204637598895e+00
6.316800213331117853e+00
1.209988311335498778e+00
2.124437175979336789e+00
7.101767614000820128e-01
4.741611512963650910e+01
4.855317116724578441e-01
1.097035384175785833e+00
4.097191146370237291e+00
5.280088082415142381e+00
1.986102083313649569e+00
7.022536051524075340e+00
5.622581793547420936e+00
1.320451653997964714e+00
1.788976548886109796e+00
1.205800347972616704e+00
1.844900118838671554e+00
1.917166197183905396e+01
5.039066226559693717e+00
1.789381914115384165e+00
2.031681537707282104e+01
2.191075229193433671e+00
1.409349941839558085e+00
1.199922422424344148e+01
6.621194297493694370e-01
1.600131175477277168e+02
4.853986337637178572e+00
2.244309857722549317e+00
6.492069499580435377e+01
1.254862365906840527e+00
8.070951551475481489e-01
4.739063979622772393e+01
2.467702830542553460e+00
3.766341629787539613e+00
7.715282829893003402e+00
5.180168494919178634e+00
5.909361722613726720e+00
6.724767872856546091e+00
1.270731972370700369e+01
1.182214793144556353e+00
8.159187737374944405e+00
7.315133510498635871e+01
1.545737984210622917e+00
4.028746164407571939e+00
2.086621732317198941e+00
1.052104801202217566e+01
5.808697733001774388e+00
8.365557966092548314e-01
2.059730574877122411e+00
6.938235831866414571e+00
3.380746642224651488e+00
7.812500618544078179e+01
4.279341818702531164e+00
1.210246347253391619e+01
9.354803757482271109e+00
1.626207577285034400e+00
9.471390441763791301e+00
3.226039797969762368e+00
7.555074640219309190e-01
1.421302181218970517e+01
4.814799834340238172e-01
2.830792176034229168e+00
1.888176666775703083e+01
1.498316490758067498e+00
4.542457113388372214e+00
3.267030514853434653e+00
1.828703262826106402e+00
3.702000622132088914e+00
7.740820265677710310e+00
4.558675722987232115e-01
3.739022437207037530e+00
1.620851882062410265e+00
3.395716453040602101e+00
2.330250370461765197e+00
2.204225835616041707e+01
3.111854393345939052e+00
6.135869221411678787e+00
1.121356070081700018e+01
1.383413884179555131e+00
5.824452488437270148e+00
6.885483939201903603e+00
8.566062128699118983e-01
1.206529082416629928e+00
1.463060511009089737e+00
4.644893816081355098e+00
4.586827240242204340e+00
1.649150008898746744e+00
3.014492758805426220e+00
3.266390156174039827e+00
2.407243412282975115e+00
1.974645510816831706e+00
1.006640606611441724e+00
2.917058578972786975e+00
2.320898239346774083e+00
3.335904335331794979e+00
5.301157218645247582e+00
5.110446982859524923e+00
1.602355847999003435e+00
4.378750052521921177e+00
3.635826300968694635e+00
4.131516491148550685e+00
2.657178747476575786e+00
7.100837267057117153e+00
2.956729822645333883e+01
1.337828227751978405e+00
3.441330626782087787e+00
3.236831069465237132e+00
2.012765360028038852e+00
1.057106346716190615e+01
1.322175676002590006e+00
1.017130344571073586e+01
1.072126604084439627e+01
5.794682811822958968e+00
1.687634061296068211e+01
2.157125978822631573e+00
1.955702870980113417e+00
1.733479302517490162e+00
3.078009981301750297e+00
2.043409845039995787e+00
6.443158169681656444e-01
1.021921379058812862e+00
1.831332368618073358e+00
3.527967965531915606e+00
1.247151065931629255e+01
5.470360068308548485e+00
1.125541624601573032e+00
2.258657310773536508e+01
3.875699671526402490e+00
3.360581108932051819e+01
2.439319477737208075e+01
5.080888990525635585e+00
8.575049584643958056e+00
7.921576238299491202e+00
5.598620906597087554e+00
4.925981260402687134e+00
8.083452484040012376e-01
7.060272807933095862e+00
1.666520958358437499e+00
1.640961688000018626e+00
3.167418918009226481e+00
2.267465198544398675e+01
2.981496929282001496e+00
2.137251222846884957e+00
2.092181750756223924e+00
4.608443107620540324e+00
5.044236179191922353e+00
1.436800762673188014e+00
1.411775216077461081e+01
7.531709501266398155e-01
3.264704523213933562e+00
3.510081312984662638e+00
1.268736284428950256e+01
1.775179224048294646e+00
1.220045750161504472e+01
2.390175617204856273e+00
1.577284139311946998e+00
1.111451331577474200e+01
6.082474794959465747e+00
9.201069180330318176e+00
1.866149906264739045e+01
7.758541173242549860e+01
1.922571346047934071e+01
3.719601473944442738e+00
1.607812927484271626e+01
1.928639514604731886e+01
8.029293087139285134e+00
1.101233924009600784e+01
2.665771248915333569e+00
3.100886319058930596e+01
4.156381729442683692e+00
2.378275462439152221e+00
6.673387827622924817e+00
7.867977773036846756e+00
5.080572101923710449e+00
1.230549617698065212e+01
2.384603802736961242e+01
3.748083620002423899e+00
2.203731029036048383e+01
4.456041500634659513e+01
1.662647415460364186e+01
1.562199628624931558e+00
2.887565686192854386e+01
3.327035726127271165e+00
8.550224088134607214e+00
4.573364874036186301e+00
2.604601478044157759e+00
1.052020605415405896e+01
2.785826845774487914e+00
2.730999131196861551e+00
3.828591164580426032e+00
5.899131932178510063e+00
6.119413831510464519e+01
1.800000000000000000e+02
2.704432831071320109e+01
7.251650980647998068e+00
1.525092431134489424e+01
6.909592796114198521e+00
4.255392044620517566e+00
2.733386942912763296e+00
2.837071817244790406e+00
4.396723962987621803e+00
2.038940964932271172e+01
1.649878265008730915e+00
2.267856674671680040e+01
2.036098248678207057e+01
1.405794052979218556e+00
2.376843834612242468e+00
1.522253324752633219e+01
8.174859002458929069e+01
7.883392024832632572e+00
8.574973954534918619e+00
4.887004980617488670e+00
3.321965258335330073e+00
1.589087040175090282e+00
2.494796642024256883e+01
6.085434476945006388e+00
9.721291908345612853e+00
1.551614954303173555e+01
2.809732213993440642e+00
1.112047700410605744e+00
2.228718833190826842e+01
1.432921151213432154e+01
8.753100842221475375e+01
8.145403310976027100e+00
8.812029042581853489e+00
1.123282275483020731e+00
2.204671752386978323e+00
8.154848219788780384e+00
3.560934061790622440e+00
9.124168724468987302e-01
2.273551423074880162e+01
2.922992949869038348e+00
3.395919883348070378e+00
1.598887385787566506e+00
1.411634415017372568e+01
2.566966299802732276e+00
2.208588876470574291e+01
4.311759660002881134e+00
2.290218079503241810e+01
1.666769891746163523e+01
2.274835227825973583e+00
9.856597404703949294e+00
9.829334606950842712e+00
6.149417359165619601e+00
3.472532279586245352e+01
7.481247281625712731e+00
7.086768138358090496e+00
2.361549639679635959e+01
1.611073200169456499e+01
2.957647417366447762e+00
9.051553456726681546e+00
7.009648464963966319e+00
7.827919627620312681e+00
3.084111303473240806e+00
3.640209879784012781e+00
2.097571890431657593e+00
1.077271124044364825e+01
1.378627273931172681e+01
1.010527621882481686e+00
4.830589450081848035e+00
5.941019018067688062e-01
1.117702197285104893e+00
1.275339372517087888e+01
6.651438063682422186e-01
9.422125615378359242e+00
1.474495915670668511e+00
4.231676332537081642e+00
5.131518503629546313e-01
1.092176967806848920e+00
4.047009965167039369e-01
4.837358740901648302e-01
9.025962588031548606e-01
1.858451240730865095e+00
4.879877873255992204e-01
2.275252617415833623e+00
4.062940541206115919e-01
8.569727154512487566e-01
2.374048836738952506e+00
5.190996783296629502e+01
9.536392318802628942e-01
5.185456538541598492e-01
3.167248821554550897e+00
2.472483578497758128e+00
5.793425937441356588e-01
2.694379437261780752e-01
3.432361268948629363e-01
3.731642969795810227e+00
1.058110460702049282e+00
5.096255934467659454e-01
7.570013494990328606e-01
3.995052643006030135e-01
1.646585302785181071e+01
1.685076823644421751e+01
1.648666291050450594e+00
2.297094253697829824e+00
5.955130942090087753e-01
1.454103231447465783e+00
9.239688858130999938e-01
6.818534254962218544e-01
3.342806157456709726e-01
3.138853006397619994e-01
7.276013153675505407e+01
2.060370174896256046e+01
2.843968062458164070e+01
2.207083040815748021e+00
6.104850223127579412e+00
1.820686457727799468e+00
7.084693612615371450e-01
1.219372625054795733e+01
1.049798460035594516e+00
3.026837257169643913e-01
4.707009405571301208e+00
1.385315886649556916e+01
1.221230486133803694e+01
2.744234186047298518e-01
7.704021236315777843e-01
4.780685030799946666e+00
7.373592453750861253e-01
6.207392810365968128e-01
2.521533870523594700e+01
2.863400541982338510e+00
3.757124466011280806e+00
1.089996786835082077e+01
2.681480192709836397e-01
3.455342086874271956e+01
9.712216935941833107e-01
6.262252987102974178e-01
1.641290212410337190e+01
8.000387396548418184e-02
7.983862208162245677e-01
3.853394498249201217e+00
3.623227646239639999e+00
6.236859416771065590e-01
1.447627434829670934e+00
1.159102988984217042e+01
5.645349330308216729e+00
8.479935121224846384e+00
8.101462258384002357e-01
8.686721404386852363e-01
4.980213887363877379e-01
2.603886821845304289e-01
3.021505447554098112e-01
1.192521271267616534e+00
1.969539149481724927e+00
6.251214706854465675e+00
5.790274115967347512e+01
3.696079430934668397e-01
9.657699356472431163e+00
7.258315073307872467e+01
4.897465830454301283e+00
7.739335725203678740e-01
4.245712263787358332e+00
3.308550385517521342e+00
5.851264681040156956e-01
8.936104416311644982e+00
1.976715431356608654e+00
1.529932268052442534e+00
2.751060888775311408e+00
1.463253267559082360e+01
1.171783255963681292e+01
2.167887807156247959e+00
9.751444087939713512e+00
2.740920390774876925e+00
2.773981124561523348e+00
1.683651403246444467e+00
1.102305871666012349e+00
1.088146317188498191e+00
5.503238065518195832e+00
1.627653522664046060e+00
2.802619652029361319e+01
5.647676399784116619e+00
4.464977645475586066e+00
6.836618455762427660e-01
1.291657378331108141e+01
5.783559188340231749e+00
6.477056810623225136e-01
7.002015346164777831e+00
9.089370855908328606e-01
5.766211120273800006e+00
2.712724905419936494e-01
9.007621212736758309e+00
1.232907918854975549e+01
2.477375665624739653e+00
2.552041222281546951e+00
2.663402731180286143e+00
1.881560308600844778e+00
2.876201247242391457e+00
1.434783611885448451e+00
1.691245149070000231e+00
4.796749574649470382e+00
5.154631032699584559e+00
5.704635026342090853e-01
3.733781947561886749e+00
1.173406985188167662e+00
7.786725349687223741e+01
2.543283746027404035e+00
3.935973674612184503e+00
5.195762090751910867e-01
3.194981175988913957e+00
3.441516720794059569e+00
2.472849382923594685e+00
1.749158704200783898e+00
1.530397031450324441e+01
2.111542354804065713e+00
1.503047833911294084e+01
1.791178772366674821e+01
1.180287395508367254e+00
3.130839582133839727e+00
1.252355287100141989e+00
6.695645019045793234e+00
7.993330966421898776e-01
2.250331561827623617e+00
2.190955944059799876e+00
1.362259741259716073e+01
3.807406123571111412e+00
2.197848470247140362e+00
2.956447362812401725e+00
1.936892638510688158e+01
2.147600213276553038e+00
1.820535056473684188e+00
3.109344570050108558e+00
7.424130450404080594e-01
2.822924193247747571e+00
1.796098394965164768e+00
1.672829732544442338e+00
8.859337969089174925e-01
1.221387597459460927e+01
6.527535646814942361e+00
6.331651727405756880e+00
1.570714200103294100e+00
2.947732754273643785e+00
1.969657598888570726e+00
3.853627573608470858e+00
3.127171705698705395e+00
2.365480638950471448e+00
8.729372602406754167e-01
3.060174518804060106e+00
8.434655913431950980e-01
7.185067562225641025e-01
2.483732767599366453e-01
1.045569812837280743e+01
1.618937240682553069e+00
2.012527086631689333e+00
4.279705022781921997e+00
1.273764836860704630e+00
5.015860402713147259e+00
1.944439285803664763e+00
5.657602775947581542e+00
7.658628254594702867e+00
2.177665447873519344e+00
1.732423526755852983e+00
4.066894412697780403e+00
5.349596645480604096e+00
4.012810839325635648e+00
8.644247699147713959e+00
3.371585395359693393e+01
1.069150916927261497e+00
3.002348476519307585e-01
2.598192092972524403e+00
4.873847613192790362e+00
7.583285297026089111e+00
1.440178872549157330e+00
1.891342212859733252e+01
6.661092806163398938e-01
5.628876699603730493e+00
5.814691781181462460e+00
1.003297252278570539e+01
2.083080871056340211e+00
1.080594514542810192e+00
2.632181205554577463e+00
3.745132180495982954e+00
1.105103264150821651e+01
1.806457558131487318e+01
1.807784069775166813e+00
2.320234475824212605e+00
4.127642975784531765e-01
1.399162136019991998e+01
2.495497820594313687e+00
1.422146302322602862e+00
1.076147687869421166e+00
1.453277685476847436e+00
2.706200005369894690e+00
8.673287398407737214e+01
9.273959535862761783e+00
5.348793479632384384e-01
5.693997165120369885e+01
6.908833998844321478e+00
3.242317599964275043e+00
1.402099200549271840e+00
6.922674245225494127e-01
1.633226895299770121e+01
1.947489989160690937e+00
3.740004080766622607e+00
1.062248858802677098e+01
4.775821520543039433e+00
3.120127584990094682e+00
8.411187625325498018e+00
3.177871543035172941e+00
3.814230983515495055e+00
3.307440852146271038e+00
1.137160417951371016e+00
2.567580144039511403e+00
2.727563697836237644e+00
3.434153861430731869e+00
3.294175998833644314e+00
5.007656869582471693e+00
1.560071474411136627e+01
2.640769012580406638e+00
1.035657285291571528e+00
2.915192252464230638e+00
7.378784575680819557e+01
1.113474360803292917e+01
1.460574446530214843e+00
1.495482355877374303e+01
2.376712792142210517e+01
2.228355387856228553e+00
4.068444829459339829e+00
4.911770641255097658e+00
1.982427688168666213e+00
2.249972724750292752e+00
3.468505407462372681e+00
1.955945667458283665e+01
1.986224418082405130e+00
6.120138077488835648e+00
1.838621672687467168e+01
3.678381167677861718e+00
1.220386410832174029e+00
1.385652200782904586e+01
3.243575388127684977e+00
6.125227880567703842e+00
3.866629449742882141e+00
1.542585758086842729e+00
7.842541683947197306e-01
6.704136485276823976e+01
4.799893063304247676e+01
8.296526140899935342e+00
3.071616229201176829e+00
9.377551471991568022e+00
1.452215626944201965e+01
3.948490888029429602e+00
1.541943450631992674e+00
4.554841259464685876e+00
4.802875399036310000e+00
6.896835145064273975e-01
4.442234742781087320e+00
1.524306009217892832e+00
5.615190010603417825e+00
1.196023352398172968e+01
1.246344168810009645e+00
4.510364401634673115e+00
5.234329523059799705e-01
8.934854774409231482e+00
4.180374688889441970e+00
1.640005701554129613e+00
1.195995146462166980e+00
1.679819378408132025e+02
9.843166076126909303e+00
1.128213501901410609e+01
3.962123277049142356e+00
5.938420611676672678e+00
3.957242891599447865e-01
8.726703262074502732e+01
1.031007980413452207e+00
1.157773345760519268e+00
5.609334723442541026e+00
1.015311395383804793e+01
2.721305269938749660e+00
1.185808382043414655e+00
5.398142892475036980e+00
1.811702120134418781e+00
2.048699079350581798e+01
2.117638308786610413e+00
4.362232532004365559e+00
5.557180745317202852e-01
1.252419557943130712e+01
6.261069968963455246e-01
5.353558853012787555e-01
3.858386641398230843e+00
6.850787253657476583e+01
4.974178731391809549e+00
5.386931177897723799e+00
1.498955415667836455e+01
3.712874140604701267e+01
1.660468464227976426e+01
7.769865568177531934e-01
1.024838841598366024e+00
1.587241964511495018e+00
2.536150604841684864e+00
1.020935972991161123e+01
2.889579627462646272e+01
2.271742263502173120e+00
2.722769753461168563e+00
8.662832773324250502e-01
8.277409431052987543e+01
1.109380075033796409e+01
7.567324297288854140e+00
3.492073728830967561e+00
3.871286559944082661e+00
2.230415032780916906e+00
3.732229901769095903e+01
4.283603875803539296e+00
4.507672337005323726e+01
1.611343553295430553e+01
7.521150439425408063e-01
7.955498058671150829e+01
7.782056015017908557e-01
2.619090359622175956e+00
4.009789282010625122e+00
8.819655737542892382e+01
9.113641494301770507e+00
1.458674697329115411e+01
1.293857897425529035e+00
8.821061222765458343e-01
1.233055811410128433e+00
6.534699338111710221e-01
9.693166341836947364e-01
6.088415044203963333e+01
1.799747420166934120e+01
3.768354827496774639e+00
2.818045916256407324e+00
2.827891165882989721e+00
3.336948418544176320e+01
5.796481318969973273e+01
1.523820654178720924e+00
9.085239398092754826e+00
4.674497317586476797e+00
1.744260433431779944e+00
2.960944768005187466e+00
7.404275828658447267e+01
1.880173910968752971e+00
4.151683259190783559e+01
3.113042694163523638e+00
3.240150932367049652e+00
2.691035040148507473e+00
2.347536683699761539e+01
9.026702721210126956e-01
5.625713879961725006e+00
2.459333592785813760e+00
9.214214026572875582e+00
1.420602576812714624e+00
9.652294239990194535e-01
8.216525055440598635e+00
4.182036281825704194e+00
1.584937530033984210e+01
4.903634309866052199e+00
1.016097756009853637e+00
1.645564827668762886e+00
6.480717782298992091e+00
2.655123665778607034e+00
1.923088745085242834e+01
1.656655426229542538e+00
6.100012507614356139e+01
2.129206824850030100e-01
1.206075926585401303e+00
2.535675746880579062e+00
1.659564562000912291e+00
1.504780290482456984e+01
1.457444529847649939e+00
4.672884600656579401e+00
5.901704239005059804e+00
1.198478973361221112e+00
2.180748861568707841e+00
1.981341218586361563e+01
3.316269686265802097e+00
9.497283705360903383e+00
5.431394965703675304e-01
7.654313545640285987e+00
3.878264963771637319e+00
5.255238354083383356e+00
1.146742346181808436e+01
2.339681554013830933e+01
6.718487184441003457e+00
6.903733615758316233e+00
4.919864671855854965e+00
1.303647490992993774e+01
1.461113318039918507e+00
2.347313633811370437e+01
6.263292239101002856e+00
7.416396243632201735e-01
2.180495821545298529e+00
3.280398332653028159e+00
1.690859297117853188e+01
1.130802159085277658e+01
3.982258136153652117e+01
2.941046142710352029e+00
7.307942585350238218e+00
5.966362389226531171e+00
2.146902678694210209e+01
2.345826960618453860e+00
2.386033172348802633e+00
3.108029561314887346e+01
1.412302236198850425e+00
1.384177386070814286e+01
2.182567968299002015e+00
4.816087138882624963e+00
4.952498547352939262e+00
2.112291117832213416e+01
5.112591084007111597e+00
2.376929943436223880e+00
3.764005490707617252e+00
1.821875710920758173e+00
4.733726843811973950e+00
6.222551979483641915e+00
9.703629709696700578e-01
2.500902135150604888e+00
1.224842700235309723e+00
2.954645109247033830e+00
1.088413829696316171e+01
9.321595169890153798e+00
5.273949356600461158e+01
2.454837356569690154e+00
4.008988510273207240e+00
7.139042882280318914e+00
1.808713304103826358e+00
4.250868620971435696e+00
3.164573158753628235e+01
3.991309431336314884e+00
1.574757265098012482e+01
1.611174574810597449e+00
3.662854890559740895e+00
1.080228126821268653e+01
1.684412581693187638e+00
1.128677037839765873e+01
1.366185885211730344e+01
1.989735643722137626e+00
2.576445020259342744e+00
1.173051007899033671e+01
2.452697195956648457e+01
3.075194385949076903e+00
6.746465653237175841e-01
8.202063537731127951e+00
1.709322879319774202e+01
3.178688522553591689e+00
3.697435868407033421e+00
4.101862856435905869e+00
2.210376605876414491e+00
4.514390535192653431e+00
6.130054347509526380e+00
2.066165249870163922e+00
1.036149719731553676e+00
1.053593818843340024e+01
4.544681974993388884e+00
1.930405152367382193e+00
3.243380928003044339e+00
3.494990334152440425e+00
1.189983572591417094e+01
7.591192576553089655e-01
8.557535291156719737e+00
5.289904049497728522e+01
2.955300478563085065e+01
2.517268660401922276e+01
4.643297351121984384e+00
1.107406761506575243e+01
2.112225966322838211e+00
1.387046763396271531e+00
3.299739806028184397e+00
4.603819326503945319e+00
2.169630110027257253e+00
3.884303485500777953e+01
2.578168918590574954e+00
3.696112501354839264e+00
3.178657743123618928e+00
3.599466240680604390e+00
6.771990512176255805e+00
9.046477932597470684e+00
5.442803913703571972e+00
6.511256812097054869e+00
4.865144272445902196e+00
2.252394279376377817e+00
1.530535683073402486e+00
1.154626209781559432e+01
8.491980286358776553e+00
3.771488621480298509e+00
1.590108262493001856e+00
1.112337955236754539e+01
1.098587971958345788e+00
5.087749381558453798e+00
3.969004624370119139e+00
6.690036894701839287e+01
1.652121022777249149e+00
3.259606530890919895e+00
1.874426387479743550e+00
1.184348166583083950e+00
1.733366679875209426e+00
6.334126672613561437e-01
5.201223657008928747e+00
2.124131134385480735e+00
1.096762327464787523e+00
2.620294595194264886e+00
1.823263212128041877e+00
8.546138016158080219e+00
5.180874441555222809e+00
3.053268679842706224e+00
1.960088259263384591e+00
3.401291836993179274e+00
2.325498341233555699e+00
1.463762723772882746e+00
9.115106685605425252e-01
1.684737382483540769e+00
1.444626951824173222e+00
1.352589311777043335e+00
3.105352471227734945e+00
1.688351648281725792e+00
3.140403273892777403e+00
1.642833857240462381e+00
5.793053912155000873e+00
7.006525642300898138e-01
2.239421956596218344e+00
2.703069304700024933e+00
1.446475246598840947e+01
5.683798077676359028e+00
4.752038311879384302e+00
1.476344468484209971e+00
1.825705992085554508e+00
1.655651490572465745e+00
2.573579905204624207e+00
4.760157577081294278e+00
1.265826978434139605e+00
4.427227194055862292e+00
1.796802531866569552e+01
4.753263663897542735e+00
9.202466717470986213e-01
2.121820139138482109e+00
8.950538964728078639e-01
4.390452172943435372e+00
3.893766907025632218e+00
4.516630756290491711e+00
1.426971154479418136e+00
4.140665269266546211e+00
3.164731798964095066e+00
2.496600283303737289e+00
1.217305979729811805e+00
4.882947694930295235e-01
7.553099040088390836e+00
4.055308043322087386e+00
2.218403471400261395e+00
6.332935533299431263e+00
9.499806980376045429e-01
9.433692496517775083e+00
3.660901218526876888e-01
9.540650258371199399e+00
3.243029582888353524e+00
1.554065020339415515e+00
2.280907023091380381e+00
1.901993701025327166e+00
2.356917716392525453e+00
1.937302465108328375e+00
3.027637034333880983e+00
3.823835240076697506e+00
3.899595271419754816e+00
3.542158431240228111e+00
4.390897959064668399e+00
2.846143250664845414e+00
1.093545542339873444e+00
3.283132891728512526e+00
1.006834719622216490e+00
2.671318976012852620e+00
6.364655853653736983e+00
4.686555489064755164e+00
3.160914348436369536e+00
3.627798194228101791e-01
2.639656476701133059e+01
2.831658717173523243e+00
2.963799904587335732e+01
8.655307264128905942e+00
7.775218643645961381e-01
2.764348808016130832e+01
3.412242003977844274e+00
8.038727374120250291e-01
6.829028584584659711e+01
8.689446847422906961e-01
3.342186622096708248e+01
1.473725722603647448e+01
1.585366713355413903e+00
9.451229723271440619e+00
3.689222321746435940e-01
1.653593723588052455e+01
2.518748300968609577e+00
3.870541233959196692e+00
1.085488346166405993e+00
3.049529399256105666e-01
2.470761016335568661e-01
8.279045265634396245e+00
1.275001159969825881e+00
1.268879609341400094e+00
5.801452641113428177e-01
8.574612181673306566e+01
7.838200237158789996e-01
7.125217261025160731e-01
9.185511700593521622e-01
2.394322684534354551e+01
7.495664182485783922e-01
1.820855910371598085e+01
2.956922282398593005e+00
1.773327183408616836e+00
4.293675150227910797e-01
1.639580130314769457e+00
3.063122870995219849e+00
1.479519550314744869e+01
4.544687646554941551e+01
1.665828691521534344e+00
1.853502186854478095e+00
1.751166467051707798e+01
9.815897736024700393e+00
7.126299532826778638e-01
2.503603084121060363e+01
1.482533884429323878e+00
3.637058957009400473e+01
3.381545923222015748e-01
4.067907832597148499e-01
1.636801725097061455e+00
7.377260884590091106e-01
6.799621524439378106e+01
2.655701521881714822e+00
1.153059531898283252e+00
5.482587360597713655e+01
5.295350795376076292e+01
1.843717058854385860e+00
1.015736472027428450e+00
5.562680628826340623e+00
3.079453103753182930e+01
7.167319767478392833e-01
2.299791307557625952e+00
1.046205720597648048e+00
8.624200100901319388e+01
4.801330272014258327e+00
3.298809557215978572e+01
1.760274301008679032e+01
3.823434410901191960e-01
9.462357819127478198e-01
1.310405340899451332e+01
1.402435999260326138e+00
6.609363859486344950e+01
1.124089356611086110e+00
2.282277184249239088e+00
7.505454767887935930e+01
4.687906031108544092e+00
5.641862236054191904e+00
1.550067648893944572e+01
8.888603354842157955e+01
4.354740869228474054e+01
1.316082238422617845e+00
4.448531373224808760e+01
3.011494973230891548e-01
2.740050062420713139e+00
8.233351115150879806e-01
8.210669524035711930e-01
9.576091055218152182e-01
5.963552041313183727e-01
6.886003124252293439e-01
3.259138206230571910e+01
7.148934561927339359e+01
6.049936731713885241e-01
6.063113056064145523e-01
4.069002071510902852e+01
2.606550541919669062e+00
9.493791955992657350e+00
1.823370769364889910e+01
2.770733811802886137e+00
4.993002127660491674e+00
1.777316998055649577e+00
4.022626701921927506e+00
3.687402688470066359e+00
1.273743221207798193e+01
3.955641262292475346e+01
3.766560104796981889e+00
1.725811666390598305e+02
1.127670167589188921e+01
6.568320389069601362e+00
9.749974217726720127e+00
3.510634796254663126e+00
2.412707200532366869e+00
1.164984740111339345e+00
1.088808206898002950e+01
5.268117191022530399e+00
4.719068964654536735e+00
1.150024869396065519e+01
6.661089441495983365e+00
6.106028547662498696e+00
3.318704336666677079e+00
2.884139526415882671e+00
5.467124646404765365e+00
1.574913287911250670e+01
3.750227814865193521e-01
3.385532432118664836e+00
6.369143553186373374e+00
1.111652623862558897e+02
4.275147260817749206e+00
3.685690280967738097e+00
6.853724294904902870e+00
6.215166044194220252e-01
8.746268674888651162e+01
1.878247613665417370e+00
9.856382020316210912e+00
2.794115218254603406e+00
5.636650497082448252e-01
1.350183607089201665e+01
6.922626076378594284e+00
2.939448863479782403e+01
2.687694852434038051e+00
1.777281948030089431e+00
1.890227117456543704e+00
4.954062540866410735e-01
2.990296071472127615e+00
8.626459536319416088e+00
1.738589089035826651e+00
1.888743106114744830e+00
1.400793488818866450e+00
2.269460862586397099e+01
3.087395753045568458e+00
1.362929762919403061e+02
2.001819451554277762e+00
8.351696433230240757e+01
2.786124132050382229e+00
9.749983200532648553e+00
6.453055107875891849e+01
6.804285695921605814e+00
3.336317280115797534e-01
4.353837690431443974e+00
9.566881888560249791e+00
7.842227186068544409e-01
4.730152590729082895e+00
2.064295338511726641e+00
5.245814545602224932e+00
8.226902542838415044e+00
1.724842088565939013e+00
1.728375251277829650e+00
2.980217588617885838e+01
8.970915361004957234e+00
1.605010600579145130e+00
1.762492278939293611e+00
1.742444692560657771e+01
5.130356610921210425e+00
1.573735308313003456e+00
3.313944704644528727e+00
1.050319540317294242e+00
3.393367034235688084e+00
4.308078902892434670e+00
2.717779379537679785e-01
1.588879041236502365e+00
2.183412649251366844e+01
3.245164034225675564e+00
1.999530611269098257e+00
1.150648633509284480e+01
5.230635908302775050e+01
1.915483812429090271e+00
4.366678193142760733e+00
3.347137009382129946e+01
4.893794373944063913e+00
2.429608584460002874e+01
1.270289914486032856e+01
8.534640677589729885e-01
1.943989723623273713e+00
1.519865246022440886e+01
1.368712155858234025e+00
1.526159183794864482e+01
6.126987946736758950e+00
3.877260472530234203e+00
2.346640182007307374e+01
5.189708161881576132e+00
4.769231805456512774e+01
1.873853503964713507e+00
8.909506392501631566e-01
1.451552688809443659e+00
1.236443475408949721e+00
5.727204654336818379e+01
7.368115656030179039e+00
2.459261317040112527e+00
1.807721887929953919e+00
2.470908459731973394e+01
6.414039777458065750e+00
3.406617321214576499e+00
7.825698469605760765e-01
6.862640029102315076e+00
8.078081680085304583e+00
1.539579374612591867e+00
6.790634558790251241e+00
7.256280078324233607e+00
1.491705105934532405e+01
1.218378129937771703e+01
5.372925192794102145e+01
4.267838142819498692e+00
9.916274706233442870e+00
4.209859773550923556e+00
7.726845642221920940e+00
4.021542213885884287e+00
2.926944083634429372e+00
6.326914094368032870e+00
4.990544060259378689e+00
6.605027205334041085e+00
1.325569134616854328e+00
3.081886356399238913e+00
4.589028800470090630e+01
1.721911054247048867e+01
3.999354710431373583e+00
7.317890524840059419e-01
1.955371612063900599e+01
3.887756316644953358e+00
8.884492195144115811e-01
2.448704937511844548e+01
6.697986760115119509e+00
4.275833149436988556e+00
1.459773043530848113e+01
6.127863968962140717e+01
2.462555758592873190e+01
4.347352838370691330e+01
1.885084904920931725e+00
7.026696622570585138e-01
1.882781016328624712e+00
2.237558823808138531e+00
1.159499880384531112e+00
6.324370656588365947e+00
4.589558366453405824e+01
1.225054479759049908e+00
2.030827224364787043e+01
2.390258337303097225e+00
6.308221704863830048e+00
1.652906867428244553e+00
8.607475819773517500e+00
2.100398325630127072e+00
3.951444880298310980e-01
3.539410382328535576e+01
5.828782356412596677e+00
1.612061999317841909e+01
6.988720147928163540e-01
1.511128267288449933e+01
1.418449211738877835e+01
2.649739022381826015e+00
3.056767727964003090e+00
2.206667105786583960e+01
5.250172284948881440e+00
2.345665460222677634e+00
1.418924697173144445e+01
1.773832685544589616e+00
3.632657486146773085e+00
1.818208902688361661e+00
1.148246897895389829e+01
1.794138889387919633e+01
8.464263107882562309e+00
9.557547093323350840e-01
3.290648221301371734e+01
1.342652312004019688e+00
2.474296186105926942e+00
1.159888026045011244e+01
4.321249835216883106e+00
4.980627290307268140e+00
7.764749989631680727e+00
2.022067376241496461e+00
6.937583805046431351e+00
7.414357224074369590e+00
5.181562522715561059e+00
7.845918695030158929e+00
1.677902764132237268e+00
1.188167437048528186e+01
2.943445674574955984e+00
1.059380630721727057e+00
5.856955816059868702e+00
1.848787080729004728e+01
2.940676578625821236e+01
5.868541021021969062e-01
2.624586463361125510e+01
2.604752947911318373e+01
2.651725073201649518e+00
8.619842935657116456e+00
1.470300096876386498e+01
9.087263627393463494e+00
7.742049982565217814e-01
2.503952442102085119e+00
4.308344752961490443e+00
1.298898670861214910e+01
1.632624258584802135e+01
1.342480601649306049e+00
7.297255212958268622e+00
4.978866830553226874e-01
7.324132699062182006e+00
5.834625682781499734e+00
1.218020805033403420e+01
8.535716675230354156e+00
2.401023339870419449e+01
3.334270708394766469e+00
2.379690736030090736e+00
2.623077110917680699e+00
5.740343957567297650e+00
1.520731869039510631e+00
1.758808202927798447e+01
1.717044053518475444e+00
6.091617564199614421e+00
5.898423127301180457e+00
4.021297249191932366e+01
4.639515156016091879e+00
3.314215864700794878e+00
6.189543354623710414e+00
2.319599054641366287e+00
8.489334592844496541e+00
6.406848935873146189e+00
8.685041642198202405e-01
9.915525280175776501e+00
1.831697218010603478e+01
1.469743465186596687e+01
2.612762531277065037e+00
3.453011796769761332e+00
8.069854879058381059e+00
5.571308604759452443e+00
4.460365562874376799e+00
2.515806497625807658e+00
2.231287035138650676e+00
2.966680679405913068e+00
1.459442829490722993e+01
3.889830090787937422e+01
2.044242533210468693e+01
1.628184501909235138e+01
2.161972088638765666e+00
1.178402328390282250e+01
5.023273271351391678e+00
1.383595062274507015e+01
5.608377578241272587e+00
2.188650800115300221e+00
2.564413280340486878e+00
6.063457836935939760e+00
3.038455169914020981e+00
2.481210444973267482e+00
1.344834300419989326e+01
1.180771248732078282e+00
8.282263599721529701e+00
8.541933783500541111e+00
7.831143222428013750e+00
3.258817284984713325e+01
3.119027327005942318e+00
6.829102206187713797e-01
4.694590175609099525e+00
2.650638224696256540e+00
1.034950166882084233e+01
1.088761115374307842e+01
3.886048866536021507e+01
1.501853172772204381e+01
9.091972084570476564e-01
5.328354107459878364e+00
7.916208272091027176e+00
8.037796285742778934e+01
2.827954173269232374e+00
3.950758816317175359e+01
7.455407021717966209e+00
4.310703050606862874e+00
5.889405636040542191e+01
4.281555935665122803e+01
1.554411277012268444e+00
5.391078373323899342e+01
1.415001138899099331e+01
1.148628522199400415e+01
7.358778249516976899e+00
2.765470436945074439e+01
3.829702121590777164e+00
3.996289166903632228e+00
4.363521212446691777e+00
3.466456660005856349e+01
5.769112036728341053e+00
5.169971015664421188e+00
2.218489801772211223e+00
2.975470158478400506e+01
3.677008677361670586e+00
5.996847449273454700e+00
1.243589710732934561e+00
7.221543178137078023e+00
8.771459966076378123e+00
8.887773961821523017e+00
1.543134156590623363e+01
1.267448140141875790e+00
9.560867859942527858e+00
2.436218303055471068e+01
5.007245751654125776e+00
3.659577983182225047e+00
7.201244664611598623e+00
1.110860326056180014e+01
5.898973322596880564e+00
7.753628238151840435e+00
5.207569155368617864e+00
2.311656382947270316e+01
4.635342792214051322e+00
8.016302556905163357e+00
1.121561599382894414e+01
6.439435302217626500e+00
1.891121180751488495e+01
2.176823754340141193e+00
2.008742256595411391e+00
4.121239306215819020e+00
7.616863633417074730e+00
6.686996789071740110e+00
7.626905905402953323e+00
7.592578664726160831e+00
8.715605945743733685e+01
5.921975148476895434e+00
5.752538448460227549e+00
6.548452866038071640e+00
5.562081000833121180e+00
5.510241092016816999e+00
9.134776281158650590e+00
4.950511364793126035e+00
1.645198835212596933e+01
6.805906430028481680e+01
1.166395318828136851e+00
3.242727919349529309e+00
9.099312398040162009e+00
9.379176807915570180e+00
3.999036047568799823e+00
3.355111917939718413e+00
1.040029188564875184e+01
1.983439762217376057e+00
3.863095512465528181e+00
2.251177957369646876e+01
1.464123420296101763e+00
1.997418335544393742e+00
6.294134093371146932e+00
4.381981209268982269e+00
1.992827706166147239e+00
3.193398548583655483e+01
9.486074765906796102e+00
5.568431866307971490e+00
4.133614357942745343e+00
3.317540137821945567e+00
6.034537970800245787e+00
6.365102594468774910e+00
2.103371590700069405e+00
1.005531159393007457e+01
2.166608551724811260e+00
1.256645014996925980e+01
3.719720309435460504e+00
3.340531870521994406e+00
1.730004164718727200e+00
1.730600472270087176e+00
2.073624866889382634e+00
4.604257073310951576e+00
1.495213348493285466e+01
2.230719246110830056e+00
4.060054045351225938e+00
8.741421967223059752e+00
5.194778214647099546e+00
1.629703252909819255e+01
4.352945058626223052e+00
4.080239361472170856e+01
3.406929251360207189e+00
3.344922217594876912e+01
2.998141082752589170e+00
5.861920496525403479e+00
2.878491311677420672e+00
8.555007075384288839e+00
1.296028751853258498e+00
9.216935079797492492e-01
9.857827281521201357e+00
7.528984353624744941e+00
4.082662291324013815e+00
6.132552907351466409e+00
4.452205491961276351e+00
6.999542806810381990e+00
2.177736430980296944e+01
6.282710627492209099e+00
1.433222720532782768e+00
4.799829852767312843e+01
1.450606089815672073e+00
2.745415307539748717e+00
1.093011367562365876e+01
2.197832581112373784e+00
2.773052403344666850e+00
5.023615398416635180e+00
9.122080064872633898e+00
2.586319268477001110e+00
2.372226806474332861e+01
9.469063305974577460e+00
1.929398393694294889e+00
7.240140336368888541e+00
3.245347113036950670e+00
2.047625062247883321e+01
6.925072947175410221e+00
6.899609981798510816e+00
5.078610290419155682e+00
2.540459315340275026e+00
4.127249934195533321e+00
5.138108485157626859e+00
1.850102717099915806e+00
6.379125441233276916e+01
5.999024117354072594e-01
3.196078730946807411e+01
1.302432874405614527e+01
5.218239138191554716e+00
2.929158457849738539e+01
7.142832923660659361e+00
4.429268890735537312e+00
1.070906603737259921e+01
4.347838030672967591e+00
4.022624928236332664e+01
5.000160908472405019e+00
1.139573645341256602e+00
3.371529299714491401e+01
2.721905812355280396e+00
2.128624332237667360e+01
7.299335392962235103e-01
1.511692560024248344e+00
1.143284174907278583e+01
5.303337332608082377e+00
3.424383577085320596e+00
5.150093355753313951e+00
9.782187625241371975e-01
3.188749227406997733e+00
1.670807509558252590e+01
4.462934544122632907e+00
7.733903211292230573e+00
9.225662834795594236e+00
1.315014136045234761e+00
7.456355092196639944e+00
2.166816550213348069e+00
1.998727363657998302e+00
1.373288731035972532e+01
2.376108963658392970e+00
8.371228731024780600e+00
9.691876173374931014e+00
1.392526260918442560e+00
1.130360560967074690e+01
1.092216472231071300e+01
3.543732685795383919e+00
1.293652414284928476e+01
1.523133032540778764e+01
8.796927202368754806e+00
9.467452296162356618e+00
1.063888712324776620e+01
1.213048078320933643e+00
2.622699089014145724e+00
9.713224695941367060e+00
2.094889624711588905e+00
4.258099417078645033e+00
8.638193454760735079e+00
1.171304716571938975e+01
1.547221978450313395e+00
4.480613036065194166e+01
2.864482589167064663e+00
1.257045616417316936e+01
5.921520136496636333e+00
5.495005490873563936e+00
1.351724060107616143e+00
7.634393749137278462e+01
1.030529833700496001e+00
3.020239303433675637e+00
3.518557571859572963e+00
7.945647020623117562e+00
2.670698642927035404e+00
3.163484746555957905e+00
3.574159884596535441e+00
4.918304800729439208e+00
7.592876218482291772e-01
2.576412886534210855e+00
1.103530798129970236e+01
1.764894607566568041e+01
1.385014614357367080e+01
2.042828824502474916e+01
3.493294133442681471e+00
7.604514148298544285e+01
2.912498417205837686e+00
7.234475644525014459e+00
4.833361519996557831e+00
2.491311747970658885e+01
4.279974239272429593e+00
2.522876839301563479e+01
1.208895635732324170e+00
1.223810753704742016e+00
3.183970976980522671e+00
3.332556143564172069e-01
1.826581431095386732e+00
2.461595598927918349e+00
2.986449229589062115e-01
3.911883753256844898e+01
5.005864675204371395e+00
6.348643318234350463e-01
9.734350163257671440e+00
1.795899271528884400e+00
1.881755351082937366e+01
4.095695358130869934e+00
1.134770070759862826e+01
1.360375999647142065e+00
4.796849613732629969e+00
5.807927666820686952e+00
3.825202494176751067e+00
9.418874890714922232e-01
1.870777244672800599e+00
2.834884146329423871e+00
4.797955307107841350e+00
6.870380933667406431e+00
1.288688712848578000e+01
1.058228523042769265e+00
8.058879049460896837e+00
8.112969188710991375e+00
3.948826086323747653e+00
2.037040789255704709e+01
5.188692401147422473e+00
9.422038463978582579e-01
3.163957812498124356e-01
2.198576866202340607e+00
5.285301098796796104e+00
8.838013926213471594e-01
3.539432382384229747e+00
6.531252836782955207e+00
1.732207846918479621e+00
4.093528313313732347e+00
2.971824168944086519e+00
1.583032361376173203e+00
2.081912700697548413e+00
5.597875470488201444e+00
2.273148673985963875e+00
9.322683484031603740e+00
6.507457551810201801e-01
1.726884988655525310e+00
2.667418613644757741e+00
3.713542804993619217e+00
2.665450892389444437e+00
2.031006492420606602e+00
1.444863344853472231e+00
2.324355025082339310e+01
1.757921528635439401e+01
5.625114377161472667e+00
5.743648765940435830e+00
7.182138298730521342e+00
9.021651284983174257e-01
1.173752465345445728e+01
5.615889660156354601e+00
6.750860685575098552e-01
9.896409786005495590e+00
2.055559595266923445e+00
3.693808215168940645e+00
3.886641148576261529e+00
3.216896752173759033e+00
1.538746218576052094e+01
7.823469327936299900e-01
4.350462888695587615e+00
1.413032435755145322e+01
2.822233145152886480e-01
1.325370820092563662e+01
1.517938877090459160e+00
2.178373505878188343e+00
5.069298048712301608e+00
5.914102064575684770e-01
4.610491904857721757e+00
1.564172082361558580e+00
8.569378048819183746e+00
1.156495212254612959e+01
8.216259906942300351e-01
6.924349164077233887e+00
6.421133110787544673e+00
1.108942030111129995e+01
1.637070678020679182e+00
6.243834688437558178e+00
9.289560398272755926e-01
5.766912617785632911e+00
5.731249410167248648e+00
1.150156776326620722e+00
4.432116563440562373e+00
2.114420864404281275e+01
4.383450581504332533e+00
3.302556208499009216e+00
1.716423465822305428e+00
4.746895926010716948e+01
2.284608775639207057e+00
